Diag 01 Principal    (cod)|Diag 02 Secundario    (cod)|Diag 03 Secundario    (cod)|Diag 04 Secundario    (cod)|Diag 05 Secundario    (cod)|Diag 06 Secundario    (cod)|Diag 07 Secundario    (cod)|Diag 08 Secundario    (cod)|Diag 09 Secundario    (cod)|Diag 10 Secundario    (cod)|Diag 11 Secundario    (cod)|Diag 12 Secundario    (cod)|Diag 13 Secundario    (cod)|Diag 14 Secundario    (cod)|Diag 14 Secundario    (cod)_1|Diag 15 Secundario    (cod)|Diag 16 Secundario    (cod)|Diag 17 Secundario    (cod)|Diag 18 Secundario    (cod)|Diag 19 Secundario    (cod)|Diag 20 Secundario    (cod)|DIAG PSQ
R78.81: Bacteriemia|B96.20: Escherichia coli [E. coli] no especificado como causa de enfermedades clasificadas bajo otro concepto|C25.9: Neoplasia maligna de páncreas, no especificada|C78.7: Neoplasia maligna secundaria de hígado y vías biliares intrahepáticas|Z74.3: Necesidad de supervisión continua|||||||||||||||||F25
F70: Discapacidad intelectual leve|F25.9: Trastorno esquizoafectivo, no especificado||||||||||||||||||||F20
|Z98.84: Estado de cirugía bariátrica||||||||||||||||||||F22
|E78.5: Hiperlipidemia, no especificada|Z90.49: Ausencia adquirida de otras partes especificadas del tracto digestivo|Z88.8: Estado de alergia a otros fármacos, medicamentos y sustancias biológicas||||||||||||||||||F22
J10.00: Gripe debida a otros tipos de virus de la gripe identificados con neumonía de tipo no especificada|J96.92: Insuficiencia respiratoria no especificada, con hipercapnia|D50.9: Anemia ferropénica, no especificada|E66.2: Obesidad mórbida (severa) con hipoventilación alveolar|Z68.39: Índice de masa corporal [IMC] 39.0-39.9, adulto|D56.9: Talasemia, no especificada|I10: Hipertensión esencial (primaria)|E78.5: Hiperlipidemia, no especificada||Z95.2: Presencia de válvula cardiaca protésica|Z79.01: Uso prolongado (actual) de anticoagulantes|||||||||||F20
J98.8: Otros trastornos respiratorios especificados|I50.9: Insuficiencia cardiaca, no especificada|J34.89: Otras enfermedades especificadas de la nariz y de los senos nasales|L30.9: Dermatitis, no especificada|L29.9: Prurito, no especificado|T50.8X5A: Efecto adverso de agentes para diagnóstico, contacto inicial|D50.9: Anemia ferropénica, no especificada|E66.2: Obesidad mórbida (severa) con hipoventilación alveolar|I11.0: Enfermedad cardíaca hipertensiva con insuficiencia cardiaca||Z95.2: Presencia de válvula cardiaca protésica|Z79.01: Uso prolongado (actual) de anticoagulantes|Z91.09: Otro tipo de estado de alergia, distinta a fármacos, medicamentos y sustancias biológicas|||||||||F20
I11.0: Enfermedad cardíaca hipertensiva con insuficiencia cardiaca|I50.9: Insuficiencia cardiaca, no especificada|E87.2: Acidosis|J96.12: Insuficiencia respiratoria crónica con hipercapnia|J45.909: Asma no especificada, sin complicaciones|D50.9: Anemia ferropénica, no especificada|E66.2: Obesidad mórbida (severa) con hipoventilación alveolar||Z95.2: Presencia de válvula cardiaca protésica|Z79.01: Uso prolongado (actual) de anticoagulantes|Z91.09: Otro tipo de estado de alergia, distinta a fármacos, medicamentos y sustancias biológicas|L50.9: Urticaria, no especificada||||||||||F20
I11.0: Enfermedad cardíaca hipertensiva con insuficiencia cardiaca|I50.9: Insuficiencia cardiaca, no especificada|J96.01: Insuficiencia respiratoria aguda con hipoxia|J96.02: Insuficiencia respiratoria aguda con hipercapnia|J45.909: Asma no especificada, sin complicaciones|E66.2: Obesidad mórbida (severa) con hipoventilación alveolar||Z95.2: Presencia de válvula cardiaca protésica|Z79.01: Uso prolongado (actual) de anticoagulantes|D50.9: Anemia ferropénica, no especificada|L50.9: Urticaria, no especificada|||||||||||F20
I11.0: Enfermedad cardíaca hipertensiva con insuficiencia cardiaca|I50.9: Insuficiencia cardiaca, no especificada|J96.10: Insuficiencia respiratoria crónica no especificada si con hipoxia o con hipercapnia|D50.9: Anemia ferropénica, no especificada|J45.909: Asma no especificada, sin complicaciones|E66.2: Obesidad mórbida (severa) con hipoventilación alveolar||Z95.2: Presencia de válvula cardiaca protésica|Z79.01: Uso prolongado (actual) de anticoagulantes|||||||||||||F20
J98.8: Otros trastornos respiratorios especificados|J98.09: Otras enfermedades de los bronquios, no clasificables bajo otro concepto|J96.22: Insuficiencia respiratoria aguda y crónica con hipercapnia|J45.909: Asma no especificada, sin complicaciones|E66.2: Obesidad mórbida (severa) con hipoventilación alveolar|I10: Hipertensión esencial (primaria)||I27.2: Otra hipertensión pulmonar secundaria|I08.1: Trastornos reumáticos tanto de la válvula mitral como de la tricúspide|Z95.2: Presencia de válvula cardiaca protésica|Z79.01: Uso prolongado (actual) de anticoagulantes|Z79.51: Uso prolongado (actual) de esteroides inhalados||||||||||F20
I11.0: Enfermedad cardíaca hipertensiva con insuficiencia cardiaca|I50.30: Insuficiencia cardiaca diastólica (congestiva), no especificada|J96.12: Insuficiencia respiratoria crónica con hipercapnia|S00.83XA: Contusión de otra parte de la cabeza, contacto inicial|X58.XXXA: Exposición a otros factores especificados, contacto inicial|I25.9: Enfermedad isquémica crónica cardiaca, no especificada|I07.1: Insuficiencia tricuspídea reumática|I27.2: Otra hipertensión pulmonar secundaria|E66.2: Obesidad mórbida (severa) con hipoventilación alveolar|J45.909: Asma no especificada, sin complicaciones|J30.1: Rinitis alérgica debida a polen||Z79.01: Uso prolongado (actual) de anticoagulantes|Z99.81: Dependencia de oxígeno suplementario|Z99.81: Dependencia de oxígeno suplementario|Z99.89: Dependencia de otras máquinas y dispositivos de apoyo|Z95.2: Presencia de válvula cardiaca protésica|||||F20
I50.9: Insuficiencia cardiaca, no especificada|I11.0: Enfermedad cardíaca hipertensiva con insuficiencia cardiaca|Z95.2: Presencia de válvula cardiaca protésica|Z79.01: Uso prolongado (actual) de anticoagulantes|E66.9: Obesidad, no especificada|J45.909: Asma no especificada, sin complicaciones||||||||||||||||F20
J96.92: Insuficiencia respiratoria no especificada, con hipercapnia|D50.9: Anemia ferropénica, no especificada|R40.0: Somnolencia|I50.30: Insuficiencia cardiaca diastólica (congestiva), no especificada|E11.9: Diabetes mellitus tipo 2 sin complicaciones|J44.9: Enfermedad pulmonar obstructiva crónica, no especificada|G47.33: Apnea obstructiva del sueño (del adulto) (pediátrica)|Z99.89: Dependencia de otras máquinas y dispositivos de apoyo|K44.9: Hernia diafragmática sin obstrucción ni gangrena|K64.9: Hemorroides no especificadas||F60.89: Otros tipos de trastornos específicos de personalidad|I11.0: Enfermedad cardíaca hipertensiva con insuficiencia cardiaca|Z95.2: Presencia de válvula cardiaca protésica|Z95.2: Presencia de válvula cardiaca protésica|||||||F29
|Z60.2: Problemas relacionados con vivir solo|Z91.19: Incumplimiento del paciente con otro tratamiento y régimen médico|||||||||||||||||||F25
|I10: Hipertensión esencial (primaria)||||||||||||||||||||F20
|I10: Hipertensión esencial (primaria)|Z91.018: Alergia a otros alimentos|S52.509A: Fractura no especificada de extremo inferior de radio no especificado, contacto inicial por fractura cerrada|W19.XXXA: Caída no especificada, contacto inicial|Y92.199: Lugar no especificado en otra institución residencial especificada como lugar del acontecimiento de la causa externa||||||||||||||||F20
|Z91.19: Incumplimiento del paciente con otro tratamiento y régimen médico|Z04.6: Contacto para reconocimiento médico psiquiátrico general, solicitado por la autoridad|||||||||||||||||||F22
D05.12: Carcinoma intraductal in situ de mama izquierda||F17.210: Dependencia de nicotina, cigarrillos, sin complicaciones|Z80.3: Historia familiar de neoplasia maligna de mama||||||||||||||||||F22
|F45.0: Trastorno de somatización|F34.1: Trastorno distímico|||||||||||||||||||F22
|G31.83: Trastorno neurocognitivo por cuerpos de Lewy|F02.81: Demencia en otras enfermedades clasificadas bajo otro concepto, gravedad no especificada, con alteración del comportamiento|F05: Delirio debido a afección fisiológica conocida|I67.89: Otra enfermedad cerebrovascular|N39.0: Infección de tracto urinario, localización no especificada|I10: Hipertensión esencial (primaria)|E11.9: Diabetes mellitus tipo 2 sin complicaciones|Z79.84: Uso prolongado (actual) de medicamentos hipoglucemiantes orales|Z86.73: Historia personal de ataque isquémico transitorio (AIT) e infarto cerebral sin déficits residuales|Z87.891: Historia personal de dependencia a nicotina|||||||||||F20
|G31.83: Trastorno neurocognitivo por cuerpos de Lewy|F02.81: Demencia en otras enfermedades clasificadas bajo otro concepto, gravedad no especificada, con alteración del comportamiento|I67.89: Otra enfermedad cerebrovascular|I10: Hipertensión esencial (primaria)|E11.9: Diabetes mellitus tipo 2 sin complicaciones|Z86.73: Historia personal de ataque isquémico transitorio (AIT) e infarto cerebral sin déficits residuales|Z59.3: Problemas relacionados con la vida en una institución residencial||||||||||||||F20
K26.5: Úlcera duodenal crónica o no especificada con perforación|G93.1: Lesión cerebral anóxica, no clasificada bajo otro concepto|A41.9: Sepsis, microorganismo no especificado|K65.9: Peritonitis, no especificada|R65.21: Sepsis grave con shock séptico|K04.7: Absceso periapical sin sinus|T80.29XA: Infección después de otra perfusión, transfusión e inyección terapéutica, contacto inicial|B95.7: Otros estafilococos como causa de enfermedades clasificadas bajo otro concepto|Y84.8: Otros procedimientos médicos como causa de reacción anormal del paciente o de complicación posterior, sin mención de evento adverso en el momento del procedimiento|N39.0: Infección de tracto urinario, localización no especificada|N32.89: Otros trastornos especificados de vejiga|H44.009: Endoftalmitis purulenta no especificada, ojo no especificado||||||||||F20
|F32.9: Trastorno depresivo mayor, episodio único, no especificado|I10: Hipertensión esencial (primaria)|Z04.6: Contacto para reconocimiento médico psiquiátrico general, solicitado por la autoridad||||||||||||||||||F22
|Z91.19: Incumplimiento del paciente con otro tratamiento y régimen médico||||||||||||||||||||F20
|E22.1: Hiperprolactinemia||||||||||||||||||||F29
J98.11: Atelectasia|J96.00: Insuficiencia respiratoria aguda no especificada si con hipoxia o con hipercapnia||F17.210: Dependencia de nicotina, cigarrillos, sin complicaciones|F10.20: Dependencia de alcohol, sin complicaciones|||||||||||||||||F20
|I10: Hipertensión esencial (primaria)|Z04.6: Contacto para reconocimiento médico psiquiátrico general, solicitado por la autoridad|Z81.8: Historia familiar de otros trastornos mentales y del comportamiento||||||||||||||||||F22
|F11.21: Dependencia de opiáceos, en remisión|Z63.5: Ruptura familiar por separación y divorcio|||||||||||||||||||F29
F10.239: Dependencia de alcohol con abstinencia, no especificada|||||||||||||||||||||F29
|F60.9: Trastorno de personalidad, no especificado|Z91.19: Incumplimiento del paciente con otro tratamiento y régimen médico|Z04.6: Contacto para reconocimiento médico psiquiátrico general, solicitado por la autoridad||||||||||||||||||F29
S82.301A: Fractura no especificada de extremo inferior de tibia derecha, contacto inicial por fractura cerrada|S82.831A: Otra fractura de extremos superior e inferior de peroné derecho, contacto inicial por fractura cerrada||W18.30XA: Caída en el mismo nivel, no especificada, contacto inicial||||||||||||||||||F20
|F60.9: Trastorno de personalidad, no especificado||||||||||||||||||||F29
R40.20: Coma no especificado|E40: Kwashiorkor|I46.9: Paro cardiaco, causa no especificada|G93.1: Lesión cerebral anóxica, no clasificada bajo otro concepto||E11.9: Diabetes mellitus tipo 2 sin complicaciones||||||||||||||||F20
|F07.9: Trastorno de personalidad y del comportamiento no especificado debidos a afección fisiológica conocida|F12.21: Dependencia de cannabis, en remisión|Z97.5: Presencia de dispositivo anticonceptivo (intrauterino)||||||||||||||||||F22
|K40.90: Hernia inguinal unilateral, sin obstrucción ni gangrena, no especificada como recidivada|F12.21: Dependencia de cannabis, en remisión|F11.21: Dependencia de opiáceos, en remisión|Z85.05: Historia personal de neoplasia maligna de hígado|||||||||||||||||F20
|F60.1: Trastorno esquizoide de personalidad||||||||||||||||||||F20
T17.908A: Cuerpo extraño no especificado en vías respiratorias, parte no especificada, que produce otras lesiones, contacto inicial|J96.90: Insuficiencia respiratoria no especificada, sin especificar si con hipoxia o con hipercapnia||K92.1: Melena||||||||||||||||||F22
E11.65: Diabetes mellitus tipo 2 con hiperglucemia|Z91.19: Incumplimiento del paciente con otro tratamiento y régimen médico|R56.9: Convulsiones no especificadas|E88.9: Trastorno metabólico, no especificado|E78.5: Hiperlipidemia, no especificada|E11.21: Diabetes mellitus tipo 2 con nefropatía diabética|J45.909: Asma no especificada, sin complicaciones||Z88.0: Estado de alergia a penicilina|Z88.1: Estado de alergia a otros antibióticos|Z88.8: Estado de alergia a otros fármacos, medicamentos y sustancias biológicas|||||||||||F20
|F14.10: Abuso de cocaína, sin complicaciones|F12.10: Abuso de cannabis, sin complicaciones|F11.10: Abuso de opiáceos, sin complicaciones|F60.89: Otros tipos de trastornos específicos de personalidad|Z88.6: Estado de alergia a analgésico|B19.20: Hepatitis vírica C no especificada, sin coma hepático|||||||||||||||F25
|F60.89: Otros tipos de trastornos específicos de personalidad|B18.1: Hepatitis vírica crónica tipo B, sin agente delta|F14.20: Dependencia de cocaína, sin complicaciones|F12.20: Dependencia de cannabis, sin complicaciones|F11.10: Abuso de opiáceos, sin complicaciones|Z88.6: Estado de alergia a analgésico|||||||||||||||F25
J98.01: Broncoespasmo agudo|E78.5: Hiperlipidemia, no especificada|I35.8: Otros trastornos de válvula aórtica no reumáticos||F03.90: Demencia no especificada, gravedad no especificada, sin alteración del comportamiento, alteración psicótica, alteración del estado de ánimo ni ansiedad|||||||||||||||||F29
|R60.1: Edema generalizado|R41.0: Desorientación, no especificada|E87.1: Hiposmolaridad e hiponatremia|T42.1X5A: Efecto adverso de iminostilbenos, contacto inicial|G21.19: Parkinsonismo secundario inducido por otros fármacos|T43.595A: Efecto adverso de otros antipsicóticos y neurolépticos, contacto inicial|||||||||||||||F25
|Z81.8: Historia familiar de otros trastornos mentales y del comportamiento||||||||||||||||||||F29
|Z88.2: Estado de alergia a sulfonamidas||||||||||||||||||||F20
|F14.151: Abuso de cocaína con trastorno psicótico, inducido por cocaína con alucinaciones|F12.10: Abuso de cannabis, sin complicaciones|Z88.1: Estado de alergia a otros antibióticos||||||||||||||||||F20
I16.9: Crisis hipertensiva, no especificada|I10: Hipertensión esencial (primaria)|S20.20XA: Contusión de tórax, no especificada, contacto inicial|X58.XXXA: Exposición a otros factores especificados, contacto inicial|G47.33: Apnea obstructiva del sueño (del adulto) (pediátrica)|J44.9: Enfermedad pulmonar obstructiva crónica, no especificada|F17.210: Dependencia de nicotina, cigarrillos, sin complicaciones|E66.9: Obesidad, no especificada||||||||||||||F25
J44.0: Enfermedad pulmonar obstructiva crónica con infección (aguda) de las vías respiratorias inferiores|I10: Hipertensión esencial (primaria)|G47.33: Apnea obstructiva del sueño (del adulto) (pediátrica)|F17.210: Dependencia de nicotina, cigarrillos, sin complicaciones|E66.9: Obesidad, no especificada|||||||||||||||||F25
C88.4: Linfoma de células B extraganglionar de zona marginal de tejido linfoide asociado a mucosas [linfoma MALT]|Z92.21: Historia personal de quimioterapia antineoplásica|G93.5: Compresión del cerebro|R56.9: Convulsiones no especificadas|E87.70: Sobrecarga de líquidos, no especificada||T38.0X5A: Efecto adverso de glucocorticoides y análogos sintéticos, contacto inicial|E41: Marasmo nutricional||||||||||||||F23
K35.3: Apendicitis aguda con peritonitis localizada||F32.9: Trastorno depresivo mayor, episodio único, no especificado|F10.20: Dependencia de alcohol, sin complicaciones||||||||||||||||||F20
|R45.851: Ideaciones suicidas||||||||||||||||||||F20
|Z72.0: Consumo de tabaco|Z04.6: Contacto para reconocimiento médico psiquiátrico general, solicitado por la autoridad|||||||||||||||||||F25
|F71: Discapacidad intelectual moderada||||||||||||||||||||F25
|Z81.8: Historia familiar de otros trastornos mentales y del comportamiento|Z04.6: Contacto para reconocimiento médico psiquiátrico general, solicitado por la autoridad|||||||||||||||||||F23
|D35.2: Neoplasia benigna de hipófisis|H40.9: Glaucoma no especificado|Z81.8: Historia familiar de otros trastornos mentales y del comportamiento||||||||||||||||||F29
|H40.9: Glaucoma no especificado|Z81.8: Historia familiar de otros trastornos mentales y del comportamiento|||||||||||||||||||F25
H40.9: Glaucoma no especificado|||||||||||||||||||||F25
K22.6: Síndrome de desgarro-hemorragia gastroesofágico|K20.9: Esofagitis, no especificada||||||||||||||||||||F20
K80.00: Cálculo de vesícula biliar con colecistitis aguda sin obstrucción|J96.01: Insuficiencia respiratoria aguda con hipoxia|J96.02: Insuficiencia respiratoria aguda con hipercapnia|T50.905A: Efecto adverso de fármacos, medicamentos y sustancias biológicas no especificados, contacto inicial|J20.9: Bronquitis aguda, no especificada|||||||||||||||||F20
J96.22: Insuficiencia respiratoria aguda y crónica con hipercapnia|T43.505A: Efecto adverso de antipsicóticos y neurolépticos no especificados, contacto inicial|E66.9: Obesidad, no especificada|J20.9: Bronquitis aguda, no especificada||E78.00: Hipercolesterolemia pura, no especificada|I69.398: Otras secuelas de infarto cerebral|H49.9: Estrabismo paralítico no especificado|G47.10: Hipersomnia, no especificada|F17.210: Dependencia de nicotina, cigarrillos, sin complicaciones|F10.21: Dependencia de alcohol, en remisión|Z79.82: Uso prolongado (actual) de aspirina||||||||||F20
|N17.9: Fallo renal agudo, no especificado|I12.9: Enfermedad renal crónica hipertensiva con enfermedad renal crónica en estadio 1 a 4 o con enfermedad renal crónica no especificada|N18.9: Enfermedad renal crónica, no especificada|F17.210: Dependencia de nicotina, cigarrillos, sin complicaciones|Z90.49: Ausencia adquirida de otras partes especificadas del tracto digestivo||||||||||||||||F20
T43.502A: Envenenamiento por antipsicóticos y neurolépticos no especificados, autolesión intencionada, contacto inicial||Z60.2: Problemas relacionados con vivir solo|Z04.6: Contacto para reconocimiento médico psiquiátrico general, solicitado por la autoridad|Z91.19: Incumplimiento del paciente con otro tratamiento y régimen médico|Z72.0: Consumo de tabaco||||||||||||||||F20
J44.0: Enfermedad pulmonar obstructiva crónica con infección (aguda) de las vías respiratorias inferiores|J98.8: Otros trastornos respiratorios especificados|J44.1: Enfermedad pulmonar obstructiva crónica con exacerbación (aguda)|J96.20: Insuficiencia respiratoria aguda y crónica no especificada si con hipoxia o con hipercapnia|F17.210: Dependencia de nicotina, cigarrillos, sin complicaciones||Z99.81: Dependencia de oxígeno suplementario|||||||||||||||F20
J44.1: Enfermedad pulmonar obstructiva crónica con exacerbación (aguda)|J96.22: Insuficiencia respiratoria aguda y crónica con hipercapnia||F17.210: Dependencia de nicotina, cigarrillos, sin complicaciones|Z99.81: Dependencia de oxígeno suplementario|||||||||||||||||F20
|J44.9: Enfermedad pulmonar obstructiva crónica, no especificada|J96.11: Insuficiencia respiratoria crónica con hipoxia|Z99.81: Dependencia de oxígeno suplementario|Z04.6: Contacto para reconocimiento médico psiquiátrico general, solicitado por la autoridad|Z72.0: Consumo de tabaco||||||||||||||||F25
J98.8: Otros trastornos respiratorios especificados|E87.2: Acidosis|R40.20: Coma no especificado|T50.905A: Efecto adverso de fármacos, medicamentos y sustancias biológicas no especificados, contacto inicial|J44.9: Enfermedad pulmonar obstructiva crónica, no especificada|J45.909: Asma no especificada, sin complicaciones||Z79.52: Uso prolongado (actual) de esteroides sistémicos|Z90.710: Ausencia adquirida de ambos, de cuello uterino y de útero|F17.210: Dependencia de nicotina, cigarrillos, sin complicaciones||||||||||||F25
J18.9: Neumonía, microorganismo no especificado|Y95: Afección nosocomial|J96.91: Insuficiencia respiratoria no especificada, con hipoxia|J96.92: Insuficiencia respiratoria no especificada, con hipercapnia|J44.0: Enfermedad pulmonar obstructiva crónica con infección (aguda) de las vías respiratorias inferiores||Z99.81: Dependencia de oxígeno suplementario|F17.210: Dependencia de nicotina, cigarrillos, sin complicaciones|Z79.51: Uso prolongado (actual) de esteroides inhalados|||||||||||||F20
|F10.10: Abuso de alcohol, sin complicaciones|I10: Hipertensión esencial (primaria)|E78.5: Hiperlipidemia, no especificada||||||||||||||||||F25
S92.002A: Fractura no especificada de calcáneo izquierdo, contacto inicial por fractura cerrada|S92.341A: Fractura desplazada de cuarto metatarsiano del pie derecho, contacto inicial por fractura cerrada|W19.XXXA: Caída no especificada, contacto inicial||F17.210: Dependencia de nicotina, cigarrillos, sin complicaciones|||||||||||||||||F20
S92.002A: Fractura no especificada de calcáneo izquierdo, contacto inicial por fractura cerrada|S92.341A: Fractura desplazada de cuarto metatarsiano del pie derecho, contacto inicial por fractura cerrada|W13.8XXA: Caída desde, fuera de o por otro edificio o estructura, contacto inicial|F17.210: Dependencia de nicotina, cigarrillos, sin complicaciones||||||||||||||||||F20
R45.1: Inquietud y agitación|N39.0: Infección de tracto urinario, localización no especificada|B96.20: Escherichia coli [E. coli] no especificado como causa de enfermedades clasificadas bajo otro concepto|C54.1: Neoplasia maligna de endometrio|E87.1: Hiposmolaridad e hiponatremia|D50.0: Anemia ferropénica secundaria a pérdida de sangre (crónica)|N18.9: Enfermedad renal crónica, no especificada|N28.89: Otros trastornos especificados de riñón y uréter||Z88.0: Estado de alergia a penicilina||||||||||||F20
|F12.10: Abuso de cannabis, sin complicaciones||||||||||||||||||||F29
D37.2: Neoplasia de comportamiento incierto de intestino delgado|J95.2: Insuficiencia pulmonar aguda después de cirugía no torácica|J95.811: Neumotórax posprocedimiento||Z91.5: Historia personal de autolesión|E78.5: Hiperlipidemia, no especificada|F17.210: Dependencia de nicotina, cigarrillos, sin complicaciones|||||||||||||||F20
J96.00: Insuficiencia respiratoria aguda no especificada si con hipoxia o con hipercapnia|C18.9: Neoplasia maligna de colon, no especificada|E78.5: Hiperlipidemia, no especificada|F17.210: Dependencia de nicotina, cigarrillos, sin complicaciones||||||||||||||||||F20
K35.80: Apendicitis aguda no especificada||F60.9: Trastorno de personalidad, no especificado|||||||||||||||||||F20
|F12.10: Abuso de cannabis, sin complicaciones|F14.10: Abuso de cocaína, sin complicaciones|||||||||||||||||||F29
|F14.20: Dependencia de cocaína, sin complicaciones||||||||||||||||||||F29
|J43.9: Enfisema, no especificado|E04.9: Bocio no tóxico, no especificado|B19.10: Hepatitis vírica B no especificada, sin coma hepático|F11.10: Abuso de opiáceos, sin complicaciones|F12.10: Abuso de cannabis, sin complicaciones|F17.200: Dependencia de nicotina no especificada, sin complicaciones|||||||||||||||F22
|Z63.5: Ruptura familiar por separación y divorcio||||||||||||||||||||F20
C18.2: Neoplasia maligna de colon ascendente|C78.6: Neoplasia maligna secundaria de retroperitoneo y peritoneo|C77.2: Neoplasia maligna secundaria y no especificada de ganglios linfáticos intraabdominales|I42.0: Miocardiopatía dilatada|I10: Hipertensión esencial (primaria)|I25.9: Enfermedad isquémica crónica cardiaca, no especificada||F32.9: Trastorno depresivo mayor, episodio único, no especificado|F17.210: Dependencia de nicotina, cigarrillos, sin complicaciones|M35.9: Afectación sistémica de tejido conectivo, no especificada|Z85.118: Historia personal de otra neoplasia maligna de bronquios y pulmón|Z90.2: Ausencia adquirida (de parte) del pulmón|Z99.81: Dependencia de oxígeno suplementario|||||||||F22
D27.1: Neoplasia benigna de ovario izquierdo|E78.5: Hiperlipidemia, no especificada||Z91.5: Historia personal de autolesión||||||||||||||||||F20
|E78.1: Hipergliceridemia pura|E03.9: Hipotiroidismo, no especificado|E22.1: Hiperprolactinemia|T43.505A: Efecto adverso de antipsicóticos y neurolépticos no especificados, contacto inicial|||||||||||||||||F25
|E78.1: Hipergliceridemia pura|E03.9: Hipotiroidismo, no especificado|||||||||||||||||||F25
K02.9: Caries dental, no especificada|||||||||||||||||||||F20
N39.0: Infección de tracto urinario, localización no especificada|D50.9: Anemia ferropénica, no especificada|D32.0: Neoplasia benigna de meninges cerebrales|I67.1: Aneurisma cerebral, no roto|F25.9: Trastorno esquizoafectivo, no especificado|E78.4: Otros tipos de hiperlipidemia|K80.20: Cálculo de vesícula biliar sin colecistitis sin obstrucción|Z90.710: Ausencia adquirida de ambos, de cuello uterino y de útero|Z96.659: Presencia de articulación de rodilla artificial, no especificada|||||||||||||F20
C32.0: Neoplasia maligna de glotis||F17.210: Dependencia de nicotina, cigarrillos, sin complicaciones|||||||||||||||||||F20
L89.619: Úlcera por presión en talón derecho, estadio no especificado|L89.629: Úlcera por presión en talón izquierdo, estadio no especificado|L97.519: Úlcera crónica no debida a presión de otra parte de pie derecho, de gravedad no especificada|B95.61: Infección por Staphylococcus aureus sensible a meticilina como causa de enfermedades clasificadas bajo otro concepto|Z89.419: Ausencia adquirida del dedo gordo de pie no especificado|E11.9: Diabetes mellitus tipo 2 sin complicaciones||Z79.4: Uso prolongado (actual) de insulina||||||||||||||F20
C20: Neoplasia maligna de recto|Z92.3: Historia personal de irradiación||D68.0: Enfermedad de von Willebrand|I34.1: Prolapso (de la válvula) mitral no reumático|M41.85: Otras formas de escoliosis, región dorsolumbar|K44.9: Hernia diafragmática sin obstrucción ni gangrena|Z59.3: Problemas relacionados con la vida en una institución residencial||||||||||||||F20
Z43.2: Contacto para cuidados de ileostomía|Z85.048: Historia personal de otra neoplasia maligna recto, unión rectosigmoidea y ano|Z92.3: Historia personal de irradiación||D68.0: Enfermedad de von Willebrand|I34.1: Prolapso (de la válvula) mitral no reumático|M41.85: Otras formas de escoliosis, región dorsolumbar|K44.9: Hernia diafragmática sin obstrucción ni gangrena|Z59.3: Problemas relacionados con la vida en una institución residencial|||||||||||||F20
K52.9: Gastroenteritis y colitis no infecciosas, no especificadas|B96.89: Otros agentes bacterianos como causa de enfermedades clasificadas bajo otro concepto|I10: Hipertensión esencial (primaria)|E11.9: Diabetes mellitus tipo 2 sin complicaciones|Z79.84: Uso prolongado (actual) de medicamentos hipoglucemiantes orales|E66.9: Obesidad, no especificada|N40.0: Hiperplasia prostática benigna sin síntomas de tracto urinario inferior|||||||||||||||F20
K55.0: Trastornos vasculares agudos de intestino|K92.2: Hemorragia gastrointestinal, no especificada||F10.10: Abuso de alcohol, sin complicaciones|I25.2: Infarto de miocardio antiguo|Z95.5: Presencia de angioplastia, injertos y prótesis coronarios|Z86.73: Historia personal de ataque isquémico transitorio (AIT) e infarto cerebral sin déficits residuales|Z79.02: Uso prolongado (actual) de antitrombóticos / antiplaquetarios||||||||||||||F20
|J44.1: Enfermedad pulmonar obstructiva crónica con exacerbación (aguda)|J96.21: Insuficiencia respiratoria aguda y crónica con hipoxia|Z99.81: Dependencia de oxígeno suplementario||Z72.0: Consumo de tabaco||||||||||||||||F20
T51.91XA: Efecto tóxico de alcohol no especificado, accidental (no intencionado), contacto inicial|T42.4X1A: Envenenamiento por benzodiacepinas, accidental (no intencionado), contacto inicial|Z21: Estado de infección asintomática por virus de inmunodeficiencia humana [VIH]|K70.30: Cirrosis alcohólica de hígado sin ascitis|B19.20: Hepatitis vírica C no especificada, sin coma hepático|B18.1: Hepatitis vírica crónica tipo B, sin agente delta||||||||||||||||F20
C54.1: Neoplasia maligna de endometrio|E11.9: Diabetes mellitus tipo 2 sin complicaciones|I10: Hipertensión esencial (primaria)|E03.9: Hipotiroidismo, no especificado||G25.9: Trastorno extrapiramidal y del movimiento, no especificado|T44.3X5A: Efecto adverso de otros parasimpaticolíticos [anticolinérgicos y antimuscarínicos] y espasmolíticos, contacto inicial|||||||||||||||F22
J44.0: Enfermedad pulmonar obstructiva crónica con infección (aguda) de las vías respiratorias inferiores|J22: Infección aguda del tracto respiratorio inferior, no especificada|J96.92: Insuficiencia respiratoria no especificada, con hipercapnia||E66.9: Obesidad, no especificada|Z88.6: Estado de alergia a analgésico|F17.210: Dependencia de nicotina, cigarrillos, sin complicaciones|I10: Hipertensión esencial (primaria)|Z86.018: Historia personal de otro tipo de neoplasia benigna|||||||||||||F20
J98.8: Otros trastornos respiratorios especificados|J96.00: Insuficiencia respiratoria aguda no especificada si con hipoxia o con hipercapnia|E87.1: Hiposmolaridad e hiponatremia|T50.905A: Efecto adverso de fármacos, medicamentos y sustancias biológicas no especificados, contacto inicial|E66.2: Obesidad mórbida (severa) con hipoventilación alveolar||J44.9: Enfermedad pulmonar obstructiva crónica, no especificada|F17.210: Dependencia de nicotina, cigarrillos, sin complicaciones|Z74.3: Necesidad de supervisión continua|Z88.6: Estado de alergia a analgésico||||||||||||F20
E87.1: Hiposmolaridad e hiponatremia|T50.905A: Efecto adverso de fármacos, medicamentos y sustancias biológicas no especificados, contacto inicial|E87.70: Sobrecarga de líquidos, no especificada|J44.1: Enfermedad pulmonar obstructiva crónica con exacerbación (aguda)|F17.210: Dependencia de nicotina, cigarrillos, sin complicaciones|E66.2: Obesidad mórbida (severa) con hipoventilación alveolar||Z86.010: Historia personal de pólipos colónicos|Z88.8: Estado de alergia a otros fármacos, medicamentos y sustancias biológicas|||||||||||||F20
J44.0: Enfermedad pulmonar obstructiva crónica con infección (aguda) de las vías respiratorias inferiores|J98.8: Otros trastornos respiratorios especificados|J96.22: Insuficiencia respiratoria aguda y crónica con hipercapnia|E66.2: Obesidad mórbida (severa) con hipoventilación alveolar||Z86.010: Historia personal de pólipos colónicos||||||||||||||||F20
|J44.9: Enfermedad pulmonar obstructiva crónica, no especificada|F17.210: Dependencia de nicotina, cigarrillos, sin complicaciones|Z88.0: Estado de alergia a penicilina|Z88.6: Estado de alergia a analgésico|||||||||||||||||F20
|F17.210: Dependencia de nicotina, cigarrillos, sin complicaciones|Z60.2: Problemas relacionados con vivir solo|||||||||||||||||||F29
|G31.84: Deterioro cognitivo leve de etiología incierta o desconocida||||||||||||||||||||F20
I12.0: Enfermedad renal crónica hipertensiva con enfermedad renal crónica en estadio 5 o con enfermedad renal en estadio terminal|N18.5: Enfermedad renal crónica, estadio fase 5|Z99.2: Dependencia de diálisis renal|||||||||||||||||||F20
A41.9: Sepsis, microorganismo no especificado|R65.21: Sepsis grave con shock séptico|N17.9: Fallo renal agudo, no especificado|E87.2: Acidosis|D65: Coagulación intravascular diseminada [síndrome de desfibrinación]||I12.0: Enfermedad renal crónica hipertensiva con enfermedad renal crónica en estadio 5 o con enfermedad renal en estadio terminal|N18.5: Enfermedad renal crónica, estadio fase 5|Z99.2: Dependencia de diálisis renal|F17.210: Dependencia de nicotina, cigarrillos, sin complicaciones|Z86.73: Historia personal de ataque isquémico transitorio (AIT) e infarto cerebral sin déficits residuales|||||||||||F20
N39.0: Infección de tracto urinario, localización no especificada|F09: Trastorno mental no especificado debido a afección fisiológica conocida||E11.22: Diabetes mellitus tipo 2 con nefropatía diabética crónica|Z79.84: Uso prolongado (actual) de medicamentos hipoglucemiantes orales|I12.9: Enfermedad renal crónica hipertensiva con enfermedad renal crónica en estadio 1 a 4 o con enfermedad renal crónica no especificada|N18.3: Enfermedad renal crónica, estadio 3 (moderada)|E78.5: Hiperlipidemia, no especificada|E03.9: Hipotiroidismo, no especificado|I83.10: Venas varicosas de extremidad inferior no especificada con inflamación|I69.351: Hemiplejia y hemiparesia tras infarto cerebral con afectación de lado derecho dominante|I69.322: Disartria tras infarto cerebral|Z74.3: Necesidad de supervisión continua|Z96.643: Presencia de articulación de cadera artificial, bilateral|Z96.643: Presencia de articulación de cadera artificial, bilateral|||||||F22
M50.223: Otro desplazamiento de disco cervical a nivel de C6-C7|I10: Hipertensión esencial (primaria)||||||||||||||||||||F20
|J45.909: Asma no especificada, sin complicaciones|E66.01: Obesidad mórbida (severa) por exceso de calorías|||||||||||||||||||F20
|I69.322: Disartria tras infarto cerebral|Z59.3: Problemas relacionados con la vida en una institución residencial|||||||||||||||||||F20
|I10: Hipertensión esencial (primaria)|E10.9: Diabetes mellitus tipo 1 sin complicaciones|G35: Esclerosis múltiple|Z59.3: Problemas relacionados con la vida en una institución residencial|||||||||||||||||F20
N39.0: Infección de tracto urinario, localización no especificada|B96.89: Otros agentes bacterianos como causa de enfermedades clasificadas bajo otro concepto|G40.909: Epilepsia, no especificada, no intratable, sin estado de mal epiléptico|H18.899: Otros trastornos especificados de córnea, ojo no especificado||I13.10: Enfermedad cardiaca y renal crónica hipertensiva sin insuficiencia cardiaca, con enfermedad renal crónica en estadio 1 a 4 o enfermedad renal crónica no especificada|N18.9: Enfermedad renal crónica, no especificada|G20: Enfermedad de Parkinson|E78.5: Hiperlipidemia, no especificada|J96.12: Insuficiencia respiratoria crónica con hipercapnia|G47.33: Apnea obstructiva del sueño (del adulto) (pediátrica)|Z99.81: Dependencia de oxígeno suplementario|E66.9: Obesidad, no especificada|K44.9: Hernia diafragmática sin obstrucción ni gangrena|K44.9: Hernia diafragmática sin obstrucción ni gangrena|F32.9: Trastorno depresivo mayor, episodio único, no especificado|Z59.3: Problemas relacionados con la vida en una institución residencial|Z86.73: Historia personal de ataque isquémico transitorio (AIT) e infarto cerebral sin déficits residuales|Z90.49: Ausencia adquirida de otras partes especificadas del tracto digestivo|||F22
|I10: Hipertensión esencial (primaria)|Z72.0: Consumo de tabaco|||||||||||||||||||F20
|F60.0: Trastorno de personalidad paranoide|I05.2: Estenosis mitral reumática con insuficiencia|Z79.01: Uso prolongado (actual) de anticoagulantes|Z86.73: Historia personal de ataque isquémico transitorio (AIT) e infarto cerebral sin déficits residuales|Z63.5: Ruptura familiar por separación y divorcio|Z60.2: Problemas relacionados con vivir solo|Z91.19: Incumplimiento del paciente con otro tratamiento y régimen médico||||||||||||||F22
G56.22: Lesión de nervio cubital, extremidad superior izquierda||H91.3: Sordomudez, no clasificada bajo otro concepto|Z88.1: Estado de alergia a otros antibióticos||||||||||||||||||F20
F44.9: Trastorno disociativo y de conversión, no especificado||I10: Hipertensión esencial (primaria)|I67.2: Aterosclerosis cerebral||||||||||||||||||F22
I67.1: Aneurisma cerebral, no roto|G40.909: Epilepsia, no especificada, no intratable, sin estado de mal epiléptico|G93.40: Encefalopatía, no especificada|R40.2434: Puntuación 3-8 de la escala de coma de Glasgow, 24 horas o más después del ingreso hospitalario|I10: Hipertensión esencial (primaria)|M35.3: Polimialgia reumática|N40.0: Hiperplasia prostática benigna sin síntomas de tracto urinario inferior||J69.0: Neumonitis debida a inhalación de alimentos y vómito|T17.918A: Contenido gástrico en vías respiratorias, parte no especificada, que produce otras lesiones, contacto inicial|I60.12: Hemorragia subaracnoidea no traumática de arteria cerebral media izquierda|Z86.11: Historia personal de tuberculosis|Z87.891: Historia personal de dependencia a nicotina|||||||||F20
C25.0: Neoplasia maligna de cabeza de páncreas|K83.1: Obstrucción de conducto biliar|F10.20: Dependencia de alcohol, sin complicaciones||F17.210: Dependencia de nicotina, cigarrillos, sin complicaciones|||||||||||||||||F20
|F60.3: Trastorno límite de personalidad|D50.9: Anemia ferropénica, no especificada|I10: Hipertensión esencial (primaria)|E11.9: Diabetes mellitus tipo 2 sin complicaciones|Z72.0: Consumo de tabaco|E66.9: Obesidad, no especificada|||||||||||||||F25
|F60.3: Trastorno límite de personalidad|E66.9: Obesidad, no especificada|I10: Hipertensión esencial (primaria)|E11.9: Diabetes mellitus tipo 2 sin complicaciones|Z88.0: Estado de alergia a penicilina|Z72.0: Consumo de tabaco|||||||||||||||F25
|F60.3: Trastorno límite de personalidad|I10: Hipertensión esencial (primaria)|E11.9: Diabetes mellitus tipo 2 sin complicaciones|E66.9: Obesidad, no especificada|Z72.0: Consumo de tabaco|Z59.3: Problemas relacionados con la vida en una institución residencial|||||||||||||||F25
|F60.3: Trastorno límite de personalidad|I10: Hipertensión esencial (primaria)|E78.5: Hiperlipidemia, no especificada|E11.39: Diabetes mellitus tipo 2 con otras complicaciones oftálmicas diabéticas|H40.9: Glaucoma no especificado|E66.9: Obesidad, no especificada|F17.200: Dependencia de nicotina no especificada, sin complicaciones|Z90.49: Ausencia adquirida de otras partes especificadas del tracto digestivo|Z88.0: Estado de alergia a penicilina|Z79.84: Uso prolongado (actual) de medicamentos hipoglucemiantes orales|||||||||||F25
|F60.3: Trastorno límite de personalidad|I10: Hipertensión esencial (primaria)|E11.9: Diabetes mellitus tipo 2 sin complicaciones|E78.5: Hiperlipidemia, no especificada|E66.9: Obesidad, no especificada|F17.200: Dependencia de nicotina no especificada, sin complicaciones|Z90.49: Ausencia adquirida de otras partes especificadas del tracto digestivo|Z79.84: Uso prolongado (actual) de medicamentos hipoglucemiantes orales|Z88.0: Estado de alergia a penicilina||||||||||||F25
|G92: Encefalopatía tóxica|F09: Trastorno mental no especificado debido a afección fisiológica conocida|T50.905S: Efecto adverso de fármacos, medicamentos y sustancias biológicas no especificados, secuela|R13.19: Otros tipos de disfagia|J69.0: Neumonitis debida a inhalación de alimentos y vómito|J15.211: Neumonía debida a Staphylococcus aureus sensible a meticilina|E41: Marasmo nutricional|K44.9: Hernia diafragmática sin obstrucción ni gangrena|F42.9: Trastorno obsesivo-compulsivo, no especificado|Z59.3: Problemas relacionados con la vida en una institución residencial|F32.9: Trastorno depresivo mayor, episodio único, no especificado||||||||||F20
T17.420A: Alimento en tráquea que produce asfixia, contacto inicial|I46.9: Paro cardiaco, causa no especificada||E78.5: Hiperlipidemia, no especificada||||||||||||||||||F20
|F12.20: Dependencia de cannabis, sin complicaciones|F15.90: Consumo de otro estimulante no especificado sin complicaciones|F14.90: Consumo de cocaína no especificado sin complicaciones|F10.10: Abuso de alcohol, sin complicaciones|Z91.19: Incumplimiento del paciente con otro tratamiento y régimen médico|Z59.8: Otros problemas relacionados con la vivienda y circunstancias económicas|Z81.8: Historia familiar de otros trastornos mentales y del comportamiento|Z81.3: Historia familiar de abuso y dependencia a otras sustancias psicoactivas|||||||||||||F20
|F12.20: Dependencia de cannabis, sin complicaciones|F15.90: Consumo de otro estimulante no especificado sin complicaciones|F14.90: Consumo de cocaína no especificado sin complicaciones|F10.10: Abuso de alcohol, sin complicaciones|Z56.89: Otros problemas relacionados con el empleo|Z63.9: Problema relacionado con el grupo de apoyo primario, no especificado|||||||||||||||F20
S82.872A: Fractura desplazada de pilón tibial de tibia izquierda, contacto inicial por fractura cerrada|S32.10XA: Fractura no especificada de sacro, contacto inicial por fractura cerrada|S32.302A: Fractura no especificada de ilion izquierdo, contacto inicial por fractura cerrada|S36.892A: Contusión de otros órganos intraabdominales, contacto inicial|W19.XXXA: Caída no especificada, contacto inicial|||||||||||||||||F20
C50.012: Neoplasia maligna de pezón y areola, mama femenina izquierda|C77.3: Neoplasia maligna secundaria y no especificada de ganglios linfáticos de axila y extremidad superior||F32.9: Trastorno depresivo mayor, episodio único, no especificado|Z86.19: Historia personal de otras enfermedades infecciosas y parasitarias|Z91.048: Estado de alergia a otras sustancias no medicinales||||||||||||||||F20
N40.3: Próstata nodular con síntomas de tracto urinario inferior|R33.8: Otro tipo de retención urinaria||Z96.0: Presencia de implantes urogenitales|Z88.1: Estado de alergia a otros antibióticos|||||||||||||||||F20
|Z91.19: Incumplimiento del paciente con otro tratamiento y régimen médico|E78.1: Hipergliceridemia pura|||||||||||||||||||F20
K43.9: Hernia ventral sin obstrucción ni gangrena|||||||||||||||||||||F20
|E78.1: Hipergliceridemia pura|Z90.49: Ausencia adquirida de otras partes especificadas del tracto digestivo|||||||||||||||||||F20
J98.8: Otros trastornos respiratorios especificados|R41.0: Desorientación, no especificada|F03.90: Demencia no especificada, gravedad no especificada, sin alteración del comportamiento, alteración psicótica, alteración del estado de ánimo ni ansiedad|F29: Psicosis no especificada no debida a sustancia o afección fisiológica conocidas||I10: Hipertensión esencial (primaria)|I48.2: Fibrilación auricular crónica|||||||||||||||F22
|F70: Discapacidad intelectual leve||||||||||||||||||||F20
|F79: Discapacidad intelectual no especificada|Z59.3: Problemas relacionados con la vida en una institución residencial|||||||||||||||||||F20
|Z04.6: Contacto para reconocimiento médico psiquiátrico general, solicitado por la autoridad|Z60.2: Problemas relacionados con vivir solo|||||||||||||||||||F22
|E05.90: Tirotoxicosis, no especificada sin crisis tirotóxica ni tormenta tiroidea|Z60.2: Problemas relacionados con vivir solo|Z04.6: Contacto para reconocimiento médico psiquiátrico general, solicitado por la autoridad|Z91.19: Incumplimiento del paciente con otro tratamiento y régimen médico|||||||||||||||||F22
|E05.90: Tirotoxicosis, no especificada sin crisis tirotóxica ni tormenta tiroidea|Z60.2: Problemas relacionados con vivir solo|||||||||||||||||||F22
|F44.9: Trastorno disociativo y de conversión, no especificado|Z04.6: Contacto para reconocimiento médico psiquiátrico general, solicitado por la autoridad|||||||||||||||||||F29
|F44.9: Trastorno disociativo y de conversión, no especificado|E03.9: Hipotiroidismo, no especificado|||||||||||||||||||F29
I47.1: Taquicardia supraventricular|I42.0: Miocardiopatía dilatada|I51.89: Otras enfermedades mal definidas cardiacas|I34.0: Insuficiencia (de la válvula) mitral no reumática|I07.1: Insuficiencia tricuspídea reumática|I27.0: Hipertensión pulmonar primaria|I10: Hipertensión esencial (primaria)|||||||||||||||F20
J44.0: Enfermedad pulmonar obstructiva crónica con infección (aguda) de las vías respiratorias inferiores|J98.8: Otros trastornos respiratorios especificados|I13.0: Enfermedad cardiaca y renal crónica hipertensiva con insuficiencia cardiaca y enfermedad renal crónica estadios 1 a 4 o enfermedad renal crónica no especificada|I50.9: Insuficiencia cardiaca, no especificada|N18.9: Enfermedad renal crónica, no especificada|J96.90: Insuficiencia respiratoria no especificada, sin especificar si con hipoxia o con hipercapnia|I48.91: Fibrilación auricular no especificada|Z79.01: Uso prolongado (actual) de anticoagulantes||K86.9: Enfermedades de páncreas, no especificadas|J98.59: Otras enfermedades del mediastino, no clasificables bajo otro concepto|Z74.3: Necesidad de supervisión continua|Z90.710: Ausencia adquirida de ambos, de cuello uterino y de útero|Z98.49: Estado de extracción de catarata, ojo no especificado|Z98.49: Estado de extracción de catarata, ojo no especificado|Z87.440: Historia personal de infecciones del tracto urinario||||||F29
F45.0: Trastorno de somatización||M48.06: Estenosis vertebral, región lumbar|Z85.828: Historia personal de otras neoplasias malignas de piel|G40.909: Epilepsia, no especificada, no intratable, sin estado de mal epiléptico|Z59.3: Problemas relacionados con la vida en una institución residencial||||||||||||||||F20
|E78.00: Hipercolesterolemia pura, no especificada||||||||||||||||||||F20
|Z81.8: Historia familiar de otros trastornos mentales y del comportamiento|Z91.19: Incumplimiento del paciente con otro tratamiento y régimen médico|Z63.5: Ruptura familiar por separación y divorcio||||||||||||||||||F25
S72.112A: Fractura desplazada de trocánter mayor de fémur izquierdo, contacto inicial por fractura cerrada|X58.XXXA: Exposición a otros factores especificados, contacto inicial||||||||||||||||||||F20
J38.4: Edema de la laringe||Z98.52: Estado de vasectomía|||||||||||||||||||F20
|N39.0: Infección de tracto urinario, localización no especificada|C61: Neoplasia maligna de próstata|Z79.899: Otra terapia prolongada (actual) con medicamentos||||||||||||||||||F20
|F60.9: Trastorno de personalidad, no especificado|F09: Trastorno mental no especificado debido a afección fisiológica conocida|F10.20: Dependencia de alcohol, sin complicaciones|C61: Neoplasia maligna de próstata|Z92.3: Historia personal de irradiación||||||||||||||||F22
F42.9: Trastorno obsesivo-compulsivo, no especificado||Z86.19: Historia personal de otras enfermedades infecciosas y parasitarias|||||||||||||||||||F25
|F12.20: Dependencia de cannabis, sin complicaciones|F60.0: Trastorno de personalidad paranoide|F60.81: Trastorno de personalidad narcisista|E03.9: Hipotiroidismo, no especificado|E22.1: Hiperprolactinemia|Z81.3: Historia familiar de abuso y dependencia a otras sustancias psicoactivas|||||||||||||||F22
E11.00: Diabetes mellitus tipo 2 con hiperosmolaridad sin coma hiperglucémico hiperosmolar no cetósico (CHHNC)|N17.9: Fallo renal agudo, no especificado|E86.0: Deshidratación|R53.1: Astenia||||||||||||||||||F29
N81.3: Prolapso uterovaginal completo|N87.9: Displasia del cervix, no especificada||||||||||||||||||||F20
N81.6: Rectocele|Z90.710: Ausencia adquirida de ambos, de cuello uterino y de útero||||||||||||||||||||F20
|I70.219: Aterosclerosis de arterias nativas de extremidades con claudicación intermitente, extremidad no especificada|Z04.6: Contacto para reconocimiento médico psiquiátrico general, solicitado por la autoridad|Z87.891: Historia personal de dependencia a nicotina||||||||||||||||||F20
|Z59.3: Problemas relacionados con la vida en una institución residencial|G40.909: Epilepsia, no especificada, no intratable, sin estado de mal epiléptico|||||||||||||||||||F20
|E89.0: Hipotiroidismo posprocedimiento|Z81.8: Historia familiar de otros trastornos mentales y del comportamiento|||||||||||||||||||F25
|R45.1: Inquietud y agitación||||||||||||||||||||F20
M62.82: Rabdomiolisis|F14.21: Dependencia de cocaína, en remisión|F12.21: Dependencia de cannabis, en remisión|||||||||||||||||||F29
|M31.30: Granulomatosis de Wegener, sin afectación renal||||||||||||||||||||F29
J44.1: Enfermedad pulmonar obstructiva crónica con exacerbación (aguda)|G47.33: Apnea obstructiva del sueño (del adulto) (pediátrica)|F17.210: Dependencia de nicotina, cigarrillos, sin complicaciones|I12.9: Enfermedad renal crónica hipertensiva con enfermedad renal crónica en estadio 1 a 4 o con enfermedad renal crónica no especificada|N18.4: Enfermedad renal crónica, estadio 4 (grave)|E66.9: Obesidad, no especificada|G40.909: Epilepsia, no especificada, no intratable, sin estado de mal epiléptico||E03.9: Hipotiroidismo, no especificado|Z79.82: Uso prolongado (actual) de aspirina||||||||||||F20
|I12.9: Enfermedad renal crónica hipertensiva con enfermedad renal crónica en estadio 1 a 4 o con enfermedad renal crónica no especificada|N18.9: Enfermedad renal crónica, no especificada|E03.9: Hipotiroidismo, no especificado|J44.9: Enfermedad pulmonar obstructiva crónica, no especificada|G91.9: Hidrocefalia, no especificada||||||||||||||||F20
E87.1: Hiposmolaridad e hiponatremia|R63.1: Polidipsia|J44.9: Enfermedad pulmonar obstructiva crónica, no especificada|I12.0: Enfermedad renal crónica hipertensiva con enfermedad renal crónica en estadio 5 o con enfermedad renal en estadio terminal|N18.4: Enfermedad renal crónica, estadio 4 (grave)|E66.2: Obesidad mórbida (severa) con hipoventilación alveolar|F17.210: Dependencia de nicotina, cigarrillos, sin complicaciones||G40.909: Epilepsia, no especificada, no intratable, sin estado de mal epiléptico|E03.9: Hipotiroidismo, no especificado|E87.6: Hipopotasemia|Z79.82: Uso prolongado (actual) de aspirina|Z79.51: Uso prolongado (actual) de esteroides inhalados|||||||||F20
J20.9: Bronquitis aguda, no especificada|J44.1: Enfermedad pulmonar obstructiva crónica con exacerbación (aguda)|E87.1: Hiposmolaridad e hiponatremia|R40.0: Somnolencia|R47.1: Disartria y anartria|R63.1: Polidipsia|I12.0: Enfermedad renal crónica hipertensiva con enfermedad renal crónica en estadio 5 o con enfermedad renal en estadio terminal|N18.4: Enfermedad renal crónica, estadio 4 (grave)|F17.210: Dependencia de nicotina, cigarrillos, sin complicaciones|E66.2: Obesidad mórbida (severa) con hipoventilación alveolar||G40.909: Epilepsia, no especificada, no intratable, sin estado de mal epiléptico|E03.9: Hipotiroidismo, no especificado|E87.6: Hipopotasemia|E87.6: Hipopotasemia|Z79.82: Uso prolongado (actual) de aspirina|Z79.51: Uso prolongado (actual) de esteroides inhalados|||||F20
J44.1: Enfermedad pulmonar obstructiva crónica con exacerbación (aguda)|I27.81: Cor pulmonale (crónico)|F17.210: Dependencia de nicotina, cigarrillos, sin complicaciones|I12.9: Enfermedad renal crónica hipertensiva con enfermedad renal crónica en estadio 1 a 4 o con enfermedad renal crónica no especificada|N18.4: Enfermedad renal crónica, estadio 4 (grave)|E66.2: Obesidad mórbida (severa) con hipoventilación alveolar||Z99.89: Dependencia de otras máquinas y dispositivos de apoyo|E03.9: Hipotiroidismo, no especificado|Z79.82: Uso prolongado (actual) de aspirina||||||||||||F20
E87.1: Hiposmolaridad e hiponatremia|R60.9: Edema, no especificado|R63.1: Polidipsia|I13.10: Enfermedad cardiaca y renal crónica hipertensiva sin insuficiencia cardiaca, con enfermedad renal crónica en estadio 1 a 4 o enfermedad renal crónica no especificada|N18.4: Enfermedad renal crónica, estadio 4 (grave)|E66.9: Obesidad, no especificada|E03.9: Hipotiroidismo, no especificado|J44.9: Enfermedad pulmonar obstructiva crónica, no especificada|I51.89: Otras enfermedades mal definidas cardiacas|G47.33: Apnea obstructiva del sueño (del adulto) (pediátrica)|Z99.89: Dependencia de otras máquinas y dispositivos de apoyo||F17.210: Dependencia de nicotina, cigarrillos, sin complicaciones|Z79.82: Uso prolongado (actual) de aspirina|Z79.82: Uso prolongado (actual) de aspirina|||||||F20
|Z91.19: Incumplimiento del paciente con otro tratamiento y régimen médico|Z81.8: Historia familiar de otros trastornos mentales y del comportamiento|||||||||||||||||||F20
I11.0: Enfermedad cardíaca hipertensiva con insuficiencia cardiaca|I50.9: Insuficiencia cardiaca, no especificada|I48.91: Fibrilación auricular no especificada|F09: Trastorno mental no especificado debido a afección fisiológica conocida||C61: Neoplasia maligna de próstata|Z79.82: Uso prolongado (actual) de aspirina|||||||||||||||F22
|G47.00: Insomnio, no especificado||||||||||||||||||||F23
|Z91.19: Incumplimiento del paciente con otro tratamiento y régimen médico|Z86.59: Historia personal de otros trastornos mentales y del comportamiento|||||||||||||||||||F22
|F60.9: Trastorno de personalidad, no especificado||||||||||||||||||||F20
J18.9: Neumonía, microorganismo no especificado|G30.9: Enfermedad de Alzheimer, no especificada|F02.81: Demencia en otras enfermedades clasificadas bajo otro concepto, gravedad no especificada, con alteración del comportamiento||M81.0: Osteoporosis relacionada con la edad, sin fractura patológica actual|Z74.3: Necesidad de supervisión continua||||||||||||||||F29
D50.0: Anemia ferropénica secundaria a pérdida de sangre (crónica)|R19.5: Otras alteraciones fecales|I12.9: Enfermedad renal crónica hipertensiva con enfermedad renal crónica en estadio 1 a 4 o con enfermedad renal crónica no especificada|E11.22: Diabetes mellitus tipo 2 con nefropatía diabética crónica|N18.3: Enfermedad renal crónica, estadio 3 (moderada)|E78.00: Hipercolesterolemia pura, no especificada|F32.9: Trastorno depresivo mayor, episodio único, no especificado||F42.3: Trastorno de acaparamiento compulsivo|F09: Trastorno mental no especificado debido a afección fisiológica conocida|Z87.01: Historia personal de neumonía (recurrente)|Z86.718: Historia personal de otro tipo de trombosis y embolia venosas|Z74.3: Necesidad de supervisión continua|Z59.3: Problemas relacionados con la vida en una institución residencial|Z59.3: Problemas relacionados con la vida en una institución residencial|||||||F22
N84.0: Pólipo del cuerpo uterino|I46.9: Paro cardiaco, causa no especificada|T88.9XXA: Complicación de atención quirúrgica y médica, no especificada, contacto inicial|Y83.6: Extirpación de otro órgano (parcial) (total) como causa de reacción anormal del paciente o de complicación posterior, sin mención de evento adverso en el momento del procedimiento||E66.01: Obesidad mórbida (severa) por exceso de calorías|E78.5: Hiperlipidemia, no especificada|F17.210: Dependencia de nicotina, cigarrillos, sin complicaciones|R42: Mareo y desvanecimiento|R32: Incontinencia urinaria no especificada|Z90.49: Ausencia adquirida de otras partes especificadas del tracto digestivo|||||||||||F20
|F12.20: Dependencia de cannabis, sin complicaciones|F60.3: Trastorno límite de personalidad|Z04.6: Contacto para reconocimiento médico psiquiátrico general, solicitado por la autoridad||||||||||||||||||F25
|F60.3: Trastorno límite de personalidad|F12.250: Dependencia de cannabis, con trastorno psicótico con ideas delirantes|F12.251: Dependencia de cannabis, con trastorno psicótico con alucinaciones|F14.250: Dependencia de cocaína, con trastorno psicótico con ideas delirantes inducido por cocaína|F14.251: Dependencia de cocaína, con trastorno psicótico con alucinaciones inducido por cocaína|F51.05: Insomnio debido a otro trastorno mental|E02: Hipotiroidismo subclínico por carencia de yodo|J40: Bronquitis, no especificada como aguda o crónica|||||||||||||F25
|Z91.19: Incumplimiento del paciente con otro tratamiento y régimen médico||||||||||||||||||||F25
|Z85.42: Historia personal de neoplasia maligna de otras partes del útero||||||||||||||||||||F25
|Z21: Estado de infección asintomática por virus de inmunodeficiencia humana [VIH]||||||||||||||||||||F22
|F09: Trastorno mental no especificado debido a afección fisiológica conocida|E78.00: Hipercolesterolemia pura, no especificada|M72.0: Fibromatosis de fascia palmar [de Dupuytren]|Z88.1: Estado de alergia a otros antibióticos|||||||||||||||||F22
|T40.5X1A: Envenenamiento por cocaína, accidental (no intencionado), contacto inicial|F14.129: Abuso de cocaína, con intoxicación no especificada|F12.10: Abuso de cannabis, sin complicaciones||||||||||||||||||F20
|F12.129: Abuso de cannabis con intoxicación, no especificada|F14.129: Abuso de cocaína, con intoxicación no especificada|||||||||||||||||||F20
S52.501A: Fractura no especificada de extremo inferior de radio derecho, contacto inicial por fractura cerrada|S52.502A: Fractura no especificada de extremo inferior de radio izquierdo, contacto inicial por fractura cerrada|S66.221A: Desgarro de músculo, fascia y tendón extensor de pulgar derecho a nivel de muñeca y mano, contacto inicial|S42.202A: Fractura no especificada de extremo superior de húmero izquierdo, contacto inicial por fractura cerrada|X58.XXXA: Exposición a otros factores especificados, contacto inicial|||||||||||||||||F22
I83.91: Venas varicosas asintomáticas de extremidad inferior derecha||E78.5: Hiperlipidemia, no especificada|E79.0: Hiperuricemia sin signos de artritis inflamatoria y enfermedad tofácea||||||||||||||||||F20
|Z04.6: Contacto para reconocimiento médico psiquiátrico general, solicitado por la autoridad|Z91.19: Incumplimiento del paciente con otro tratamiento y régimen médico|||||||||||||||||||F23
I63.9: Infarto cerebral, no especificado|R47.1: Disartria y anartria|R20.1: Hipoestesia cutánea|G51.8: Otros trastornos del nervio facial|Z72.0: Consumo de tabaco|G47.33: Apnea obstructiva del sueño (del adulto) (pediátrica)||Z60.2: Problemas relacionados con vivir solo||||||||||||||F20
|I10: Hipertensión esencial (primaria)|E11.9: Diabetes mellitus tipo 2 sin complicaciones|E78.00: Hipercolesterolemia pura, no especificada|H81.90: Trastorno no especificado de la función vestibular, oído no especificado|Z88.4: Estado de alergia a anestésico|G93.89: Otros trastornos especificados del cerebro|||||||||||||||F22
|F51.05: Insomnio debido a otro trastorno mental||||||||||||||||||||F20
|Z60.2: Problemas relacionados con vivir solo|Z04.6: Contacto para reconocimiento médico psiquiátrico general, solicitado por la autoridad|Z91.19: Incumplimiento del paciente con otro tratamiento y régimen médico||||||||||||||||||F22
|F70: Discapacidad intelectual leve|R73.09: Otros tipos de glucemia anormal|H91.93: Pérdida de audición no especificada, bilateral||||||||||||||||||F20
K80.00: Cálculo de vesícula biliar con colecistitis aguda sin obstrucción|E78.5: Hiperlipidemia, no especificada|E11.9: Diabetes mellitus tipo 2 sin complicaciones||F41.8: Otros trastornos de ansiedad especificados|||||||||||||||||F20
K81.1: Colecistitis crónica|E78.00: Hipercolesterolemia pura, no especificada|E11.9: Diabetes mellitus tipo 2 sin complicaciones||F32.9: Trastorno depresivo mayor, episodio único, no especificado|||||||||||||||||F20
T79.6XXA: Isquemia traumática de músculo, contacto inicial|X58.XXXA: Exposición a otros factores especificados, contacto inicial|I80.9: Flebitis y tromboflebitis de localización no especificada|S00.432A: Contusión de pabellón auricular izquierdo, contacto inicial|W19.XXXA: Caída no especificada, contacto inicial|Y92.239: Lugar no especificado en hospital como lugar del acontecimiento de la causa externa|F10.20: Dependencia de alcohol, sin complicaciones||J44.9: Enfermedad pulmonar obstructiva crónica, no especificada|Z85.819: Historia personal de neoplasia maligna de localización no especificada de labio, cavidad oral y faringe|Z90.02: Ausencia adquirida de laringe|Z93.0: Estado de traqueostomía|Z87.891: Historia personal de dependencia a nicotina|||||||||F20
|F19.230: Dependencia de otra sustancia psicoactiva, con abstinencia sin complicaciones|M23.8X1: Otros trastornos internos de rodilla derecha|||||||||||||||||||F25
J98.8: Otros trastornos respiratorios especificados|J96.20: Insuficiencia respiratoria aguda y crónica no especificada si con hipoxia o con hipercapnia||G20: Enfermedad de Parkinson|I10: Hipertensión esencial (primaria)|E11.65: Diabetes mellitus tipo 2 con hiperglucemia|T38.0X5A: Efecto adverso de glucocorticoides y análogos sintéticos, contacto inicial|||||||||||||||F20
K80.00: Cálculo de vesícula biliar con colecistitis aguda sin obstrucción|G20: Enfermedad de Parkinson|F23: Trastorno psicótico breve||I10: Hipertensión esencial (primaria)|||||||||||||||||F20
K80.00: Cálculo de vesícula biliar con colecistitis aguda sin obstrucción|B96.20: Escherichia coli [E. coli] no especificado como causa de enfermedades clasificadas bajo otro concepto|B18.2: Hepatitis vírica crónica tipo C||M81.0: Osteoporosis relacionada con la edad, sin fractura patológica actual|G30.9: Enfermedad de Alzheimer, no especificada|Z86.73: Historia personal de ataque isquémico transitorio (AIT) e infarto cerebral sin déficits residuales|Z85.048: Historia personal de otra neoplasia maligna recto, unión rectosigmoidea y ano|Z86.010: Historia personal de pólipos colónicos|Z90.710: Ausencia adquirida de ambos, de cuello uterino y de útero|Z79.82: Uso prolongado (actual) de aspirina|Z59.3: Problemas relacionados con la vida en una institución residencial||||||||||F20
|F12.90: Consumo de cannabis no especificado, sin complicaciones|Z63.5: Ruptura familiar por separación y divorcio|||||||||||||||||||F29
|H51.8: Otros trastornos especificados del movimiento binocular|Z98.41: Estado de extracción de catarata, ojo derecho|Z98.42: Estado de extracción de catarata, ojo izquierdo||||||||||||||||||F20
|F41.9: Trastorno de ansiedad, no especificado|L98.1: Dermatitis facticia|L57.0: Queratosis actínica|K44.9: Hernia diafragmática sin obstrucción ni gangrena|I10: Hipertensión esencial (primaria)|T78.3XXA: Edema angioneurótico, contacto inicial|Z91.048: Estado de alergia a otras sustancias no medicinales|Z60.2: Problemas relacionados con vivir solo|||||||||||||F22
|F60.89: Otros tipos de trastornos específicos de personalidad|F17.210: Dependencia de nicotina, cigarrillos, sin complicaciones|F10.239: Dependencia de alcohol con abstinencia, no especificada|Z81.8: Historia familiar de otros trastornos mentales y del comportamiento|||||||||||||||||F20
|F17.210: Dependencia de nicotina, cigarrillos, sin complicaciones|E66.9: Obesidad, no especificada|||||||||||||||||||F20
|Z86.59: Historia personal de otros trastornos mentales y del comportamiento||||||||||||||||||||F29
K52.9: Gastroenteritis y colitis no infecciosas, no especificadas|G20: Enfermedad de Parkinson|K44.9: Hernia diafragmática sin obstrucción ni gangrena||F03.90: Demencia no especificada, gravedad no especificada, sin alteración del comportamiento, alteración psicótica, alteración del estado de ánimo ni ansiedad|Z59.3: Problemas relacionados con la vida en una institución residencial||||||||||||||||F29
|L01.1: Impetiginización de otras dermatosis|I10: Hipertensión esencial (primaria)|N84.0: Pólipo del cuerpo uterino||||||||||||||||||F25
|Z97.4: Presencia de audífono externo|Z88.1: Estado de alergia a otros antibióticos|||||||||||||||||||F22
|Z04.6: Contacto para reconocimiento médico psiquiátrico general, solicitado por la autoridad||||||||||||||||||||F29
K52.9: Gastroenteritis y colitis no infecciosas, no especificadas|E66.9: Obesidad, no especificada|E78.5: Hiperlipidemia, no especificada|M16.0: Artrosis de cadera primaria bilateral||||||||||||||||||F20
|Z60.2: Problemas relacionados con vivir solo|Z81.8: Historia familiar de otros trastornos mentales y del comportamiento|||||||||||||||||||F20
|F60.9: Trastorno de personalidad, no especificado|Z04.6: Contacto para reconocimiento médico psiquiátrico general, solicitado por la autoridad|||||||||||||||||||F20
|F17.210: Dependencia de nicotina, cigarrillos, sin complicaciones|E03.9: Hipotiroidismo, no especificado|||||||||||||||||||F25
|F60.2: Trastorno de personalidad antisocial|F12.10: Abuso de cannabis, sin complicaciones|||||||||||||||||||F20
F12.259: Dependencia de cannabis, con trastorno psicótico no especificado|F60.9: Trastorno de personalidad, no especificado||||||||||||||||||||F20
F12.259: Dependencia de cannabis, con trastorno psicótico no especificado||F60.89: Otros tipos de trastornos específicos de personalidad|F15.21: Dependencia de otro estimulante, en remisión|F14.21: Dependencia de cocaína, en remisión|F10.21: Dependencia de alcohol, en remisión|F17.210: Dependencia de nicotina, cigarrillos, sin complicaciones|||||||||||||||F20
F12.259: Dependencia de cannabis, con trastorno psicótico no especificado|F17.210: Dependencia de nicotina, cigarrillos, sin complicaciones||F60.89: Otros tipos de trastornos específicos de personalidad|F15.21: Dependencia de otro estimulante, en remisión|F14.21: Dependencia de cocaína, en remisión|F10.21: Dependencia de alcohol, en remisión|||||||||||||||F20
|F71: Discapacidad intelectual moderada|Q03.0: Malformaciones del acueducto de Silvio|||||||||||||||||||F29
J10.01: Gripe debida a otros tipos de virus de la gripe identificados con neumonía debida al mismo tipo de virus de la gripe identificado|B97.89: Otros agentes virales como causa de enfermedades clasificadas bajo otro concepto|J96.01: Insuficiencia respiratoria aguda con hipoxia||F17.210: Dependencia de nicotina, cigarrillos, sin complicaciones|F12.90: Consumo de cannabis no especificado, sin complicaciones|J42: Bronquitis crónica no especificada|A15.0: Tuberculosis del pulmón||||||||||||||F20
|F10.10: Abuso de alcohol, sin complicaciones|Z81.8: Historia familiar de otros trastornos mentales y del comportamiento|||||||||||||||||||F20
|J43.9: Enfisema, no especificado|J47.9: Bronquiectasias, sin complicaciones|Z99.81: Dependencia de oxígeno suplementario|B19.20: Hepatitis vírica C no especificada, sin coma hepático|Z21: Estado de infección asintomática por virus de inmunodeficiencia humana [VIH]|Z82.49: Historia familiar de enfermedad cardiaca isquémica y otras enfermedades del aparato circulatorio|||||||||||||||F20
J43.9: Enfisema, no especificado|J47.1: Bronquiectasias con exacerbación (aguda)|J98.8: Otros trastornos respiratorios especificados|J96.10: Insuficiencia respiratoria crónica no especificada si con hipoxia o con hipercapnia|Z99.81: Dependencia de oxígeno suplementario||B20: Enfermedad por virus de la inmunodeficiencia humana [VIH]|B18.2: Hepatitis vírica crónica tipo C|Z87.891: Historia personal de dependencia a nicotina|||||||||||||F20
|J43.9: Enfisema, no especificado|J47.9: Bronquiectasias, sin complicaciones|J96.10: Insuficiencia respiratoria crónica no especificada si con hipoxia o con hipercapnia|Z99.81: Dependencia de oxígeno suplementario|B20: Enfermedad por virus de la inmunodeficiencia humana [VIH]|B19.20: Hepatitis vírica C no especificada, sin coma hepático|E11.9: Diabetes mellitus tipo 2 sin complicaciones|Z59.3: Problemas relacionados con la vida en una institución residencial|||||||||||||F20
|J43.9: Enfisema, no especificado|J18.9: Neumonía, microorganismo no especificado|B20: Enfermedad por virus de la inmunodeficiencia humana [VIH]|J96.11: Insuficiencia respiratoria crónica con hipoxia|Z99.81: Dependencia de oxígeno suplementario|J47.9: Bronquiectasias, sin complicaciones|B19.20: Hepatitis vírica C no especificada, sin coma hepático|Z59.3: Problemas relacionados con la vida en una institución residencial|||||||||||||F20
J44.0: Enfermedad pulmonar obstructiva crónica con infección (aguda) de las vías respiratorias inferiores|J98.8: Otros trastornos respiratorios especificados|J96.20: Insuficiencia respiratoria aguda y crónica no especificada si con hipoxia o con hipercapnia|Z99.81: Dependencia de oxígeno suplementario||B20: Enfermedad por virus de la inmunodeficiencia humana [VIH]|B18.2: Hepatitis vírica crónica tipo C|Z87.891: Historia personal de dependencia a nicotina|F19.21: Dependencia de otra sustancia psicoactiva, en remisión|Z59.3: Problemas relacionados con la vida en una institución residencial|E78.5: Hiperlipidemia, no especificada|Z79.51: Uso prolongado (actual) de esteroides inhalados||||||||||F20
K83.0: Colangitis|K91.89: Otras complicaciones y trastornos de aparato digestivo posprocedimiento|T85.590D: Otra complicación mecánica de endoprótesis de conducto biliar, contacto sucesivo|Y83.8: Otros procedimientos quirúrgicos como causa de reacción anormal del paciente o de complicación posterior, sin mención de evento adverso en el momento del procedimiento|Z94.4: Estado de trasplante de hígado|E78.5: Hiperlipidemia, no especificada||Z87.891: Historia personal de dependencia a nicotina||||||||||||||F20
K40.90: Hernia inguinal unilateral, sin obstrucción ni gangrena, no especificada como recidivada||E78.5: Hiperlipidemia, no especificada|F19.21: Dependencia de otra sustancia psicoactiva, en remisión|Z94.4: Estado de trasplante de hígado|Z87.891: Historia personal de dependencia a nicotina||||||||||||||||F20
K83.0: Colangitis|K91.89: Otras complicaciones y trastornos de aparato digestivo posprocedimiento|Y83.0: Cirugía con trasplante de órgano entero como causa de reacción anormal del paciente, o de complicación posterior, sin mención de evento adverso en el momento del procedimiento|Z94.4: Estado de trasplante de hígado|I10: Hipertensión esencial (primaria)|E78.5: Hiperlipidemia, no especificada||Z87.891: Historia personal de dependencia a nicotina||||||||||||||F20
|E78.5: Hiperlipidemia, no especificada||||||||||||||||||||F25
|F60.3: Trastorno límite de personalidad|Z91.5: Historia personal de autolesión|||||||||||||||||||F20
|Z91.5: Historia personal de autolesión||||||||||||||||||||F20
|F60.89: Otros tipos de trastornos específicos de personalidad|F79: Discapacidad intelectual no especificada|||||||||||||||||||F20
|F60.3: Trastorno límite de personalidad||||||||||||||||||||F20
|F42.9: Trastorno obsesivo-compulsivo, no especificado||||||||||||||||||||F29
I63.311: Infarto cerebral debido a trombosis de arteria cerebral media derecha|G93.6: Edema cerebral|E11.9: Diabetes mellitus tipo 2 sin complicaciones|Z79.4: Uso prolongado (actual) de insulina||F17.210: Dependencia de nicotina, cigarrillos, sin complicaciones||||||||||||||||F20
F22: Trastornos delirantes|F31.9: Trastorno bipolar, no especificado||I10: Hipertensión esencial (primaria)|E11.9: Diabetes mellitus tipo 2 sin complicaciones|Z85.3: Historia personal de neoplasia maligna de mama||||||||||||||||F20
J18.9: Neumonía, microorganismo no especificado|I11.0: Enfermedad cardíaca hipertensiva con insuficiencia cardiaca|I50.9: Insuficiencia cardiaca, no especificada|I34.0: Insuficiencia (de la válvula) mitral no reumática|K59.09: Otros tipos de estreñimiento|E11.39: Diabetes mellitus tipo 2 con otras complicaciones oftálmicas diabéticas|H40.9: Glaucoma no especificado|E87.6: Hipopotasemia|N28.1: Quiste de riñón, adquirido|M48.54XA: Vértebra colapsada, no clasificada bajo otro concepto, región torácica, contacto inicial por fractura|M43.16: Espondilolistesis, región lumbar|I10: Hipertensión esencial (primaria)|M19.90: Artrosis no especificada, localización no especificada|M81.0: Osteoporosis relacionada con la edad, sin fractura patológica actual|M81.0: Osteoporosis relacionada con la edad, sin fractura patológica actual|F09: Trastorno mental no especificado debido a afección fisiológica conocida|I87.2: Insuficiencia venosa (crónica) (periférica)||K57.30: Diverticulosis de colon sin perforación ni absceso, sin hemorragia|K64.9: Hemorroides no especificadas|Z59.3: Problemas relacionados con la vida en una institución residencial|F22
J98.8: Otros trastornos respiratorios especificados|D50.9: Anemia ferropénica, no especificada|K44.9: Hernia diafragmática sin obstrucción ni gangrena|F01.50: Demencia vascular, gravedad no especificada, sin alteración del comportamiento, alteración psicótica, alteración del estado de ánimo ni ansiedad||Z85.46: Historia personal de neoplasia maligna de próstata|Z92.3: Historia personal de irradiación|Z74.3: Necesidad de supervisión continua|Z59.3: Problemas relacionados con la vida en una institución residencial|||||||||||||F29
J98.8: Otros trastornos respiratorios especificados|Y95: Afección nosocomial|R19.7: Diarrea, no especificada|K44.9: Hernia diafragmática sin obstrucción ni gangrena||F01.50: Demencia vascular, gravedad no especificada, sin alteración del comportamiento, alteración psicótica, alteración del estado de ánimo ni ansiedad|Z85.46: Historia personal de neoplasia maligna de próstata|Z92.3: Historia personal de irradiación|Z74.3: Necesidad de supervisión continua|Z59.3: Problemas relacionados con la vida en una institución residencial||||||||||||F29
J98.8: Otros trastornos respiratorios especificados|T17.908A: Cuerpo extraño no especificado en vías respiratorias, parte no especificada, que produce otras lesiones, contacto inicial|G31.09: Otro trastorno neurocognitivo frontotemporal||Z85.46: Historia personal de neoplasia maligna de próstata|K44.9: Hernia diafragmática sin obstrucción ni gangrena|K80.20: Cálculo de vesícula biliar sin colecistitis sin obstrucción|||||||||||||||F29
K80.10: Cálculo de vesícula biliar con colecistitis crónica sin obstrucción||Z86.19: Historia personal de otras enfermedades infecciosas y parasitarias|||||||||||||||||||F20
T42.6X2A: Envenenamiento por otros fármacos antiepilépticos e hipnótico-sedantes, autolesión intencionada, contacto inicial|X83.8XXA: Lesiones autoinfligidas intencionadamente por otros medios especificados, contacto inicial||F60.0: Trastorno de personalidad paranoide|Z88.2: Estado de alergia a sulfonamidas|Z81.8: Historia familiar de otros trastornos mentales y del comportamiento||||||||||||||||F22
|N60.19: Mastopatía quística difusa de mama no especificada||||||||||||||||||||F29
|Z86.018: Historia personal de otro tipo de neoplasia benigna||||||||||||||||||||F25
O60.14X0: Trabajo de parto prematuro en el tercer trimestre con parto prematuro del tercer trimestre, no aplicable o no especificado|O99.344: Otros trastornos mentales que complican el parto||O92.5: Lactancia suprimida|Z3A.33: 33 semanas de gestación|Z37.0: Nacido vivo único|Z67.10: Grupo sanguíneo A, Rh positivo|||||||||||||||F20
|F39: Trastorno del estado de ánimo [afectivo], no especificado|I89.0: Linfedema, no clasificado bajo otro concepto|G20: Enfermedad de Parkinson|F02.80: Demencia en otras enfermedades clasificadas bajo otro concepto, gravedad no especificada, sin alteración del comportamiento, alteración psicótica, alteración del estado de ánimo ni ansiedad|||||||||||||||||F20
F33.3: Trastorno depresivo mayor, recurrente grave con síntomas psicóticos||F10.10: Abuso de alcohol, sin complicaciones|E78.0: Hipercolesterolemia pura|Z91.19: Incumplimiento del paciente con otro tratamiento y régimen médico|Z81.8: Historia familiar de otros trastornos mentales y del comportamiento|Z04.6: Contacto para reconocimiento médico psiquiátrico general, solicitado por la autoridad|||||||||||||||F22
|F32.9: Trastorno depresivo mayor, episodio único, no especificado|F12.10: Abuso de cannabis, sin complicaciones|F15.10: Abuso de otro estimulante, sin complicaciones||||||||||||||||||F29
F30.9: Episodio maníaco, no especificado|||||||||||||||||||||F20
|Z04.6: Contacto para reconocimiento médico psiquiátrico general, solicitado por la autoridad|Z91.19: Incumplimiento del paciente con otro tratamiento y régimen médico|E03.2: Hipotiroidismo debido a medicamentos y otras sustancias exógenas||||||||||||||||||F20
F25.9: Trastorno esquizoafectivo, no especificado||F29: Psicosis no especificada no debida a sustancia o afección fisiológica conocidas|E78.00: Hipercolesterolemia pura, no especificada|H90.5: Pérdida auditiva neurosensorial no especificada|Z82.49: Historia familiar de enfermedad cardiaca isquémica y otras enfermedades del aparato circulatorio|Z81.8: Historia familiar de otros trastornos mentales y del comportamiento|||||||||||||||F22
F32.3: Trastorno depresivo mayor, episodio único, grave con síntomas psicóticos|||||||||||||||||||||F29
|R45.851: Ideaciones suicidas|Z81.8: Historia familiar de otros trastornos mentales y del comportamiento|Z83.6: Historia familiar de otras enfermedades del aparato respiratorio||||||||||||||||||F29
|Z04.6: Contacto para reconocimiento médico psiquiátrico general, solicitado por la autoridad||||||||||||||||||||F23
|E11.9: Diabetes mellitus tipo 2 sin complicaciones|Z91.19: Incumplimiento del paciente con otro tratamiento y régimen médico|||||||||||||||||||F29
|F25.0: Trastorno esquizoafectivo, tipo bipolar|E03.9: Hipotiroidismo, no especificado|||||||||||||||||||F23
|F33.9: Trastorno depresivo mayor, recurrente, no especificado|E03.9: Hipotiroidismo, no especificado|F25.0: Trastorno esquizoafectivo, tipo bipolar||||||||||||||||||F23
|I87.2: Insuficiencia venosa (crónica) (periférica)|Z90.710: Ausencia adquirida de ambos, de cuello uterino y de útero|||||||||||||||||||F22
S66.117A: Distensión de músculo, fascia y tendón flexor de dedo meñique izquierdo a nivel de muñeca y mano, contacto inicial|X58.XXXA: Exposición a otros factores especificados, contacto inicial||||||||||||||||||||F20
J20.9: Bronquitis aguda, no especificada|J96.00: Insuficiencia respiratoria aguda no especificada si con hipoxia o con hipercapnia|R55: Síncope y colapso|R82.71: Bacteriuria|E78.5: Hiperlipidemia, no especificada|E66.9: Obesidad, no especificada|E02: Hipotiroidismo subclínico por carencia de yodo||H90.8: Hipoacusia mixta, conductiva y neurosensorial, no especificada|||||||||||||F20
|F84.5: Síndrome de Asperger||||||||||||||||||||F29
|F17.210: Dependencia de nicotina, cigarrillos, sin complicaciones|F12.21: Dependencia de cannabis, en remisión|F15.21: Dependencia de otro estimulante, en remisión||||||||||||||||||F20
K72.00: Insuficiencia hepática aguda y subaguda sin coma|K74.60: Cirrosis de hígado no especificada|I48.91: Fibrilación auricular no especificada|||||||||||||||||||F20
|F60.9: Trastorno de personalidad, no especificado|Z59.0: Persona sin hogar|||||||||||||||||||F29
F84.5: Síndrome de Asperger||F70: Discapacidad intelectual leve|Z81.8: Historia familiar de otros trastornos mentales y del comportamiento|Z04.6: Contacto para reconocimiento médico psiquiátrico general, solicitado por la autoridad|Z91.048: Estado de alergia a otras sustancias no medicinales||||||||||||||||F20
|F71: Discapacidad intelectual moderada|S80.00XA: Contusión de rodilla no especificada, contacto inicial|W06.XXXA: Caída desde cama, contacto inicial|Y92.230: Habitación del paciente en hospital como lugar del acontecimiento de la causa externa|E03.9: Hipotiroidismo, no especificado||||||||||||||||F20
|F71: Discapacidad intelectual moderada|E03.9: Hipotiroidismo, no especificado|||||||||||||||||||F20
|F71: Discapacidad intelectual moderada|N39.0: Infección de tracto urinario, localización no especificada|E78.5: Hiperlipidemia, no especificada|E03.9: Hipotiroidismo, no especificado|E66.9: Obesidad, no especificada|Z68.32: Índice de masa corporal [IMC] 32.0-32.9, adulto|Z91.19: Incumplimiento del paciente con otro tratamiento y régimen médico|Z98.51: Estado de ligadura de trompas (de Falopio)|||||||||||||F20
|I42.4: Fibroelastosis endocárdica|Q87.1: Síndromes malformativos congénitos asociados principalmente con estatura baja|Z95.2: Presencia de válvula cardiaca protésica||||||||||||||||||F29
|F12.20: Dependencia de cannabis, sin complicaciones|F60.9: Trastorno de personalidad, no especificado|||||||||||||||||||F22
|F60.3: Trastorno límite de personalidad|F14.21: Dependencia de cocaína, en remisión|Z65.1: Prisión y otros tipos de encarcelamiento||||||||||||||||||F29
|Z59.0: Persona sin hogar||||||||||||||||||||F29
|Z91.19: Incumplimiento del paciente con otro tratamiento y régimen médico|Z04.6: Contacto para reconocimiento médico psiquiátrico general, solicitado por la autoridad|||||||||||||||||||F29
|G40.109: Epilepsia (focal) (parcial) sintomática relacionada con la localización y síndromes epilépticos con crisis parciales simples, no intratable, sin estado de mal epiléptico|Z91.19: Incumplimiento del paciente con otro tratamiento y régimen médico|Z81.8: Historia familiar de otros trastornos mentales y del comportamiento|Z04.6: Contacto para reconocimiento médico psiquiátrico general, solicitado por la autoridad|||||||||||||||||F29
|G40.909: Epilepsia, no especificada, no intratable, sin estado de mal epiléptico|Z81.8: Historia familiar de otros trastornos mentales y del comportamiento|||||||||||||||||||F29
|R41.83: Capacidad intelectual límite|E66.9: Obesidad, no especificada|E03.9: Hipotiroidismo, no especificado||||||||||||||||||F25
|E88.81: Síndrome metabólico|Z79.84: Uso prolongado (actual) de medicamentos hipoglucemiantes orales|J45.901: Asma no especificada con exacerbación (aguda)||||||||||||||||||F25
E87.1: Hiposmolaridad e hiponatremia|R63.1: Polidipsia|T50.905A: Efecto adverso de fármacos, medicamentos y sustancias biológicas no especificados, contacto inicial||B19.20: Hepatitis vírica C no especificada, sin coma hepático|Z98.41: Estado de extracción de catarata, ojo derecho|Z98.42: Estado de extracción de catarata, ojo izquierdo|||||||||||||||F20
|B18.2: Hepatitis vírica crónica tipo C||||||||||||||||||||F20
S42.292A: Otro tipo de fractura desplazada de extremo superior de húmero izquierdo, contacto inicial por fractura cerrada|S82.52XA: Fractura desplazada de maléolo medial de tibia izquierda, contacto inicial por fractura cerrada|S42.192A: Fractura de otra parte de escápula del hombro izquierdo, contacto inicial por fractura cerrada|S32.502A: Fractura de pubis izquierda, contacto inicial por fractura cerrada|S22.069A: Fractura no especificada de vértebra D7-D8, contacto inicial por fractura cerrada|S22.089A: Fractura no especificada de vértebras D11-D12, contacto inicial por fractura cerrada|S32.029A: Fractura no especificada de segunda vértebra lumbar, contacto inicial por fractura cerrada|S22.21XA: Fractura de manubrio, contacto inicial por fractura cerrada|S22.5XXA: Volet torácico, contacto inicial por fractura cerrada|S27.1XXA: Hemotórax traumático, contacto inicial|T79.7XXA: Enfisema subcutáneo traumático, contacto inicial|V09.9XXA: Peatón lesionado en accidente de transporte no especificado, contacto inicial|Y92.410: Calle y carretera no especificadas como lugar del acontecimiento de la causa externa|D64.9: Anemia, no especificada|D64.9: Anemia, no especificada|J96.01: Insuficiencia respiratoria aguda con hipoxia|I10: Hipertensión esencial (primaria)|F31.9: Trastorno bipolar, no especificado||K57.30: Diverticulosis de colon sin perforación ni absceso, sin hemorragia|Z86.010: Historia personal de pólipos colónicos|F22
|I10: Hipertensión esencial (primaria)|Z04.6: Contacto para reconocimiento médico psiquiátrico general, solicitado por la autoridad|F14.10: Abuso de cocaína, sin complicaciones||||||||||||||||||F22
|Z04.6: Contacto para reconocimiento médico psiquiátrico general, solicitado por la autoridad||||||||||||||||||||F22
|F10.10: Abuso de alcohol, sin complicaciones|F14.10: Abuso de cocaína, sin complicaciones|R45.851: Ideaciones suicidas||||||||||||||||||F23
|F12.20: Dependencia de cannabis, sin complicaciones|E78.5: Hiperlipidemia, no especificada|E66.9: Obesidad, no especificada|I10: Hipertensión esencial (primaria)|F17.210: Dependencia de nicotina, cigarrillos, sin complicaciones||||||||||||||||F25
A41.9: Sepsis, microorganismo no especificado|J98.8: Otros trastornos respiratorios especificados|I50.9: Insuficiencia cardiaca, no especificada|G31.84: Deterioro cognitivo leve de etiología incierta o desconocida|F43.20: Trastorno adaptativo, no especificado||F41.9: Trastorno de ansiedad, no especificado|M19.90: Artrosis no especificada, localización no especificada|H91.90: Pérdida de audición no especificada, oído no especificado|Z59.3: Problemas relacionados con la vida en una institución residencial||||||||||||F29
|F12.90: Consumo de cannabis no especificado, sin complicaciones||||||||||||||||||||F29
K80.10: Cálculo de vesícula biliar con colecistitis crónica sin obstrucción|||||||||||||||||||||F20
|F09: Trastorno mental no especificado debido a afección fisiológica conocida||||||||||||||||||||F22
K62.3: Prolapso rectal|E03.9: Hipotiroidismo, no especificado|I10: Hipertensión esencial (primaria)|E78.5: Hiperlipidemia, no especificada||||||||||||||||||F20
I11.0: Enfermedad cardíaca hipertensiva con insuficiencia cardiaca|I50.9: Insuficiencia cardiaca, no especificada|I48.2: Fibrilación auricular crónica|I08.1: Trastornos reumáticos tanto de la válvula mitral como de la tricúspide|I27.2: Otra hipertensión pulmonar secundaria|M79.3: Paniculitis, no especificada|L30.9: Dermatitis, no especificada|E11.9: Diabetes mellitus tipo 2 sin complicaciones|Z79.84: Uso prolongado (actual) de medicamentos hipoglucemiantes orales|Z86.19: Historia personal de otras enfermedades infecciosas y parasitarias||D80.1: Hipogammaglobulinemia no familiar|Z91.09: Otro tipo de estado de alergia, distinta a fármacos, medicamentos y sustancias biológicas|||||||||F29
F43.10: Trastorno por estrés postraumático, no especificado|||||||||||||||||||||F29
F43.10: Trastorno por estrés postraumático, no especificado||F10.10: Abuso de alcohol, sin complicaciones|F12.10: Abuso de cannabis, sin complicaciones||||||||||||||||||F29
K61.0: Absceso anal||F14.20: Dependencia de cocaína, sin complicaciones|F12.20: Dependencia de cannabis, sin complicaciones|F10.20: Dependencia de alcohol, sin complicaciones|E02: Hipotiroidismo subclínico por carencia de yodo|Z86.11: Historia personal de tuberculosis|||||||||||||||F20
|F12.29: Dependencia de cannabis con trastorno no especificado inducido por cannabis|Z04.6: Contacto para reconocimiento médico psiquiátrico general, solicitado por la autoridad|Z60.2: Problemas relacionados con vivir solo||||||||||||||||||F29
|A15.9: Tuberculosis respiratoria no especificada|F12.10: Abuso de cannabis, sin complicaciones|||||||||||||||||||F29
|Z91.14: Otro incumplimiento del paciente de la prescripción médica||||||||||||||||||||F22
J18.1: Neumonía lobar, microorganismo no especificado|J96.90: Insuficiencia respiratoria no especificada, sin especificar si con hipoxia o con hipercapnia|I48.91: Fibrilación auricular no especificada|Z95.2: Presencia de válvula cardiaca protésica|B18.2: Hepatitis vírica crónica tipo C||D69.6: Trombocitopenia no especificada|Z86.11: Historia personal de tuberculosis|Z59.3: Problemas relacionados con la vida en una institución residencial|||||||||||||F29
|E03.9: Hipotiroidismo, no especificado|Z90.49: Ausencia adquirida de otras partes especificadas del tracto digestivo|||||||||||||||||||F22
|F31.9: Trastorno bipolar, no especificado|E11.9: Diabetes mellitus tipo 2 sin complicaciones|Z79.4: Uso prolongado (actual) de insulina||||||||||||||||||F20
L03.311: Celulitis de pared abdominal|E11.9: Diabetes mellitus tipo 2 sin complicaciones|E66.9: Obesidad, no especificada|||||||||||||||||||F29
I11.0: Enfermedad cardíaca hipertensiva con insuficiencia cardiaca|I50.9: Insuficiencia cardiaca, no especificada|I42.0: Miocardiopatía dilatada|E11.9: Diabetes mellitus tipo 2 sin complicaciones|B18.2: Hepatitis vírica crónica tipo C|F17.210: Dependencia de nicotina, cigarrillos, sin complicaciones|F10.10: Abuso de alcohol, sin complicaciones|F12.10: Abuso de cannabis, sin complicaciones||||||||||||||F20
J20.9: Bronquitis aguda, no especificada|E11.65: Diabetes mellitus tipo 2 con hiperglucemia|N17.9: Fallo renal agudo, no especificado|E11.22: Diabetes mellitus tipo 2 con nefropatía diabética crónica|I12.9: Enfermedad renal crónica hipertensiva con enfermedad renal crónica en estadio 1 a 4 o con enfermedad renal crónica no especificada|N18.9: Enfermedad renal crónica, no especificada|E87.1: Hiposmolaridad e hiponatremia|E03.9: Hipotiroidismo, no especificado||F03.90: Demencia no especificada, gravedad no especificada, sin alteración del comportamiento, alteración psicótica, alteración del estado de ánimo ni ansiedad|D53.1: Otras anemias megaloblásticas, no clasificadas bajo otro concepto|H91.90: Pérdida de audición no especificada, oído no especificado|Z79.4: Uso prolongado (actual) de insulina|Z79.82: Uso prolongado (actual) de aspirina|Z79.82: Uso prolongado (actual) de aspirina|Z74.3: Necesidad de supervisión continua||||||F20
J98.8: Otros trastornos respiratorios especificados|N28.9: Trastorno del riñón y del uréter, no especificado|D64.9: Anemia, no especificada|I10: Hipertensión esencial (primaria)|E11.65: Diabetes mellitus tipo 2 con hiperglucemia|E03.9: Hipotiroidismo, no especificado|E89.0: Hipotiroidismo posprocedimiento|||||||||||||||F20
E87.1: Hiposmolaridad e hiponatremia|T17.908A: Cuerpo extraño no especificado en vías respiratorias, parte no especificada, que produce otras lesiones, contacto inicial|G31.89: Otras enfermedades degenerativas especificadas del sistema nervioso|R13.10: Disfagia, no especificada|I10: Hipertensión esencial (primaria)|E11.9: Diabetes mellitus tipo 2 sin complicaciones|Z79.4: Uso prolongado (actual) de insulina|E89.0: Hipotiroidismo posprocedimiento||D53.1: Otras anemias megaloblásticas, no clasificadas bajo otro concepto|H91.90: Pérdida de audición no especificada, oído no especificado|L89.90: Úlcera por presión en sitio no especificado, estadio no especificado|Z74.3: Necesidad de supervisión continua|||||||||F20
R11.10: Vómitos, no especificados|F09: Trastorno mental no especificado debido a afección fisiológica conocida|I10: Hipertensión esencial (primaria)|E11.9: Diabetes mellitus tipo 2 sin complicaciones|E89.0: Hipotiroidismo posprocedimiento|D53.1: Otras anemias megaloblásticas, no clasificadas bajo otro concepto||Z79.4: Uso prolongado (actual) de insulina|Z79.82: Uso prolongado (actual) de aspirina|Z74.3: Necesidad de supervisión continua||||||||||||F20
N17.9: Fallo renal agudo, no especificado|N13.1: Hidronefrosis con estenosis ureteral, no clasificada bajo otro concepto|C64.2: Neoplasia maligna de riñón izquierdo, excepto pelvis renal|R31.0: Hematuria macroscópica|I10: Hipertensión esencial (primaria)|E79.0: Hiperuricemia sin signos de artritis inflamatoria y enfermedad tofácea||||||||||||||||F20
C64.2: Neoplasia maligna de riñón izquierdo, excepto pelvis renal|N17.9: Fallo renal agudo, no especificado|N13.9: Uropatía obstructiva y por reflujo, no especificada|I10: Hipertensión esencial (primaria)|E79.0: Hiperuricemia sin signos de artritis inflamatoria y enfermedad tofácea|||||||||||||||||F20
T82.7XXA: Infección y reacción inflamatoria por (debida a) otros dispositivos, implantes e injertos cardiacos y vasculares, contacto inicial|B95.61: Infección por Staphylococcus aureus sensible a meticilina como causa de enfermedades clasificadas bajo otro concepto|I33.0: Endocarditis infecciosa aguda y subaguda|B95.61: Infección por Staphylococcus aureus sensible a meticilina como causa de enfermedades clasificadas bajo otro concepto|I12.0: Enfermedad renal crónica hipertensiva con enfermedad renal crónica en estadio 5 o con enfermedad renal en estadio terminal|N18.5: Enfermedad renal crónica, estadio fase 5|Z99.2: Dependencia de diálisis renal||Z85.528: Historia personal de otra neoplasia maligna de riñón|Z90.5: Ausencia adquirida de riñón||||||||||||F20
I12.0: Enfermedad renal crónica hipertensiva con enfermedad renal crónica en estadio 5 o con enfermedad renal en estadio terminal|N18.5: Enfermedad renal crónica, estadio fase 5|Z90.5: Ausencia adquirida de riñón|||||||||||||||||||F20
A41.9: Sepsis, microorganismo no especificado|K65.1: Absceso peritoneal|L97.419: Úlcera crónica no debida a presión de talón y mediopie derechos, de gravedad no especificada|L08.9: Infección local de la piel y del tejido subcutáneo, no especificada|I10: Hipertensión esencial (primaria)|E11.9: Diabetes mellitus tipo 2 sin complicaciones|E78.5: Hiperlipidemia, no especificada|F03.90: Demencia no especificada, gravedad no especificada, sin alteración del comportamiento, alteración psicótica, alteración del estado de ánimo ni ansiedad|I69.398: Otras secuelas de infarto cerebral||B19.20: Hepatitis vírica C no especificada, sin coma hepático|Z90.710: Ausencia adquirida de ambos, de cuello uterino y de útero|K59.39: Otro tipo de megacolon|Z74.3: Necesidad de supervisión continua|Z74.3: Necesidad de supervisión continua|||||||F29
|F60.9: Trastorno de personalidad, no especificado|C96.6: Histiocitosis de células de Langerhans unifocal|J43.9: Enfisema, no especificado|K22.0: Acalasia de cardias|G56.03: Síndrome del túnel carpiano, ambas extremidades superiores|F10.10: Abuso de alcohol, sin complicaciones|||||||||||||||F22
|J44.9: Enfermedad pulmonar obstructiva crónica, no especificada|J96.01: Insuficiencia respiratoria aguda con hipoxia|E10.9: Diabetes mellitus tipo 1 sin complicaciones|N39.0: Infección de tracto urinario, localización no especificada|Z04.6: Contacto para reconocimiento médico psiquiátrico general, solicitado por la autoridad|Z60.2: Problemas relacionados con vivir solo|||||||||||||||F22
|T50.905A: Efecto adverso de fármacos, medicamentos y sustancias biológicas no especificados, contacto inicial|I73.9: Enfermedad vascular periférica, no especificada|E04.2: Bocio multinodular no tóxico|I10: Hipertensión esencial (primaria)|I47.2: Taquicardia ventricular|K59.00: Estreñimiento, no especificado|Z90.710: Ausencia adquirida de ambos, de cuello uterino y de útero|M41.86: Otras formas de escoliosis, región lumbar|||||||||||||F29
E83.51: Hipocalcemia|E83.42: Hipomagnesemia|E53.8: Carencia de otras vitaminas del grupo B especificadas|S83.004A: Luxación no especificada de rótula derecha, contacto inicial|W19.XXXA: Caída no especificada, contacto inicial|I48.91: Fibrilación auricular no especificada|F09: Trastorno mental no especificado debido a afección fisiológica conocida|I11.0: Enfermedad cardíaca hipertensiva con insuficiencia cardiaca|I50.9: Insuficiencia cardiaca, no especificada|E11.9: Diabetes mellitus tipo 2 sin complicaciones|Z79.84: Uso prolongado (actual) de medicamentos hipoglucemiantes orales|E78.5: Hiperlipidemia, no especificada|L40.9: Psoriasis, no especificada|M10.9: Gota, no especificada|M10.9: Gota, no especificada|I25.2: Infarto de miocardio antiguo|F32.9: Trastorno depresivo mayor, episodio único, no especificado||F10.10: Abuso de alcohol, sin complicaciones|F17.200: Dependencia de nicotina no especificada, sin complicaciones|Z95.5: Presencia de angioplastia, injertos y prótesis coronarios|F29
|I10: Hipertensión esencial (primaria)|E66.01: Obesidad mórbida (severa) por exceso de calorías|Z99.89: Dependencia de otras máquinas y dispositivos de apoyo|J44.9: Enfermedad pulmonar obstructiva crónica, no especificada|Z60.2: Problemas relacionados con vivir solo|Z72.0: Consumo de tabaco|||||||||||||||F20
J44.1: Enfermedad pulmonar obstructiva crónica con exacerbación (aguda)|J96.21: Insuficiencia respiratoria aguda y crónica con hipoxia|J96.22: Insuficiencia respiratoria aguda y crónica con hipercapnia|E87.2: Acidosis|E66.2: Obesidad mórbida (severa) con hipoventilación alveolar||F17.210: Dependencia de nicotina, cigarrillos, sin complicaciones|I10: Hipertensión esencial (primaria)|Z99.89: Dependencia de otras máquinas y dispositivos de apoyo|E78.5: Hiperlipidemia, no especificada|Z60.2: Problemas relacionados con vivir solo|||||||||||F20
|F21: Trastorno esquizotípico|F12.10: Abuso de cannabis, sin complicaciones|Z04.6: Contacto para reconocimiento médico psiquiátrico general, solicitado por la autoridad|Z91.19: Incumplimiento del paciente con otro tratamiento y régimen médico|||||||||||||||||F20
J18.9: Neumonía, microorganismo no especificado|J96.00: Insuficiencia respiratoria aguda no especificada si con hipoxia o con hipercapnia||Z87.891: Historia personal de dependencia a nicotina||||||||||||||||||F20
|Z91.19: Incumplimiento del paciente con otro tratamiento y régimen médico|Z04.6: Contacto para reconocimiento médico psiquiátrico general, solicitado por la autoridad|||||||||||||||||||F20
|Z81.8: Historia familiar de otros trastornos mentales y del comportamiento||||||||||||||||||||F20
|Z91.19: Incumplimiento del paciente con otro tratamiento y régimen médico||||||||||||||||||||F22
|Z91.19: Incumplimiento del paciente con otro tratamiento y régimen médico|Z71.89: Otro asesoramiento específico|||||||||||||||||||F20
I70.269: Aterosclerosis de arterias nativas de extremidades con gangrena, extremidad no especificada|B96.4: Proteus (mirabilis) (morganii) como causa de enfermedades clasificadas bajo otro concepto|Z95.820: Estado angioplastia vascular periférico con implantes e injertos|F10.10: Abuso de alcohol, sin complicaciones|Z72.0: Consumo de tabaco|||||||||||||||||F20
|Z91.19: Incumplimiento del paciente con otro tratamiento y régimen médico|B18.2: Hepatitis vírica crónica tipo C|F10.10: Abuso de alcohol, sin complicaciones|N47.0: Prepucio adherente del recién nacido|Z04.6: Contacto para reconocimiento médico psiquiátrico general, solicitado por la autoridad||||||||||||||||F20
|I10: Hipertensión esencial (primaria)|E04.1: Nódulo tiroideo único no tóxico|Z04.6: Contacto para reconocimiento médico psiquiátrico general, solicitado por la autoridad|R32: Incontinencia urinaria no especificada|G25.89: Otros trastornos extrapiramidales y del movimiento especificados||Z87.442: Historia personal de cálculos urinarios|Z86.73: Historia personal de ataque isquémico transitorio (AIT) e infarto cerebral sin déficits residuales|||||||||||||F22
|I10: Hipertensión esencial (primaria)|Z86.718: Historia personal de otro tipo de trombosis y embolia venosas|Z04.6: Contacto para reconocimiento médico psiquiátrico general, solicitado por la autoridad|Z91.19: Incumplimiento del paciente con otro tratamiento y régimen médico|Z87.442: Historia personal de cálculos urinarios||||||||||||||||F22
|I10: Hipertensión esencial (primaria)|I69.898: Otras secuelas de enfermedad cerebrovascular|G40.901: Epilepsia, no especificada, no intratable, con estado de mal epiléptico|Z81.8: Historia familiar de otros trastornos mentales y del comportamiento|Z87.442: Historia personal de cálculos urinarios||||||||||||||||F22
I63.30: Infarto cerebral debido a trombosis de arteria cerebral no especificada|G81.93: Hemiplejia no especificada que afecta a lado derecho no dominante|E78.4: Otros tipos de hiperlipidemia|E11.9: Diabetes mellitus tipo 2 sin complicaciones|I10: Hipertensión esencial (primaria)|N40.0: Hiperplasia prostática benigna sin síntomas de tracto urinario inferior||H54.60: Pérdida de visión sin calificar, un ojo, no especificado||||||||||||||F20
|E78.4: Otros tipos de hiperlipidemia|I10: Hipertensión esencial (primaria)|Z88.0: Estado de alergia a penicilina|Z63.5: Ruptura familiar por separación y divorcio|Z62.1: Sobreprotección parental|Z60.2: Problemas relacionados con vivir solo|||||||||||||||F20
F32.9: Trastorno depresivo mayor, episodio único, no especificado||C61: Neoplasia maligna de próstata|I10: Hipertensión esencial (primaria)|Z91.19: Incumplimiento del paciente con otro tratamiento y régimen médico|Z60.2: Problemas relacionados con vivir solo|Z81.8: Historia familiar de otros trastornos mentales y del comportamiento|Z91.89: Otros factores específicos de riesgo personal, no clasificados bajo otro concepto||||||||||||||F20
|Z04.6: Contacto para reconocimiento médico psiquiátrico general, solicitado por la autoridad|Z91.19: Incumplimiento del paciente con otro tratamiento y régimen médico|||||||||||||||||||F20
J96.00: Insuficiencia respiratoria aguda no especificada si con hipoxia o con hipercapnia||R76.0: Elevación del título de anticuerpos|E66.9: Obesidad, no especificada|F17.200: Dependencia de nicotina no especificada, sin complicaciones|F10.21: Dependencia de alcohol, en remisión||||||||||||||||F20
I63.59: Infarto cerebral debido a oclusión o estenosis no especificada de otra arteria cerebral|H51.20: Oftalmoplejia internuclear, ojo no especificado|E78.0: Hipercolesterolemia pura||F17.200: Dependencia de nicotina no especificada, sin complicaciones|||||||||||||||||F20
F25.9: Trastorno esquizoafectivo, no especificado|||||||||||||||||||||F20
F25.9: Trastorno esquizoafectivo, no especificado|F60.89: Otros tipos de trastornos específicos de personalidad|B18.2: Hepatitis vírica crónica tipo C|Z91.19: Incumplimiento del paciente con otro tratamiento y régimen médico||||||||||||||||||F20
|F10.10: Abuso de alcohol, sin complicaciones|Z91.19: Incumplimiento del paciente con otro tratamiento y régimen médico|Z04.6: Contacto para reconocimiento médico psiquiátrico general, solicitado por la autoridad||||||||||||||||||F20
N84.0: Pólipo del cuerpo uterino|E03.9: Hipotiroidismo, no especificado|Z88.6: Estado de alergia a analgésico|||||||||||||||||||F20
A41.9: Sepsis, microorganismo no especificado|A41.9: Sepsis, microorganismo no especificado|K80.63: Cálculo de vesícula y conducto biliar con colecistitis aguda con obstrucción||J43.9: Enfisema, no especificado|J96.10: Insuficiencia respiratoria crónica no especificada si con hipoxia o con hipercapnia|Z99.81: Dependencia de oxígeno suplementario|||||||||||||||F20
J18.9: Neumonía, microorganismo no especificado|J44.9: Enfermedad pulmonar obstructiva crónica, no especificada||I49.8: Otras arritmias cardiacas especificadas|Z87.19: Historia personal de otras enfermedades del aparato digestivo|||||||||||||||||F20
K43.9: Hernia ventral sin obstrucción ni gangrena|Z53.09: Procedimiento y tratamiento no realizados debido a otra contraindicación|J06.9: Infección respiratoria aguda del tracto respiratorio superior, no especificada||Z79.891: Uso prolongado (actual) de analgésicos opiáceos|||||||||||||||||F20
K43.9: Hernia ventral sin obstrucción ni gangrena|||||||||||||||||||||F20
|F12.20: Dependencia de cannabis, sin complicaciones|Z04.6: Contacto para reconocimiento médico psiquiátrico general, solicitado por la autoridad|Z81.8: Historia familiar de otros trastornos mentales y del comportamiento|Z91.19: Incumplimiento del paciente con otro tratamiento y régimen médico|||||||||||||||||F20
|F10.10: Abuso de alcohol, sin complicaciones|Z91.19: Incumplimiento del paciente con otro tratamiento y régimen médico|||||||||||||||||||F20
|Z04.6: Contacto para reconocimiento médico psiquiátrico general, solicitado por la autoridad|Z91.19: Incumplimiento del paciente con otro tratamiento y régimen médico|||||||||||||||||||F22
K55.20: Angiodisplasia de colon sin hemorragia|K59.00: Estreñimiento, no especificado|N71.9: Enfermedad inflamatoria del útero, no especificada||R68.89: Otros síntomas y signos generales|||||||||||||||||F20
M17.9: Artrosis de rodilla no especificada||F32.9: Trastorno depresivo mayor, episodio único, no especificado|||||||||||||||||||F20
R07.82: Dolor intercostal|F60.4: Trastorno de personalidad histriónica||I10: Hipertensión esencial (primaria)|E78.4: Otros tipos de hiperlipidemia|Z87.891: Historia personal de dependencia a nicotina||||||||||||||||F22
I82.419: Embolia y trombosis agudas de vena femoral no especificada|I26.99: Otra embolia pulmonar sin cor pulmonale agudo|J47.9: Bronquiectasias, sin complicaciones|B90.9: Secuelas de tuberculosis respiratoria y de tuberculosis no especificada||I67.81: Insuficiencia cerebrovascular aguda||||||||||||||||F20
F25.9: Trastorno esquizoafectivo, no especificado|E03.9: Hipotiroidismo, no especificado|F17.200: Dependencia de nicotina no especificada, sin complicaciones|Z04.6: Contacto para reconocimiento médico psiquiátrico general, solicitado por la autoridad||||||||||||||||||F20
|E78.1: Hipergliceridemia pura||||||||||||||||||||F20
|F10.10: Abuso de alcohol, sin complicaciones|K70.0: Hígado graso alcohólico|F12.10: Abuso de cannabis, sin complicaciones|F14.10: Abuso de cocaína, sin complicaciones|E78.0: Hipercolesterolemia pura|Z04.6: Contacto para reconocimiento médico psiquiátrico general, solicitado por la autoridad|Z56.0: Desempleo, no especificado|Z91.19: Incumplimiento del paciente con otro tratamiento y régimen médico|||||||||||||F20
I50.9: Insuficiencia cardiaca, no especificada|I27.2: Otra hipertensión pulmonar secundaria|J96.00: Insuficiencia respiratoria aguda no especificada si con hipoxia o con hipercapnia|I10: Hipertensión esencial (primaria)|K57.30: Diverticulosis de colon sin perforación ni absceso, sin hemorragia|I07.1: Insuficiencia tricuspídea reumática|F32.9: Trastorno depresivo mayor, episodio único, no especificado|||||||||||||||F22
T82.818A: Embolia debida a prótesis, implantes e injertos vasculares, contacto inicial|N18.6: Enfermedad renal en estadio terminal|Z99.2: Dependencia de diálisis renal|E03.9: Hipotiroidismo, no especificado||J42: Bronquitis crónica no especificada||||||||||||||||F20
|F60.5: Trastorno de personalidad obsesivo-compulsivo||||||||||||||||||||F23
Z43.3: Contacto para cuidados de colostomía|K74.0: Fibrosis hepática|B18.2: Hepatitis vírica crónica tipo C||F17.200: Dependencia de nicotina no especificada, sin complicaciones|Z79.891: Uso prolongado (actual) de analgésicos opiáceos|Z90.49: Ausencia adquirida de otras partes especificadas del tracto digestivo|Z87.19: Historia personal de otras enfermedades del aparato digestivo||||||||||||||F20
T81.31XA: Ruptura de herida operatoria (quirúrgica) externa, no clasificada bajo otro concepto, contacto inicial|K68.11: Absceso retroperitoneal posprocedimiento|Z90.49: Ausencia adquirida de otras partes especificadas del tracto digestivo|F17.200: Dependencia de nicotina no especificada, sin complicaciones|K74.0: Fibrosis hepática||B18.2: Hepatitis vírica crónica tipo C|F17.200: Dependencia de nicotina no especificada, sin complicaciones||||||||||||||F20
K80.01: Cálculo de vesícula biliar con colecistitis aguda con obstrucción|K82.3: Fístula de vesícula biliar|K65.9: Peritonitis, no especificada|B18.2: Hepatitis vírica crónica tipo C|K83.0: Colangitis|A41.9: Sepsis, microorganismo no especificado|R65.20: Sepsis grave sin shock séptico|J96.00: Insuficiencia respiratoria aguda no especificada si con hipoxia o con hipercapnia|I50.9: Insuficiencia cardiaca, no especificada|K76.7: Síndrome hepatorrenal|E43: Malnutrición calórico-proteica grave no especificada|||||||||||F20
|F05: Delirio debido a afección fisiológica conocida|J43.9: Enfisema, no especificado|J98.8: Otros trastornos respiratorios especificados|Z86.79: Historia personal de otras enfermedades del aparato circulatorio|Z95.828: Presencia de otros implantes e injertos vasculares|I10: Hipertensión esencial (primaria)|Z91.19: Incumplimiento del paciente con otro tratamiento y régimen médico||||||||||||||F20
F25.9: Trastorno esquizoafectivo, no especificado|G31.84: Deterioro cognitivo leve de etiología incierta o desconocida|H91.90: Pérdida de audición no especificada, oído no especificado|E78.4: Otros tipos de hiperlipidemia|Z59.3: Problemas relacionados con la vida en una institución residencial|||||||||||||||||F20
F25.9: Trastorno esquizoafectivo, no especificado|G31.84: Deterioro cognitivo leve de etiología incierta o desconocida|H91.90: Pérdida de audición no especificada, oído no especificado|K04.6: Absceso periapical absceso con sinus|E78.4: Otros tipos de hiperlipidemia|Z59.3: Problemas relacionados con la vida en una institución residencial||||||||||||||||F20
G21.0: Síndrome neuroléptico maligno|J96.00: Insuficiencia respiratoria aguda no especificada si con hipoxia o con hipercapnia|F25.9: Trastorno esquizoafectivo, no especificado|F22: Trastornos delirantes|G31.84: Deterioro cognitivo leve de etiología incierta o desconocida|F17.200: Dependencia de nicotina no especificada, sin complicaciones|Z59.3: Problemas relacionados con la vida en una institución residencial|||||||||||||||F20
J44.1: Enfermedad pulmonar obstructiva crónica con exacerbación (aguda)|J98.8: Otros trastornos respiratorios especificados|B96.3: Haemophilus influenzae [H. influenzae] como causa de enfermedades clasificadas bajo otro concepto|J96.20: Insuficiencia respiratoria aguda y crónica no especificada si con hipoxia o con hipercapnia|Z99.81: Dependencia de oxígeno suplementario||Z59.3: Problemas relacionados con la vida en una institución residencial|||||||||||||||F20
J44.1: Enfermedad pulmonar obstructiva crónica con exacerbación (aguda)|J98.8: Otros trastornos respiratorios especificados|J96.00: Insuficiencia respiratoria aguda no especificada si con hipoxia o con hipercapnia||F17.200: Dependencia de nicotina no especificada, sin complicaciones|||||||||||||||||F20
J44.1: Enfermedad pulmonar obstructiva crónica con exacerbación (aguda)|J98.8: Otros trastornos respiratorios especificados|J96.20: Insuficiencia respiratoria aguda y crónica no especificada si con hipoxia o con hipercapnia||F17.200: Dependencia de nicotina no especificada, sin complicaciones|Z99.81: Dependencia de oxígeno suplementario|Z59.3: Problemas relacionados con la vida en una institución residencial|||||||||||||||F20
J44.1: Enfermedad pulmonar obstructiva crónica con exacerbación (aguda)|J98.8: Otros trastornos respiratorios especificados|J96.20: Insuficiencia respiratoria aguda y crónica no especificada si con hipoxia o con hipercapnia||F17.200: Dependencia de nicotina no especificada, sin complicaciones|Z99.81: Dependencia de oxígeno suplementario||||||||||||||||F20
J44.1: Enfermedad pulmonar obstructiva crónica con exacerbación (aguda)|J96.00: Insuficiencia respiratoria aguda no especificada si con hipoxia o con hipercapnia||F17.200: Dependencia de nicotina no especificada, sin complicaciones|Z59.3: Problemas relacionados con la vida en una institución residencial|||||||||||||||||F20
|J44.1: Enfermedad pulmonar obstructiva crónica con exacerbación (aguda)|J96.20: Insuficiencia respiratoria aguda y crónica no especificada si con hipoxia o con hipercapnia|M81.0: Osteoporosis relacionada con la edad, sin fractura patológica actual|M48.50XA: Vértebra colapsada, no clasificada bajo otro concepto, localización no especificada, contacto inicial por fractura|F17.200: Dependencia de nicotina no especificada, sin complicaciones|Z59.3: Problemas relacionados con la vida en una institución residencial|||||||||||||||F20
|I49.9: Arritmia cardiaca, no especificada|Z79.01: Uso prolongado (actual) de anticoagulantes|Z59.3: Problemas relacionados con la vida en una institución residencial|Z04.6: Contacto para reconocimiento médico psiquiátrico general, solicitado por la autoridad|||||||||||||||||F20
|E11.9: Diabetes mellitus tipo 2 sin complicaciones|C67.9: Neoplasia maligna de vejiga, no especificada|R33.9: Retención urinaria, no especificada|K76.6: Hipertensión portal|I85.10: Varices esofágicas secundarias sin hemorragia|Z91.19: Incumplimiento del paciente con otro tratamiento y régimen médico|Z60.2: Problemas relacionados con vivir solo||||||||||||||F20
C18.9: Neoplasia maligna de colon, no especificada|J96.00: Insuficiencia respiratoria aguda no especificada si con hipoxia o con hipercapnia|D63.0: Anemia en enfermedad neoplásica|K57.30: Diverticulosis de colon sin perforación ni absceso, sin hemorragia|N28.1: Quiste de riñón, adquirido|I35.0: Estenosis (de la válvula) aórtica no reumática||G30.9: Enfermedad de Alzheimer, no especificada|F02.80: Demencia en otras enfermedades clasificadas bajo otro concepto, gravedad no especificada, sin alteración del comportamiento, alteración psicótica, alteración del estado de ánimo ni ansiedad|Z59.3: Problemas relacionados con la vida en una institución residencial|D12.0: Neoplasia benigna de ciego|||||||||||F20
C18.9: Neoplasia maligna de colon, no especificada|D63.0: Anemia en enfermedad neoplásica|K57.30: Diverticulosis de colon sin perforación ni absceso, sin hemorragia|N28.1: Quiste de riñón, adquirido|G91.1: Hidrocefalia obstructiva|I35.0: Estenosis (de la válvula) aórtica no reumática||G30.9: Enfermedad de Alzheimer, no especificada|F02.80: Demencia en otras enfermedades clasificadas bajo otro concepto, gravedad no especificada, sin alteración del comportamiento, alteración psicótica, alteración del estado de ánimo ni ansiedad|Z59.3: Problemas relacionados con la vida en una institución residencial||||||||||||F20
K40.20: Hernia inguinal bilateral, sin obstrucción ni gangrena, no especificada como recidivada|D78.01: Hemorragia intraoperatoria y hematoma del bazo complicando un procedimiento sobre el bazo||||||||||||||||||||F20
E11.00: Diabetes mellitus tipo 2 con hiperosmolaridad sin coma hiperglucémico hiperosmolar no cetósico (CHHNC)||N39.0: Infección de tracto urinario, localización no especificada|B96.21: Escherichia coli [E. coli] [STEC] O157 productor de toxina Shiga como causa de enfermedades clasificadas bajo otro concepto|I10: Hipertensión esencial (primaria)|||||||||||||||||F20
K42.9: Hernia umbilical sin obstrucción ni gangrena|E11.9: Diabetes mellitus tipo 2 sin complicaciones||||||||||||||||||||F20
T22.019A: Quemadura de grado no especificado de antebrazo no especificado, contacto inicial|||I10: Hipertensión esencial (primaria)||||||||||||||||||F20
T22.019A: Quemadura de grado no especificado de antebrazo no especificado, contacto inicial|||F79: Discapacidad intelectual no especificada|I10: Hipertensión esencial (primaria)|Z59.3: Problemas relacionados con la vida en una institución residencial||||||||||||||||F20
D50.9: Anemia ferropénica, no especificada|K22.70: Esófago de Barrett sin displasia|J18.9: Neumonía, microorganismo no especificado|F17.200: Dependencia de nicotina no especificada, sin complicaciones||||||||||||||||||F20
J98.8: Otros trastornos respiratorios especificados|R06.00: Disnea no especificada||K22.2: Obstrucción de esófago|K22.70: Esófago de Barrett sin displasia|F17.200: Dependencia de nicotina no especificada, sin complicaciones|I95.9: Hipotensión, no especificada|L68.0: Hirsutismo||||||||||||||F20
J69.0: Neumonitis debida a inhalación de alimentos y vómito||K22.2: Obstrucción de esófago|K22.70: Esófago de Barrett sin displasia|F17.200: Dependencia de nicotina no especificada, sin complicaciones|I95.9: Hipotensión, no especificada|L68.0: Hirsutismo|||||||||||||||F20
I26.99: Otra embolia pulmonar sin cor pulmonale agudo|J84.09: Otras enfermedades alveolares y parietoalveolares|K92.0: Hematemesis|D62: Anemia poshemorrágica aguda|K20.9: Esofagitis, no especificada||F32.9: Trastorno depresivo mayor, episodio único, no especificado|F17.200: Dependencia de nicotina no especificada, sin complicaciones|K22.2: Obstrucción de esófago|K22.70: Esófago de Barrett sin displasia|K44.9: Hernia diafragmática sin obstrucción ni gangrena|Z59.3: Problemas relacionados con la vida en una institución residencial||||||||||F20
C34.10: Neoplasia maligna de lóbulo superior, bronquio y pulmón no especificados|J44.9: Enfermedad pulmonar obstructiva crónica, no especificada|J13: Neumonía por Streptococcus pneumoniae|F17.200: Dependencia de nicotina no especificada, sin complicaciones||||||||||||||||||F20
F25.9: Trastorno esquizoafectivo, no especificado|E78.0: Hipercolesterolemia pura|Z86.718: Historia personal de otro tipo de trombosis y embolia venosas|Z04.6: Contacto para reconocimiento médico psiquiátrico general, solicitado por la autoridad|Z91.19: Incumplimiento del paciente con otro tratamiento y régimen médico|Z59.3: Problemas relacionados con la vida en una institución residencial||||||||||||||||F20
F25.9: Trastorno esquizoafectivo, no especificado|E03.9: Hipotiroidismo, no especificado||||||||||||||||||||F20
|Z60.2: Problemas relacionados con vivir solo|Z81.8: Historia familiar de otros trastornos mentales y del comportamiento|Z88.0: Estado de alergia a penicilina|Z87.442: Historia personal de cálculos urinarios|||||||||||||||||F22
|E11.9: Diabetes mellitus tipo 2 sin complicaciones|I10: Hipertensión esencial (primaria)|E78.4: Otros tipos de hiperlipidemia|Z60.2: Problemas relacionados con vivir solo|Z91.19: Incumplimiento del paciente con otro tratamiento y régimen médico||||||||||||||||F22
|F10.10: Abuso de alcohol, sin complicaciones|F14.10: Abuso de cocaína, sin complicaciones|||||||||||||||||||F20
|F70: Discapacidad intelectual leve||||||||||||||||||||F20
J44.1: Enfermedad pulmonar obstructiva crónica con exacerbación (aguda)|J96.20: Insuficiencia respiratoria aguda y crónica no especificada si con hipoxia o con hipercapnia|Z99.81: Dependencia de oxígeno suplementario|J98.8: Otros trastornos respiratorios especificados|J86.9: Piotórax sin fístula|E11.8: Diabetes mellitus tipo 2 con complicaciones no especificadas||K59.00: Estreñimiento, no especificado|I27.81: Cor pulmonale (crónico)|M48.50XA: Vértebra colapsada, no clasificada bajo otro concepto, localización no especificada, contacto inicial por fractura|G82.20: Paraplejia, no especificada||F17.200: Dependencia de nicotina no especificada, sin complicaciones|||||||||F20
Z13.83: Contacto para cribado de trastorno respiratorio NCOC|J96.10: Insuficiencia respiratoria crónica no especificada si con hipoxia o con hipercapnia|J44.9: Enfermedad pulmonar obstructiva crónica, no especificada|Z99.81: Dependencia de oxígeno suplementario|E66.9: Obesidad, no especificada|E11.9: Diabetes mellitus tipo 2 sin complicaciones|E78.4: Otros tipos de hiperlipidemia||G81.90: Hemiplejia no especificada que afecta a lado no especificado|F17.200: Dependencia de nicotina no especificada, sin complicaciones||||||||||||F20
J44.1: Enfermedad pulmonar obstructiva crónica con exacerbación (aguda)|J98.8: Otros trastornos respiratorios especificados|I50.9: Insuficiencia cardiaca, no especificada|J91.8: Derrame pleural en otras afecciones clasificadas bajo otro concepto|E11.9: Diabetes mellitus tipo 2 sin complicaciones||I27.81: Cor pulmonale (crónico)|M48.50XA: Vértebra colapsada, no clasificada bajo otro concepto, localización no especificada, contacto inicial por fractura|G82.20: Paraplejia, no especificada|K57.30: Diverticulosis de colon sin perforación ni absceso, sin hemorragia|D63.8: Anemia en otras enfermedades crónicas clasificadas bajo otro concepto|F17.200: Dependencia de nicotina no especificada, sin complicaciones||||||||||F20
I35.0: Estenosis (de la válvula) aórtica no reumática|I25.10: Enfermedad cardiaca aterosclerótica de arteria coronaria nativa sin angina de pecho|J95.821: Insuficiencia respiratoria aguda posprocedimiento|J44.1: Enfermedad pulmonar obstructiva crónica con exacerbación (aguda)|I48.91: Fibrilación auricular no especificada||K76.0: Hígado graso (degeneración grasa) de hígado, no clasificado bajo otro concepto|J62.8: Neumoconiosis debida a otro tipo de polvo que contiene sílice|F10.10: Abuso de alcohol, sin complicaciones|E66.9: Obesidad, no especificada|E78.4: Otros tipos de hiperlipidemia|Z87.891: Historia personal de dependencia a nicotina||||||||||F20
J44.0: Enfermedad pulmonar obstructiva crónica con infección (aguda) de las vías respiratorias inferiores|J96.20: Insuficiencia respiratoria aguda y crónica no especificada si con hipoxia o con hipercapnia|Z99.81: Dependencia de oxígeno suplementario|E04.2: Bocio multinodular no tóxico|I12.9: Enfermedad renal crónica hipertensiva con enfermedad renal crónica en estadio 1 a 4 o con enfermedad renal crónica no especificada|N18.9: Enfermedad renal crónica, no especificada|I50.9: Insuficiencia cardiaca, no especificada|G20: Enfermedad de Parkinson|G31.84: Deterioro cognitivo leve de etiología incierta o desconocida|K58.9: Síndrome de intestino irritable sin diarrea|F25.9: Trastorno esquizoafectivo, no especificado|M41.20: Otra escoliosis idiopática, localización no especificada|Z86.73: Historia personal de ataque isquémico transitorio (AIT) e infarto cerebral sin déficits residuales|||||||||F20
E86.0: Deshidratación|N17.9: Fallo renal agudo, no especificado|E11.618: Diabetes mellitus tipo 2 con otra artropatía diabética|R78.81: Bacteriemia|B95.61: Infección por Staphylococcus aureus sensible a meticilina como causa de enfermedades clasificadas bajo otro concepto|B37.0: Estomatitis candidiásica|G20: Enfermedad de Parkinson|G31.84: Deterioro cognitivo leve de etiología incierta o desconocida|F25.9: Trastorno esquizoafectivo, no especificado|I34.0: Insuficiencia (de la válvula) mitral no reumática|J96.10: Insuficiencia respiratoria crónica no especificada si con hipoxia o con hipercapnia|Z99.81: Dependencia de oxígeno suplementario|J42: Bronquitis crónica no especificada|||||||||F20
J44.1: Enfermedad pulmonar obstructiva crónica con exacerbación (aguda)|R09.02: Hipoxemia|J98.8: Otros trastornos respiratorios especificados|E11.9: Diabetes mellitus tipo 2 sin complicaciones|Z79.4: Uso prolongado (actual) de insulina|I12.9: Enfermedad renal crónica hipertensiva con enfermedad renal crónica en estadio 1 a 4 o con enfermedad renal crónica no especificada|N18.9: Enfermedad renal crónica, no especificada|G20: Enfermedad de Parkinson|G31.84: Deterioro cognitivo leve de etiología incierta o desconocida|E04.2: Bocio multinodular no tóxico|F25.9: Trastorno esquizoafectivo, no especificado|K58.9: Síndrome de intestino irritable sin diarrea||||||||||F20
I09.81: Insuficiencia cardiaca reumática|I50.9: Insuficiencia cardiaca, no especificada|I05.0: Estenosis mitral reumática|Z79.01: Uso prolongado (actual) de anticoagulantes|I48.92: Flutter auricular no especificado|I51.89: Otras enfermedades mal definidas cardiacas|F17.200: Dependencia de nicotina no especificada, sin complicaciones|E66.9: Obesidad, no especificada|E78.0: Hipercolesterolemia pura|J42: Bronquitis crónica no especificada|E03.9: Hipotiroidismo, no especificado|||||||||||F20
I09.81: Insuficiencia cardiaca reumática|I08.0: Trastornos reumáticos tanto de la válvula mitral como de la aórtica|J42: Bronquitis crónica no especificada|E03.9: Hipotiroidismo, no especificado||E78.0: Hipercolesterolemia pura|F17.200: Dependencia de nicotina no especificada, sin complicaciones|||||||||||||||F20
I09.81: Insuficiencia cardiaca reumática|I50.1: Insuficiencia ventricular izquierda, no especificada|I05.1: Insuficiencia mitral reumática|I07.1: Insuficiencia tricuspídea reumática|I48.91: Fibrilación auricular no especificada|Z79.01: Uso prolongado (actual) de anticoagulantes|E66.9: Obesidad, no especificada|F17.200: Dependencia de nicotina no especificada, sin complicaciones|E03.9: Hipotiroidismo, no especificado|E78.0: Hipercolesterolemia pura|J42: Bronquitis crónica no especificada|||||||||||F20
I05.2: Estenosis mitral reumática con insuficiencia|I07.1: Insuficiencia tricuspídea reumática|I27.2: Otra hipertensión pulmonar secundaria|I48.91: Fibrilación auricular no especificada|Z79.01: Uso prolongado (actual) de anticoagulantes|J42: Bronquitis crónica no especificada|F17.200: Dependencia de nicotina no especificada, sin complicaciones||E78.0: Hipercolesterolemia pura|E66.9: Obesidad, no especificada|E03.9: Hipotiroidismo, no especificado|N63: Bulto no especificado de mama|N99.89: Otras complicaciones y trastornos posprocedimiento del aparato genitourinario|||||||||F20
I97.0: Síndrome poscardiotomía|I50.20: Insuficiencia cardiaca sistólica (congestiva), no especificada|I50.9: Insuficiencia cardiaca, no especificada|Z95.2: Presencia de válvula cardiaca protésica|I07.1: Insuficiencia tricuspídea reumática|I48.91: Fibrilación auricular no especificada|Z79.01: Uso prolongado (actual) de anticoagulantes|Z87.891: Historia personal de dependencia a nicotina|E78.9: Trastorno del metabolismo de las lipoproteínas, no especificado||E03.9: Hipotiroidismo, no especificado|||||||||||F20
I48.91: Fibrilación auricular no especificada|Z95.2: Presencia de válvula cardiaca protésica|Z79.01: Uso prolongado (actual) de anticoagulantes|E66.9: Obesidad, no especificada||J42: Bronquitis crónica no especificada|E78.0: Hipercolesterolemia pura|F17.200: Dependencia de nicotina no especificada, sin complicaciones||||||||||||||F20
F25.9: Trastorno esquizoafectivo, no especificado|E78.0: Hipercolesterolemia pura|E03.9: Hipotiroidismo, no especificado|I83.90: Venas varicosas asintomáticas de extremidad inferior no especificada|Z95.2: Presencia de válvula cardiaca protésica|K11.5: Sialolitiasis||||||||||||||||F20
I50.9: Insuficiencia cardiaca, no especificada|I07.1: Insuficiencia tricuspídea reumática|I48.92: Flutter auricular no especificado|I48.91: Fibrilación auricular no especificada|Z95.2: Presencia de válvula cardiaca protésica|E11.9: Diabetes mellitus tipo 2 sin complicaciones|J44.9: Enfermedad pulmonar obstructiva crónica, no especificada|E03.9: Hipotiroidismo, no especificado||E78.4: Otros tipos de hiperlipidemia|Z79.01: Uso prolongado (actual) de anticoagulantes|Z87.891: Historia personal de dependencia a nicotina||||||||||F20
F25.9: Trastorno esquizoafectivo, no especificado|E78.0: Hipercolesterolemia pura|E03.9: Hipotiroidismo, no especificado|N60.19: Mastopatía quística difusa de mama no especificada|I48.91: Fibrilación auricular no especificada|E11.9: Diabetes mellitus tipo 2 sin complicaciones|J42: Bronquitis crónica no especificada|L40.0: Psoriasis vulgar|Z95.2: Presencia de válvula cardiaca protésica|Z79.4: Uso prolongado (actual) de insulina||||||||||||F20
|E03.9: Hipotiroidismo, no especificado|Z81.8: Historia familiar de otros trastornos mentales y del comportamiento|Z04.6: Contacto para reconocimiento médico psiquiátrico general, solicitado por la autoridad|Z91.19: Incumplimiento del paciente con otro tratamiento y régimen médico|||||||||||||||||F20
H26.9: Catarata no especificada||F79: Discapacidad intelectual no especificada|Z91.19: Incumplimiento del paciente con otro tratamiento y régimen médico||||||||||||||||||F20
|Z91.19: Incumplimiento del paciente con otro tratamiento y régimen médico|Z04.6: Contacto para reconocimiento médico psiquiátrico general, solicitado por la autoridad|||||||||||||||||||F20
|I95.2: Hipotensión debida a fármacos||Z04.6: Contacto para reconocimiento médico psiquiátrico general, solicitado por la autoridad|Z60.2: Problemas relacionados con vivir solo|Z81.8: Historia familiar de otros trastornos mentales y del comportamiento|Z87.11: Historia personal de enfermedad ulcerosa péptica|Z91.19: Incumplimiento del paciente con otro tratamiento y régimen médico||||||||||||||F20
D21.20: Neoplasia benigna de tejido conjuntivo y otros tejidos blandos de extremidad inferior no especificada, incluyendo cadera|K64.9: Hemorroides no especificadas||||||||||||||||||||F20
S02.0XXA: Fractura de bóveda de cráneo, contacto inicial por fractura cerrada|S06.4X6A: Hemorragia epidural, con pérdida de conciencia de más de 24 horas sin retorno al nivel de conciencia preexistente, con supervivencia del paciente, contacto inicial|S82.201B: Fractura no especificada de diáfisis de tibia derecha, contacto inicial por fractura abierta tipo I, II o NEOM|S01.02XA: Desgarro con cuerpo extraño de cuero cabelludo, contacto inicial|||I12.9: Enfermedad renal crónica hipertensiva con enfermedad renal crónica en estadio 1 a 4 o con enfermedad renal crónica no especificada|N18.9: Enfermedad renal crónica, no especificada|E11.9: Diabetes mellitus tipo 2 sin complicaciones|N40.0: Hiperplasia prostática benigna sin síntomas de tracto urinario inferior||||||||||||F20
K80.51: Cálculo de conducto biliar sin colangitis ni colecistitis, con obstrucción|J38.5: Espasmo de la laringe|N40.0: Hiperplasia prostática benigna sin síntomas de tracto urinario inferior||Z87.891: Historia personal de dependencia a nicotina|||||||||||||||||F20
K80.18: Cálculo de vesícula biliar con otro tipo de colecistitis sin obstrucción|K66.0: Adherencias peritoneales (posprocedimiento) (posinfección)|N40.0: Hiperplasia prostática benigna sin síntomas de tracto urinario inferior|||||||||||||||||||F20
|Z60.2: Problemas relacionados con vivir solo|Z62.891: Rivalidad entre hermanos|||||||||||||||||||F20
F25.9: Trastorno esquizoafectivo, no especificado|Z60.2: Problemas relacionados con vivir solo|Z91.19: Incumplimiento del paciente con otro tratamiento y régimen médico|||||||||||||||||||F20
F30.12: Episodio maníaco sin síntomas psicóticos, moderado|F25.9: Trastorno esquizoafectivo, no especificado|F07.0: Alteración de personalidad debida a afección fisiológica conocida|F10.10: Abuso de alcohol, sin complicaciones|Z91.19: Incumplimiento del paciente con otro tratamiento y régimen médico|Z81.8: Historia familiar de otros trastornos mentales y del comportamiento||||||||||||||||F20
F30.12: Episodio maníaco sin síntomas psicóticos, moderado|F25.9: Trastorno esquizoafectivo, no especificado|F07.0: Alteración de personalidad debida a afección fisiológica conocida|Z63.72: Alcoholismo y drogadicción en la familia|Z81.8: Historia familiar de otros trastornos mentales y del comportamiento|Z91.19: Incumplimiento del paciente con otro tratamiento y régimen médico||||||||||||||||F20
F25.9: Trastorno esquizoafectivo, no especificado|F07.0: Alteración de personalidad debida a afección fisiológica conocida|Z81.8: Historia familiar de otros trastornos mentales y del comportamiento|Z87.11: Historia personal de enfermedad ulcerosa péptica|Z91.89: Otros factores específicos de riesgo personal, no clasificados bajo otro concepto|Z87.11: Historia personal de enfermedad ulcerosa péptica|Z63.72: Alcoholismo y drogadicción en la familia|||||||||||||||F20
|F10.20: Dependencia de alcohol, sin complicaciones|Z60.2: Problemas relacionados con vivir solo|Z56.0: Desempleo, no especificado|Z91.19: Incumplimiento del paciente con otro tratamiento y régimen médico|G21.11: Parkinsonismo inducido por neurolépticos||||||||||||||||F22
|Z91.19: Incumplimiento del paciente con otro tratamiento y régimen médico|Z60.2: Problemas relacionados con vivir solo|||||||||||||||||||F22
|F10.20: Dependencia de alcohol, sin complicaciones|Z91.19: Incumplimiento del paciente con otro tratamiento y régimen médico|Z04.6: Contacto para reconocimiento médico psiquiátrico general, solicitado por la autoridad|Z60.2: Problemas relacionados con vivir solo|||||||||||||||||F22
|V61.0: Conductor de vehículo de transporte pesado lesionado en colisión con vehículo a pedales en un accidente no de tráfico|Z81.8: Historia familiar de otros trastornos mentales y del comportamiento|E78.4: Otros tipos de hiperlipidemia||||||||||||||||||F23
|I10: Hipertensión esencial (primaria)|G21.11: Parkinsonismo inducido por neurolépticos|N40.0: Hiperplasia prostática benigna sin síntomas de tracto urinario inferior|Z60.2: Problemas relacionados con vivir solo|Z91.19: Incumplimiento del paciente con otro tratamiento y régimen médico||||||||||||||||F20
C20: Neoplasia maligna de recto|C79.51: Neoplasia maligna secundaria de hueso|C79.82: Neoplasia maligna secundaria de órganos genitales|K61.0: Absceso anal||Z59.3: Problemas relacionados con la vida en una institución residencial|E43: Malnutrición calórico-proteica grave no especificada|||||||||||||||F20
C20: Neoplasia maligna de recto|K61.0: Absceso anal|C79.51: Neoplasia maligna secundaria de hueso|Z93.3: Estado de colostomía|D18.03: Hemangioma de estructuras intraabdominales||Z59.3: Problemas relacionados con la vida en una institución residencial|E43: Malnutrición calórico-proteica grave no especificada||||||||||||||F20
C20: Neoplasia maligna de recto|K61.0: Absceso anal|C79.51: Neoplasia maligna secundaria de hueso|Z93.3: Estado de colostomía||Z59.3: Problemas relacionados con la vida en una institución residencial||||||||||||||||F20
K83.0: Colangitis|K75.0: Absceso de hígado|B95.61: Infección por Staphylococcus aureus sensible a meticilina como causa de enfermedades clasificadas bajo otro concepto||I50.30: Insuficiencia cardiaca diastólica (congestiva), no especificada|||||||||||||||||F20
C85.80: Otros tipos especificados de linfoma no Hodgkin, localización no especificada|J18.9: Neumonía, microorganismo no especificado|D50.9: Anemia ferropénica, no especificada|E04.2: Bocio multinodular no tóxico||||||||||||||||||F20
J18.9: Neumonía, microorganismo no especificado|J44.1: Enfermedad pulmonar obstructiva crónica con exacerbación (aguda)|J96.00: Insuficiencia respiratoria aguda no especificada si con hipoxia o con hipercapnia|||||||||||||||||||F20
G93.41: Encefalopatía metabólica|J44.9: Enfermedad pulmonar obstructiva crónica, no especificada|J96.10: Insuficiencia respiratoria crónica no especificada si con hipoxia o con hipercapnia||F50.8: Otros trastornos de la conducta alimentaria|G40.901: Epilepsia, no especificada, no intratable, con estado de mal epiléptico||||||||||||||||F20
J15.211: Neumonía debida a Staphylococcus aureus sensible a meticilina|Z16.11: Resistencia a penicilinas|J44.1: Enfermedad pulmonar obstructiva crónica con exacerbación (aguda)|J96.20: Insuficiencia respiratoria aguda y crónica no especificada si con hipoxia o con hipercapnia|Z99.81: Dependencia de oxígeno suplementario||F17.200: Dependencia de nicotina no especificada, sin complicaciones|||||||||||||||F20
J96.20: Insuficiencia respiratoria aguda y crónica no especificada si con hipoxia o con hipercapnia|J98.8: Otros trastornos respiratorios especificados|J44.9: Enfermedad pulmonar obstructiva crónica, no especificada|Z99.81: Dependencia de oxígeno suplementario||I50.9: Insuficiencia cardiaca, no especificada||||||||||||||||F20
F60.4: Trastorno de personalidad histriónica||F70: Discapacidad intelectual leve|E11.9: Diabetes mellitus tipo 2 sin complicaciones|Z04.6: Contacto para reconocimiento médico psiquiátrico general, solicitado por la autoridad|Z63.5: Ruptura familiar por separación y divorcio|Z59.3: Problemas relacionados con la vida en una institución residencial|Z79.4: Uso prolongado (actual) de insulina||||||||||||||F20
M27.2: Afecciones inflamatorias de los maxilares|M84.419A: Fractura patológica, hombro no especificado, contacto inicial por fractura|K02.9: Caries dental, no especificada|Z85.21: Historia personal de neoplasia maligna de laringe|Z93.0: Estado de traqueostomía||F10.10: Abuso de alcohol, sin complicaciones|||||||||||||||F20
M27.2: Afecciones inflamatorias de los maxilares|L59.9: Trastorno de la piel y del tejido subcutáneo relacionado con la radiación, no especificado|K12.2: Celulitis y absceso de boca||Z85.21: Historia personal de neoplasia maligna de laringe|Z93.0: Estado de traqueostomía|Z92.3: Historia personal de irradiación|F10.10: Abuso de alcohol, sin complicaciones||||||||||||||F20
R55: Síncope y colapso|N39.0: Infección de tracto urinario, localización no especificada|B95.61: Infección por Staphylococcus aureus sensible a meticilina como causa de enfermedades clasificadas bajo otro concepto|E11.9: Diabetes mellitus tipo 2 sin complicaciones|E78.4: Otros tipos de hiperlipidemia||F17.200: Dependencia de nicotina no especificada, sin complicaciones|Z59.3: Problemas relacionados con la vida en una institución residencial||||||||||||||F20
I46.9: Paro cardiaco, causa no especificada|G21.0: Síndrome neuroléptico maligno|||E11.8: Diabetes mellitus tipo 2 con complicaciones no especificadas|E78.4: Otros tipos de hiperlipidemia|F10.10: Abuso de alcohol, sin complicaciones|Z87.891: Historia personal de dependencia a nicotina|Z87.440: Historia personal de infecciones del tracto urinario|Z59.3: Problemas relacionados con la vida en una institución residencial||||||||||||F20
J98.8: Otros trastornos respiratorios especificados|J96.00: Insuficiencia respiratoria aguda no especificada si con hipoxia o con hipercapnia|F17.200: Dependencia de nicotina no especificada, sin complicaciones||F70: Discapacidad intelectual leve|||||||||||||||||F20
K80.00: Cálculo de vesícula biliar con colecistitis aguda sin obstrucción|E11.8: Diabetes mellitus tipo 2 con complicaciones no especificadas|I10: Hipertensión esencial (primaria)||E78.0: Hipercolesterolemia pura|||||||||||||||||F20
K80.18: Cálculo de vesícula biliar con otro tipo de colecistitis sin obstrucción|E11.9: Diabetes mellitus tipo 2 sin complicaciones|I10: Hipertensión esencial (primaria)|E78.4: Otros tipos de hiperlipidemia||K76.0: Hígado graso (degeneración grasa) de hígado, no clasificado bajo otro concepto|Z59.3: Problemas relacionados con la vida en una institución residencial|||||||||||||||F20
C50.419: Neoplasia maligna de cuadrante superior externo de mama femenina, lado no especificado|D05.90: Carcinoma in situ de tipo no especificado de mama no especificada||M81.0: Osteoporosis relacionada con la edad, sin fractura patológica actual||||||||||||||||||F20
|F12.10: Abuso de cannabis, sin complicaciones|Z91.19: Incumplimiento del paciente con otro tratamiento y régimen médico|Z82.0: Historia familiar de epilepsia y otras enfermedades del sistema nervioso||||||||||||||||||F20
N04.9: Síndrome nefrótico con cambios morfológicos no especificados||E03.9: Hipotiroidismo, no especificado|||||||||||||||||||F20
E86.0: Deshidratación|R30.1: Tenesmo vesical|E11.9: Diabetes mellitus tipo 2 sin complicaciones||T56.4X1A: Efecto tóxico de cobre y sus compuestos, accidental (no intencionado), contacto inicial|||||||||||||||||F20
F25.9: Trastorno esquizoafectivo, no especificado|Z04.6: Contacto para reconocimiento médico psiquiátrico general, solicitado por la autoridad|Z60.2: Problemas relacionados con vivir solo|Z91.19: Incumplimiento del paciente con otro tratamiento y régimen médico||||||||||||||||||F20
G30.9: Enfermedad de Alzheimer, no especificada|F02.81: Demencia en otras enfermedades clasificadas bajo otro concepto, gravedad no especificada, con alteración del comportamiento||E03.9: Hipotiroidismo, no especificado|E78.2: Hiperlipidemia mixta|E66.9: Obesidad, no especificada|M16.9: Artrosis de cadera no especificada|||||||||||||||F22
S06.0X0A: Conmoción sin pérdida de conciencia, contacto inicial|S22.39XA: Fractura de una costilla, lado no especificado, contacto inicial por fractura cerrada|S27.329A: Contusión de pulmón no especificado, contacto inicial|J95.821: Insuficiencia respiratoria aguda posprocedimiento||Z93.0: Estado de traqueostomía||F17.200: Dependencia de nicotina no especificada, sin complicaciones||||||||||||||F20
|F60.1: Trastorno esquizoide de personalidad|J32.4: Pansinusitis crónica|||||||||||||||||||F29
C67.9: Neoplasia maligna de vejiga, no especificada|E11.9: Diabetes mellitus tipo 2 sin complicaciones||||||||||||||||||||F20
I63.139: Infarto cerebral debido a embolia de arteria carótida no especificada|C67.9: Neoplasia maligna de vejiga, no especificada|Z79.891: Uso prolongado (actual) de analgésicos opiáceos|E11.9: Diabetes mellitus tipo 2 sin complicaciones||F17.200: Dependencia de nicotina no especificada, sin complicaciones||||||||||||||||F20
N99.89: Otras complicaciones y trastornos posprocedimiento del aparato genitourinario|N13.9: Uropatía obstructiva y por reflujo, no especificada|Z85.46: Historia personal de neoplasia maligna de próstata|Z90.6: Ausencia adquirida de otras partes del tracto urinario|Z90.79: Ausencia adquirida de otro (-s) órgano (-s) genital (-es)|Z93.6: Estado de otros estomas artificiales del tracto urinario|Z92.21: Historia personal de quimioterapia antineoplásica||Z86.73: Historia personal de ataque isquémico transitorio (AIT) e infarto cerebral sin déficits residuales|Z79.82: Uso prolongado (actual) de aspirina|E11.9: Diabetes mellitus tipo 2 sin complicaciones|||||||||||F20
T83.090A: Otra complicación mecánica de catéter de cistostomía, contacto inicial|Z93.6: Estado de otros estomas artificiales del tracto urinario|Z85.51: Historia personal de neoplasia maligna de vejiga|Z90.6: Ausencia adquirida de otras partes del tracto urinario|Z85.46: Historia personal de neoplasia maligna de próstata|Z90.79: Ausencia adquirida de otro (-s) órgano (-s) genital (-es)|Z92.21: Historia personal de quimioterapia antineoplásica||E11.9: Diabetes mellitus tipo 2 sin complicaciones|Z86.73: Historia personal de ataque isquémico transitorio (AIT) e infarto cerebral sin déficits residuales|Z79.82: Uso prolongado (actual) de aspirina|||||||||||F20
N17.9: Fallo renal agudo, no especificado|M62.82: Rabdomiolisis|K71.6: Hepatopatía tóxica con hepatitis, no clasificada bajo otro concepto|S52.509A: Fractura no especificada de extremo inferior de radio no especificado, contacto inicial por fractura cerrada|F25.9: Trastorno esquizoafectivo, no especificado|E78.0: Hipercolesterolemia pura||||||||||||||||F20
|F60.5: Trastorno de personalidad obsesivo-compulsivo||||||||||||||||||||F20
|F60.5: Trastorno de personalidad obsesivo-compulsivo|Z60.2: Problemas relacionados con vivir solo|||||||||||||||||||F20
F22: Trastornos delirantes||Z81.8: Historia familiar de otros trastornos mentales y del comportamiento|Z04.6: Contacto para reconocimiento médico psiquiátrico general, solicitado por la autoridad|Z91.19: Incumplimiento del paciente con otro tratamiento y régimen médico|||||||||||||||||F20
I21.4: Infarto agudo de miocardio sin elevación de ST (IAMSEST) (IMNEST) (NSTEMI)|I25.10: Enfermedad cardiaca aterosclerótica de arteria coronaria nativa sin angina de pecho|I25.82: Oclusión total crónica de arteria coronaria|I25.2: Infarto de miocardio antiguo|I50.20: Insuficiencia cardiaca sistólica (congestiva), no especificada|I50.1: Insuficiencia ventricular izquierda, no especificada|R57.0: Shock cardiogénico|I48.91: Fibrilación auricular no especificada|I34.0: Insuficiencia (de la válvula) mitral no reumática|I45.10: Bloqueo de rama derecha no especificado|D50.9: Anemia ferropénica, no especificada|E11.9: Diabetes mellitus tipo 2 sin complicaciones||||||||||F20
F50.8: Otros trastornos de la conducta alimentaria|E87.1: Hiposmolaridad e hiponatremia|F71: Discapacidad intelectual moderada||E78.0: Hipercolesterolemia pura|||||||||||||||||F20
F71: Discapacidad intelectual moderada||F50.8: Otros trastornos de la conducta alimentaria|||||||||||||||||||F20
|Z91.19: Incumplimiento del paciente con otro tratamiento y régimen médico||||||||||||||||||||F20
I21.09: Infarto agudo de miocardio con elevación de ST (IAMCEST) (IMEST) (STEMI) con implicación de otra arteria coronaria de la cara anterior|I25.10: Enfermedad cardiaca aterosclerótica de arteria coronaria nativa sin angina de pecho|I10: Hipertensión esencial (primaria)|B18.1: Hepatitis vírica crónica tipo B, sin agente delta||F17.200: Dependencia de nicotina no especificada, sin complicaciones||||||||||||||||F20
F25.9: Trastorno esquizoafectivo, no especificado|I83.10: Venas varicosas de extremidad inferior no especificada con inflamación|F17.200: Dependencia de nicotina no especificada, sin complicaciones|R78.89: Hallazgo de otras sustancias especificadas, que no se encuentran normalmente en sangre||||||||||||||||||F20
J85.0: Gangrena y necrosis pulmonar|R59.9: Adenomegalia, no especificada|G40.901: Epilepsia, no especificada, no intratable, con estado de mal epiléptico|S15.9XXS: Traumatismo de vaso sanguíneo no especificado a nivel del cuello, secuela||F17.200: Dependencia de nicotina no especificada, sin complicaciones||||||||||||||||F20
|F07.0: Alteración de personalidad debida a afección fisiológica conocida|G40.901: Epilepsia, no especificada, no intratable, con estado de mal epiléptico|S06.9X9S: Traumatismo intracraneal no especificado, con pérdida de conciencia de duración no especificada, secuela|F14.10: Abuso de cocaína, sin complicaciones|F11.10: Abuso de opiáceos, sin complicaciones|Z04.6: Contacto para reconocimiento médico psiquiátrico general, solicitado por la autoridad|||||||||||||||F20
J44.1: Enfermedad pulmonar obstructiva crónica con exacerbación (aguda)||K44.9: Hernia diafragmática sin obstrucción ni gangrena|F17.200: Dependencia de nicotina no especificada, sin complicaciones|J47.9: Bronquiectasias, sin complicaciones|V02.62: V02.62||||||||||||||||F20
F25.9: Trastorno esquizoafectivo, no especificado|I67.2: Aterosclerosis cerebral|G31.84: Deterioro cognitivo leve de etiología incierta o desconocida|Z85.3: Historia personal de neoplasia maligna de mama|Z90.10: Ausencia adquirida de mama y pezón no especificados|V12.2: Ciclista no especificado lesionado en colisión con vehículo motorizado de dos o tres ruedas en un accidente no de tráfico||||||||||||||||F20
|E66.01: Obesidad mórbida (severa) por exceso de calorías|Z91.19: Incumplimiento del paciente con otro tratamiento y régimen médico|||||||||||||||||||F20
|E66.01: Obesidad mórbida (severa) por exceso de calorías||||||||||||||||||||F20
|Z81.8: Historia familiar de otros trastornos mentales y del comportamiento||||||||||||||||||||F20
|F60.9: Trastorno de personalidad, no especificado|G37.1: Desmielinización central del cuerpo calloso|F02.81: Demencia en otras enfermedades clasificadas bajo otro concepto, gravedad no especificada, con alteración del comportamiento|F17.200: Dependencia de nicotina no especificada, sin complicaciones|F10.20: Dependencia de alcohol, sin complicaciones|E43: Malnutrición calórico-proteica grave no especificada|||||||||||||||F20
E87.1: Hiposmolaridad e hiponatremia|R63.1: Polidipsia|R56.9: Convulsiones no especificadas|M62.82: Rabdomiolisis||F17.200: Dependencia de nicotina no especificada, sin complicaciones||||||||||||||||F20
|F79: Discapacidad intelectual no especificada||||||||||||||||||||F20
|I10: Hipertensión esencial (primaria)|G21.11: Parkinsonismo inducido por neurolépticos||Z81.8: Historia familiar de otros trastornos mentales y del comportamiento|Z90.710: Ausencia adquirida de ambos, de cuello uterino y de útero||||||||||||||||F22
|E88.09: Otros trastornos del metabolismo de las proteínas plasmáticas no clasificados bajo otro concepto|Z60.2: Problemas relacionados con vivir solo|Z81.8: Historia familiar de otros trastornos mentales y del comportamiento|K44.9: Hernia diafragmática sin obstrucción ni gangrena|Z86.72: Historia personal de tromboflebitis|Z90.710: Ausencia adquirida de ambos, de cuello uterino y de útero|Z91.19: Incumplimiento del paciente con otro tratamiento y régimen médico||||||||||||||F22
|F60.3: Trastorno límite de personalidad|Z91.19: Incumplimiento del paciente con otro tratamiento y régimen médico|Z04.6: Contacto para reconocimiento médico psiquiátrico general, solicitado por la autoridad||||||||||||||||||F20
R10.84: Dolor abdominal generalizado||Z86.11: Historia personal de tuberculosis|||||||||||||||||||F23
L44.0: Pitiriasis rubra pilaris|R40.0: Somnolencia||F32.9: Trastorno depresivo mayor, episodio único, no especificado|||Z86.11: Historia personal de tuberculosis|||||||||||||||F60.1
G40.309: Epilepsia y síndromes epilépticos generalizados idiopáticos, no intratables, sin estado de mal epiléptico|||Z86.11: Historia personal de tuberculosis||||||||||||||||||F60.1
|Z91.19: Incumplimiento del paciente con otro tratamiento y régimen médico|Z04.6: Contacto para reconocimiento médico psiquiátrico general, solicitado por la autoridad|Z81.8: Historia familiar de otros trastornos mentales y del comportamiento||||||||||||||||||F20
|E10.618: Diabetes mellitus tipo 1 con otras artropatías diabéticas|Z91.19: Incumplimiento del paciente con otro tratamiento y régimen médico|||||||||||||||||||F20
S61.409A: Herida abierta no especificada de mano no especificada, contacto inicial||E11.9: Diabetes mellitus tipo 2 sin complicaciones|||||||||||||||||||F20
C18.2: Neoplasia maligna de colon ascendente|G89.3: Dolor (agudo) (crónico) relacionado con neoplasia|C80.0: Neoplasia maligna diseminada, no especificada|||||||||||||||||||F22
C79.31: Neoplasia maligna secundaria de cerebro|C78.7: Neoplasia maligna secundaria de hígado y vías biliares intrahepáticas|C79.51: Neoplasia maligna secundaria de hueso|C77.8: Neoplasia maligna secundaria y no especificada de ganglios linfáticos de regiones múltiples|C79.70: Neoplasia maligna secundaria de glándula suprarrenal no especificada|C18.0: Neoplasia maligna de ciego|L92.1: Necrobiosis lipoidea no clasificada bajo otro concepto|||Z79.891: Uso prolongado (actual) de analgésicos opiáceos|Z80.0: Historia familiar de neoplasia maligna de órganos digestivos|||||||||||F22
F25.9: Trastorno esquizoafectivo, no especificado|Z81.8: Historia familiar de otros trastornos mentales y del comportamiento|Z98.89: Otros estados posprocedimiento especificados|Z87.798: Historia personal de otras malformaciones congénitas (corregidas)||||||||||||||||||F20
S93.06XA: Luxación de articulación de tobillo no especificado, contacto inicial|||F19.21: Dependencia de otra sustancia psicoactiva, en remisión|Z88.0: Estado de alergia a penicilina|||||||||||||||||F20
J98.8: Otros trastornos respiratorios especificados|D61.810: Pancitopenia debida a quimioterapia antineoplásica||G40.101: Epilepsia (focal) (parcial) sintomática relacionada con la localización y síndromes epilépticos con crisis parciales simples, no intratable, con estado de mal epiléptico|G93.81: Esclerosis temporal|Z86.19: Historia personal de otras enfermedades infecciosas y parasitarias|D47.Z9: Otros tumores especificados de comportamiento incierto de tejido linfático, hemopoyético y relacionados|||||||||||||||F20
C90.00: Mieloma múltiple, sin haber alcanzado remisión|E88.3: Síndrome de lisis tumoral||A41.9: Sepsis, microorganismo no especificado|R65.20: Sepsis grave sin shock séptico|R65.21: Sepsis grave con shock séptico|N17.9: Fallo renal agudo, no especificado|N39.0: Infección de tracto urinario, localización no especificada|B96.5: Pseudomonas (aeruginosa) (mallei) (pseudomallei) como causa de enfermedades clasificadas bajo otro concepto||G40.901: Epilepsia, no especificada, no intratable, con estado de mal epiléptico|||||||||||F20
N39.0: Infección de tracto urinario, localización no especificada|B96.5: Pseudomonas (aeruginosa) (mallei) (pseudomallei) como causa de enfermedades clasificadas bajo otro concepto|C90.00: Mieloma múltiple, sin haber alcanzado remisión|D61.810: Pancitopenia debida a quimioterapia antineoplásica||G40.101: Epilepsia (focal) (parcial) sintomática relacionada con la localización y síndromes epilépticos con crisis parciales simples, no intratable, con estado de mal epiléptico|Z86.19: Historia personal de otras enfermedades infecciosas y parasitarias|||||||||||||||F20
|F10.10: Abuso de alcohol, sin complicaciones|I10: Hipertensión esencial (primaria)|E78.4: Otros tipos de hiperlipidemia|Z04.6: Contacto para reconocimiento médico psiquiátrico general, solicitado por la autoridad|Z81.8: Historia familiar de otros trastornos mentales y del comportamiento||||||||||||||||F20
|L93.0: Lupus eritematoso discoide|Z04.6: Contacto para reconocimiento médico psiquiátrico general, solicitado por la autoridad|Z60.2: Problemas relacionados con vivir solo||||||||||||||||||F20
T43.501A: Envenenamiento por antipsicóticos y neurolépticos no especificados, accidental (no intencionado), contacto inicial||T42.4X1A: Envenenamiento por benzodiacepinas, accidental (no intencionado), contacto inicial||F25.9: Trastorno esquizoafectivo, no especificado|J69.0: Neumonitis debida a inhalación de alimentos y vómito|J96.20: Insuficiencia respiratoria aguda y crónica no especificada si con hipoxia o con hipercapnia|G47.33: Apnea obstructiva del sueño (del adulto) (pediátrica)|F17.200: Dependencia de nicotina no especificada, sin complicaciones|Z81.8: Historia familiar de otros trastornos mentales y del comportamiento|Z63.5: Ruptura familiar por separación y divorcio|Z90.89: Ausencia adquirida de otros órganos||||||||||F20
G47.8: Otros trastornos del sueño|E66.9: Obesidad, no especificada||Z87.19: Historia personal de otras enfermedades del aparato digestivo||||||||||||||||||F20
J18.9: Neumonía, microorganismo no especificado|J42: Bronquitis crónica no especificada|F25.9: Trastorno esquizoafectivo, no especificado|E66.9: Obesidad, no especificada|F17.200: Dependencia de nicotina no especificada, sin complicaciones|Z87.11: Historia personal de enfermedad ulcerosa péptica|Z90.89: Ausencia adquirida de otros órganos|||||||||||||||F20
|T50.901A: Envenenamiento por fármacos, medicamentos y sustancias biológicas no especificados, accidental (no intencionado), contacto inicial|F12.10: Abuso de cannabis, sin complicaciones|Z91.19: Incumplimiento del paciente con otro tratamiento y régimen médico|Z81.8: Historia familiar de otros trastornos mentales y del comportamiento|||||||||||||||||F20
|T60.1X1A: Efecto tóxico de insecticidas halogenados, accidental (no intencionado), contacto inicial|Z91.19: Incumplimiento del paciente con otro tratamiento y régimen médico|||||||||||||||||||F20
N83.20: Quistes ováricos no especificados|F17.200: Dependencia de nicotina no especificada, sin complicaciones||||||||||||||||||||F20
|Z91.19: Incumplimiento del paciente con otro tratamiento y régimen médico|Z90.79: Ausencia adquirida de otro (-s) órgano (-s) genital (-es)|||||||||||||||||||F20
E87.1: Hiposmolaridad e hiponatremia|I10: Hipertensión esencial (primaria)|J42: Bronquitis crónica no especificada|F17.200: Dependencia de nicotina no especificada, sin complicaciones|F25.9: Trastorno esquizoafectivo, no especificado|||||||||||||||||F20
F25.9: Trastorno esquizoafectivo, no especificado|F71: Discapacidad intelectual moderada||||||||||||||||||||F20
|F21: Trastorno esquizotípico|Z91.19: Incumplimiento del paciente con otro tratamiento y régimen médico|Z62.891: Rivalidad entre hermanos|Z59.0: Persona sin hogar|||||||||||||||||F29
|F10.20: Dependencia de alcohol, sin complicaciones|Z63.72: Alcoholismo y drogadicción en la familia|||||||||||||||||||F22
J44.1: Enfermedad pulmonar obstructiva crónica con exacerbación (aguda)|J98.8: Otros trastornos respiratorios especificados|J96.00: Insuficiencia respiratoria aguda no especificada si con hipoxia o con hipercapnia|F17.200: Dependencia de nicotina no especificada, sin complicaciones||Z90.79: Ausencia adquirida de otro (-s) órgano (-s) genital (-es)|R78.89: Hallazgo de otras sustancias especificadas, que no se encuentran normalmente en sangre|||||||||||||||F20
F25.9: Trastorno esquizoafectivo, no especificado|Z91.19: Incumplimiento del paciente con otro tratamiento y régimen médico||||||||||||||||||||F20
F25.9: Trastorno esquizoafectivo, no especificado|Z04.6: Contacto para reconocimiento médico psiquiátrico general, solicitado por la autoridad|Z91.19: Incumplimiento del paciente con otro tratamiento y régimen médico|Z63.5: Ruptura familiar por separación y divorcio||||||||||||||||||F20
|F60.89: Otros tipos de trastornos específicos de personalidad||||||||||||||||||||F20
|F60.9: Trastorno de personalidad, no especificado|F18.10: Abuso de inhalantes, sin complicaciones|D69.51: Púrpura postransfusional||Z81.8: Historia familiar de otros trastornos mentales y del comportamiento||||||||||||||||F20
F25.9: Trastorno esquizoafectivo, no especificado|F10.10: Abuso de alcohol, sin complicaciones|Z04.6: Contacto para reconocimiento médico psiquiátrico general, solicitado por la autoridad|||||||||||||||||||F20
F25.9: Trastorno esquizoafectivo, no especificado|K76.0: Hígado graso (degeneración grasa) de hígado, no clasificado bajo otro concepto|F17.200: Dependencia de nicotina no especificada, sin complicaciones|F10.10: Abuso de alcohol, sin complicaciones|Z04.6: Contacto para reconocimiento médico psiquiátrico general, solicitado por la autoridad|||||||||||||||||F20
S82.63XA: Fractura desplazada de maléolo lateral de peroné no especificado, contacto inicial por fractura cerrada|S82.899A: Otra fractura de pierna no especificada, contacto inicial por fractura cerrada|S92.009A: Fractura no especificada de calcáneo no especificado, contacto inicial por fractura cerrada|S32.10XA: Fractura no especificada de sacro, contacto inicial por fractura cerrada|S32.409A: Fractura no especificada de acetábulo no especificado, contacto inicial por fractura cerrada|S32.609A: Fractura no especificada de isquion no especificado, contacto inicial por fractura cerrada||B18.2: Hepatitis vírica crónica tipo C||Z59.3: Problemas relacionados con la vida en una institución residencial||||||||||||F20
|E11.9: Diabetes mellitus tipo 2 sin complicaciones|I10: Hipertensión esencial (primaria)|Z86.73: Historia personal de ataque isquémico transitorio (AIT) e infarto cerebral sin déficits residuales|Z56.0: Desempleo, no especificado|||||||||||||||||F22
F25.9: Trastorno esquizoafectivo, no especificado|I10: Hipertensión esencial (primaria)|H91.90: Pérdida de audición no especificada, oído no especificado|B18.2: Hepatitis vírica crónica tipo C|Z81.8: Historia familiar de otros trastornos mentales y del comportamiento|Z04.6: Contacto para reconocimiento médico psiquiátrico general, solicitado por la autoridad|Z91.19: Incumplimiento del paciente con otro tratamiento y régimen médico|||||||||||||||F20
F25.9: Trastorno esquizoafectivo, no especificado|I95.9: Hipotensión, no especificada|K76.0: Hígado graso (degeneración grasa) de hígado, no clasificado bajo otro concepto|K59.00: Estreñimiento, no especificado|Z60.2: Problemas relacionados con vivir solo|Z87.11: Historia personal de enfermedad ulcerosa péptica|Z81.8: Historia familiar de otros trastornos mentales y del comportamiento|Z82.0: Historia familiar de epilepsia y otras enfermedades del sistema nervioso|Z04.6: Contacto para reconocimiento médico psiquiátrico general, solicitado por la autoridad|||||||||||||F20
F25.9: Trastorno esquizoafectivo, no especificado|Z85.51: Historia personal de neoplasia maligna de vejiga|Z59.3: Problemas relacionados con la vida en una institución residencial|||||||||||||||||||F20
F25.9: Trastorno esquizoafectivo, no especificado|Z85.51: Historia personal de neoplasia maligna de vejiga|Z63.5: Ruptura familiar por separación y divorcio|Z59.3: Problemas relacionados con la vida en una institución residencial|Z91.19: Incumplimiento del paciente con otro tratamiento y régimen médico|||||||||||||||||F20
|I12.9: Enfermedad renal crónica hipertensiva con enfermedad renal crónica en estadio 1 a 4 o con enfermedad renal crónica no especificada|N18.9: Enfermedad renal crónica, no especificada|I50.9: Insuficiencia cardiaca, no especificada|E11.9: Diabetes mellitus tipo 2 sin complicaciones|I48.91: Fibrilación auricular no especificada|Z79.01: Uso prolongado (actual) de anticoagulantes|Z97.0: Presencia de ojo artificial|Z91.19: Incumplimiento del paciente con otro tratamiento y régimen médico|Z60.2: Problemas relacionados con vivir solo||||||||||||F20
Z03.89: Contacto para observación por sospecha de otras enfermedades y afecciones descartadas|Z85.028: Historia personal de otra neoplasia maligna de estómago|Z90.3: Ausencia adquirida (de parte) del estómago|||||||||||||||||||F20
F25.9: Trastorno esquizoafectivo, no especificado|E03.9: Hipotiroidismo, no especificado|E22.8: Otros tipos de hiperfunción de hipófisis|||||||||||||||||||F20
F25.9: Trastorno esquizoafectivo, no especificado|E03.9: Hipotiroidismo, no especificado|Z91.19: Incumplimiento del paciente con otro tratamiento y régimen médico|Z04.6: Contacto para reconocimiento médico psiquiátrico general, solicitado por la autoridad||||||||||||||||||F20
F25.9: Trastorno esquizoafectivo, no especificado|E05.90: Tirotoxicosis, no especificada sin crisis tirotóxica ni tormenta tiroidea|E22.8: Otros tipos de hiperfunción de hipófisis|Z91.19: Incumplimiento del paciente con otro tratamiento y régimen médico|Z04.6: Contacto para reconocimiento médico psiquiátrico general, solicitado por la autoridad|||||||||||||||||F20
F25.9: Trastorno esquizoafectivo, no especificado|E03.9: Hipotiroidismo, no especificado|E22.8: Otros tipos de hiperfunción de hipófisis|Z91.19: Incumplimiento del paciente con otro tratamiento y régimen médico||||||||||||||||||F20
|L72.3: Quiste sebáceo|D17.1: Neoplasia lipomatosa benigna de piel y tejido subcutáneo de tronco|Z81.8: Historia familiar de otros trastornos mentales y del comportamiento|Z60.2: Problemas relacionados con vivir solo|||||||||||||||||F20
E11.618: Diabetes mellitus tipo 2 con otra artropatía diabética|E86.0: Deshidratación|R39.81: Incontinencia urinaria funcional||E74.21: Galactosemia|F17.200: Dependencia de nicotina no especificada, sin complicaciones|Z59.3: Problemas relacionados con la vida en una institución residencial|Z83.3: Historia familiar de diabetes mellitus||||||||||||||F20
J18.9: Neumonía, microorganismo no especificado|B95.4: Otros estreptococos como causa de enfermedades clasificadas bajo otro concepto|K52.2: Gastroenteritis y colitis alérgicas y dietéticas|F17.200: Dependencia de nicotina no especificada, sin complicaciones|F10.21: Dependencia de alcohol, en remisión|J44.9: Enfermedad pulmonar obstructiva crónica, no especificada||J47.9: Bronquiectasias, sin complicaciones||||||||||||||F20
J43.9: Enfisema, no especificado|J47.9: Bronquiectasias, sin complicaciones|R50.81: Fiebre asociada a afecciones clasificadas bajo otro concepto||F17.200: Dependencia de nicotina no especificada, sin complicaciones|F10.21: Dependencia de alcohol, en remisión||||||||||||||||F20
J44.1: Enfermedad pulmonar obstructiva crónica con exacerbación (aguda)|J98.8: Otros trastornos respiratorios especificados|J47.1: Bronquiectasias con exacerbación (aguda)||F10.21: Dependencia de alcohol, en remisión|F17.200: Dependencia de nicotina no especificada, sin complicaciones|Z59.3: Problemas relacionados con la vida en una institución residencial|||||||||||||||F20
M17.9: Artrosis de rodilla no especificada|K80.20: Cálculo de vesícula biliar sin colecistitis sin obstrucción|E78.0: Hipercolesterolemia pura|||||||||||||||||||F20
L01.00: Impétigo, no especificado|||||||||||||||||||||F20
|Z91.19: Incumplimiento del paciente con otro tratamiento y régimen médico|V61.0: Conductor de vehículo de transporte pesado lesionado en colisión con vehículo a pedales en un accidente no de tráfico|Z81.8: Historia familiar de otros trastornos mentales y del comportamiento||||||||||||||||||F20
|F10.10: Abuso de alcohol, sin complicaciones|V61.0: Conductor de vehículo de transporte pesado lesionado en colisión con vehículo a pedales en un accidente no de tráfico|Z91.19: Incumplimiento del paciente con otro tratamiento y régimen médico|Z81.8: Historia familiar de otros trastornos mentales y del comportamiento|||||||||||||||||F20
|F12.10: Abuso de cannabis, sin complicaciones|Z91.19: Incumplimiento del paciente con otro tratamiento y régimen médico|||||||||||||||||||F20
|E78.2: Hiperlipidemia mixta|Z91.19: Incumplimiento del paciente con otro tratamiento y régimen médico|||||||||||||||||||F20
|I10: Hipertensión esencial (primaria)|J20.9: Bronquitis aguda, no especificada|M15.9: Poliartrosis no especificada|Z85.3: Historia personal de neoplasia maligna de mama|Z90.10: Ausencia adquirida de mama y pezón no especificados||||||||||||||||F22
I60.9: Hemorragia subaracnoidea no traumática, no especificada||I10: Hipertensión esencial (primaria)|E78.4: Otros tipos de hiperlipidemia|Z98.61: Estado de angioplastia coronaria|||||||||||||||||F20
Z09: Contacto para reconocimiento médico de seguimiento después de finalizar tratamiento de afecciones distintas de neoplasia maligna|Z86.73: Historia personal de ataque isquémico transitorio (AIT) e infarto cerebral sin déficits residuales|I10: Hipertensión esencial (primaria)|I25.5: Miocardiopatía isquémica||E78.4: Otros tipos de hiperlipidemia||||||||||||||||F20
C44.601: Neoplasia maligna no especificada de piel de extremidad superior no especificada, incluyendo hombro||F03.90: Demencia no especificada, gravedad no especificada, sin alteración del comportamiento, alteración psicótica, alteración del estado de ánimo ni ansiedad|I10: Hipertensión esencial (primaria)|I48.91: Fibrilación auricular no especificada|I50.9: Insuficiencia cardiaca, no especificada|Z79.82: Uso prolongado (actual) de aspirina|||||||||||||||F20
T87.40: Infección de muñón de amputación de extremidad no especificada|B96.5: Pseudomonas (aeruginosa) (mallei) (pseudomallei) como causa de enfermedades clasificadas bajo otro concepto|B95.61: Infección por Staphylococcus aureus sensible a meticilina como causa de enfermedades clasificadas bajo otro concepto|Z16.11: Resistencia a penicilinas|C44.601: Neoplasia maligna no especificada de piel de extremidad superior no especificada, incluyendo hombro|Z89.029: Ausencia adquirida de dedo (-s) de mano no especificada||F03.90: Demencia no especificada, gravedad no especificada, sin alteración del comportamiento, alteración psicótica, alteración del estado de ánimo ni ansiedad|I10: Hipertensión esencial (primaria)|I48.91: Fibrilación auricular no especificada||||||||||||F20
S42.399A: Otra fractura de diáfisis de húmero no especificado, contacto inicial por fractura cerrada|||L93.0: Lupus eritematoso discoide|F79: Discapacidad intelectual no especificada|Z59.3: Problemas relacionados con la vida en una institución residencial||||||||||||||||F20
|Z88.8: Estado de alergia a otros fármacos, medicamentos y sustancias biológicas||||||||||||||||||||F22
J44.1: Enfermedad pulmonar obstructiva crónica con exacerbación (aguda)|J98.8: Otros trastornos respiratorios especificados|F17.200: Dependencia de nicotina no especificada, sin complicaciones|||||||||||||||||||F20
J98.8: Otros trastornos respiratorios especificados|J44.9: Enfermedad pulmonar obstructiva crónica, no especificada|J96.00: Insuficiencia respiratoria aguda no especificada si con hipoxia o con hipercapnia||Z90.710: Ausencia adquirida de ambos, de cuello uterino y de útero|||||||||||||||||F20
J18.9: Neumonía, microorganismo no especificado|J96.00: Insuficiencia respiratoria aguda no especificada si con hipoxia o con hipercapnia|J44.9: Enfermedad pulmonar obstructiva crónica, no especificada|F17.200: Dependencia de nicotina no especificada, sin complicaciones||Z90.710: Ausencia adquirida de ambos, de cuello uterino y de útero||||||||||||||||F20
J44.9: Enfermedad pulmonar obstructiva crónica, no especificada|E66.2: Obesidad mórbida (severa) con hipoventilación alveolar|J96.20: Insuficiencia respiratoria aguda y crónica no especificada si con hipoxia o con hipercapnia||Z59.3: Problemas relacionados con la vida en una institución residencial|||||||||||||||||F20
J44.1: Enfermedad pulmonar obstructiva crónica con exacerbación (aguda)|J96.20: Insuficiencia respiratoria aguda y crónica no especificada si con hipoxia o con hipercapnia|Z99.81: Dependencia de oxígeno suplementario|I50.9: Insuficiencia cardiaca, no especificada|J98.8: Otros trastornos respiratorios especificados|G47.33: Apnea obstructiva del sueño (del adulto) (pediátrica)|Z99.89: Dependencia de otras máquinas y dispositivos de apoyo|I49.8: Otras arritmias cardiacas especificadas|E11.9: Diabetes mellitus tipo 2 sin complicaciones||E66.01: Obesidad mórbida (severa) por exceso de calorías|F17.200: Dependencia de nicotina no especificada, sin complicaciones||||||||||F20
J44.1: Enfermedad pulmonar obstructiva crónica con exacerbación (aguda)|J96.20: Insuficiencia respiratoria aguda y crónica no especificada si con hipoxia o con hipercapnia|Z99.81: Dependencia de oxígeno suplementario|Z99.89: Dependencia de otras máquinas y dispositivos de apoyo|J98.8: Otros trastornos respiratorios especificados|E66.2: Obesidad mórbida (severa) con hipoventilación alveolar||F17.200: Dependencia de nicotina no especificada, sin complicaciones||||||||||||||F20
N17.9: Fallo renal agudo, no especificado|I12.9: Enfermedad renal crónica hipertensiva con enfermedad renal crónica en estadio 1 a 4 o con enfermedad renal crónica no especificada|N18.9: Enfermedad renal crónica, no especificada|E86.0: Deshidratación||L44.9: Trastorno papuloescamoso, no especificado||||||||||||||||F20
I63.50: Infarto cerebral debido a oclusión o estenosis no especificada de arteria cerebral no especificada|I12.9: Enfermedad renal crónica hipertensiva con enfermedad renal crónica en estadio 1 a 4 o con enfermedad renal crónica no especificada|N18.9: Enfermedad renal crónica, no especificada|R47.1: Disartria y anartria|G81.93: Hemiplejia no especificada que afecta a lado derecho no dominante||F17.200: Dependencia de nicotina no especificada, sin complicaciones|||||||||||||||F20
A41.9: Sepsis, microorganismo no especificado|R65.20: Sepsis grave sin shock séptico|J96.00: Insuficiencia respiratoria aguda no especificada si con hipoxia o con hipercapnia|N17.9: Fallo renal agudo, no especificado|E87.2: Acidosis|R65.21: Sepsis grave con shock séptico|G40.901: Epilepsia, no especificada, no intratable, con estado de mal epiléptico|J18.9: Neumonía, microorganismo no especificado|F25.9: Trastorno esquizoafectivo, no especificado|M48.06: Estenosis vertebral, región lumbar|B18.2: Hepatitis vírica crónica tipo C|F10.10: Abuso de alcohol, sin complicaciones|F17.200: Dependencia de nicotina no especificada, sin complicaciones|||||||||F20
F25.9: Trastorno esquizoafectivo, no especificado|E03.9: Hipotiroidismo, no especificado|B07.9: Verruga viral, no especificada|Z63.4: Desaparición y muerte de miembro de familia|Z60.2: Problemas relacionados con vivir solo|||||||||||||||||F20
|L02.33: Ántrax de nalga|Z81.8: Historia familiar de otros trastornos mentales y del comportamiento|||||||||||||||||||F23
B18.2: Hepatitis vírica crónica tipo C|K70.9: Enfermedad hepática alcohólica, no especificada||F17.200: Dependencia de nicotina no especificada, sin complicaciones|F10.20: Dependencia de alcohol, sin complicaciones|||||||||||||||||F20
|F60.0: Trastorno de personalidad paranoide|I05.2: Estenosis mitral reumática con insuficiencia|Z79.01: Uso prolongado (actual) de anticoagulantes|Z86.73: Historia personal de ataque isquémico transitorio (AIT) e infarto cerebral sin déficits residuales|Z60.2: Problemas relacionados con vivir solo|Z91.19: Incumplimiento del paciente con otro tratamiento y régimen médico|||||||||||||||F22
A41.59: Sepsis por otros gram negativos|R65.20: Sepsis grave sin shock séptico|R65.21: Sepsis grave con shock séptico|J96.00: Insuficiencia respiratoria aguda no especificada si con hipoxia o con hipercapnia|N39.0: Infección de tracto urinario, localización no especificada|B96.4: Proteus (mirabilis) (morganii) como causa de enfermedades clasificadas bajo otro concepto|J98.8: Otros trastornos respiratorios especificados|I11.9: Enfermedad cardiaca hipertensiva sin insuficiencia cardiaca|I48.91: Fibrilación auricular no especificada|Z79.82: Uso prolongado (actual) de aspirina|E11.9: Diabetes mellitus tipo 2 sin complicaciones||G45.8: Otros accidentes isquémicos transitorios y síndromes afines|||||||||F20
|F32.1: Trastorno depresivo mayor, episodio único, moderado|E11.9: Diabetes mellitus tipo 2 sin complicaciones|E78.4: Otros tipos de hiperlipidemia|K29.40: Gastritis crónica atrófica sin hemorragia|I10: Hipertensión esencial (primaria)|I48.91: Fibrilación auricular no especificada|Z79.01: Uso prolongado (actual) de anticoagulantes|K76.0: Hígado graso (degeneración grasa) de hígado, no clasificado bajo otro concepto|I67.2: Aterosclerosis cerebral|Z86.79: Historia personal de otras enfermedades del aparato circulatorio|||||||||||F22
|G40.101: Epilepsia (focal) (parcial) sintomática relacionada con la localización y síndromes epilépticos con crisis parciales simples, no intratable, con estado de mal epiléptico|E11.9: Diabetes mellitus tipo 2 sin complicaciones|||||||||||||||||||F22
F25.9: Trastorno esquizoafectivo, no especificado|I10: Hipertensión esencial (primaria)|E03.9: Hipotiroidismo, no especificado|Z60.2: Problemas relacionados con vivir solo|Z81.8: Historia familiar de otros trastornos mentales y del comportamiento|Z63.72: Alcoholismo y drogadicción en la familia|Z82.3: Historia familiar de ictus|||||||||||||||F20
|K29.40: Gastritis crónica atrófica sin hemorragia|K44.9: Hernia diafragmática sin obstrucción ni gangrena|Z91.19: Incumplimiento del paciente con otro tratamiento y régimen médico|Z60.2: Problemas relacionados con vivir solo|Z85.828: Historia personal de otras neoplasias malignas de piel||||||||||||||||F22
J18.0: Bronconeumonía, microorganismo no especificado|D50.9: Anemia ferropénica, no especificada|R22.2: Tumefacción, masa o bulto localizados en el tronco|G40.901: Epilepsia, no especificada, no intratable, con estado de mal epiléptico||||||||||||||||||F20
|G40.901: Epilepsia, no especificada, no intratable, con estado de mal epiléptico|Z91.19: Incumplimiento del paciente con otro tratamiento y régimen médico|Z81.8: Historia familiar de otros trastornos mentales y del comportamiento||||||||||||||||||F20
|Z91.19: Incumplimiento del paciente con otro tratamiento y régimen médico|Z56.0: Desempleo, no especificado|||||||||||||||||||F20
|F60.89: Otros tipos de trastornos específicos de personalidad|D25.0: Leiomioma submucoso de útero|D25.1: Leiomioma intramural de útero|N83.1: Quiste de cuerpo lúteo|Z04.6: Contacto para reconocimiento médico psiquiátrico general, solicitado por la autoridad|Z91.19: Incumplimiento del paciente con otro tratamiento y régimen médico|||||||||||||||F23
D63.0: Anemia en enfermedad neoplásica|C18.3: Neoplasia maligna de ángulo hepático|K64.9: Hemorroides no especificadas||Z79.891: Uso prolongado (actual) de analgésicos opiáceos|||||||||||||||||F20
C18.3: Neoplasia maligna de ángulo hepático|C77.2: Neoplasia maligna secundaria y no especificada de ganglios linfáticos intraabdominales||D50.0: Anemia ferropénica secundaria a pérdida de sangre (crónica)||||||||||||||||||F20
|K83.1: Obstrucción de conducto biliar|C78.6: Neoplasia maligna secundaria de retroperitoneo y peritoneo|K31.5: Obstrucción de duodeno|C79.51: Neoplasia maligna secundaria de hueso|K44.9: Hernia diafragmática sin obstrucción ni gangrena|Z85.038: Historia personal de otra neoplasia maligna de intestino grueso|Z90.49: Ausencia adquirida de otras partes especificadas del tracto digestivo||||||||||||||F20
|E78.0: Hipercolesterolemia pura|Z04.6: Contacto para reconocimiento médico psiquiátrico general, solicitado por la autoridad|||||||||||||||||||F20
|E78.0: Hipercolesterolemia pura||||||||||||||||||||F20
J96.00: Insuficiencia respiratoria aguda no especificada si con hipoxia o con hipercapnia|J69.0: Neumonitis debida a inhalación de alimentos y vómito|I48.91: Fibrilación auricular no especificada|N17.9: Fallo renal agudo, no especificado|I10: Hipertensión esencial (primaria)||Z96.659: Presencia de articulación de rodilla artificial, no especificada|||||||||||||||F20
F10.239: Dependencia de alcohol con abstinencia, no especificada|G40.901: Epilepsia, no especificada, no intratable, con estado de mal epiléptico|F10.20: Dependencia de alcohol, sin complicaciones|K70.9: Enfermedad hepática alcohólica, no especificada|J20.9: Bronquitis aguda, no especificada|F11.21: Dependencia de opiáceos, en remisión|F12.10: Abuso de cannabis, sin complicaciones|F17.200: Dependencia de nicotina no especificada, sin complicaciones|F19.10: Abuso de otra sustancia psicoactiva, sin complicaciones||V02.61: V02.61|||||||||||F22
|T84.039A: Aflojamiento mecánico de prótesis interna de articulación no especificada, contacto inicial|Z87.798: Historia personal de otras malformaciones congénitas (corregidas)|Z88.0: Estado de alergia a penicilina|Z88.4: Estado de alergia a anestésico|||||||||||||||||F22
F25.9: Trastorno esquizoafectivo, no especificado|E03.9: Hipotiroidismo, no especificado|Z86.19: Historia personal de otras enfermedades infecciosas y parasitarias|Z88.8: Estado de alergia a otros fármacos, medicamentos y sustancias biológicas|Z60.2: Problemas relacionados con vivir solo|||||||||||||||||F20
F25.9: Trastorno esquizoafectivo, no especificado|E03.9: Hipotiroidismo, no especificado|Z86.718: Historia personal de otro tipo de trombosis y embolia venosas|Z79.01: Uso prolongado (actual) de anticoagulantes|Z60.2: Problemas relacionados con vivir solo|Z86.19: Historia personal de otras enfermedades infecciosas y parasitarias|Z88.1: Estado de alergia a otros antibióticos|Z86.73: Historia personal de ataque isquémico transitorio (AIT) e infarto cerebral sin déficits residuales||||||||||||||F20
F25.9: Trastorno esquizoafectivo, no especificado|E03.9: Hipotiroidismo, no especificado|Z86.718: Historia personal de otro tipo de trombosis y embolia venosas|Z60.2: Problemas relacionados con vivir solo|Z86.19: Historia personal de otras enfermedades infecciosas y parasitarias|Z88.8: Estado de alergia a otros fármacos, medicamentos y sustancias biológicas||||||||||||||||F20
J45.901: Asma no especificada con exacerbación (aguda)|J98.8: Otros trastornos respiratorios especificados|R04.2: Hemoptisis|K52.2: Gastroenteritis y colitis alérgicas y dietéticas||||||||||||||||||F20
|R74.0: Elevación inespecífica de niveles de transaminasas y lactato deshidrogenasa [LDH]|Z81.8: Historia familiar de otros trastornos mentales y del comportamiento|Z04.6: Contacto para reconocimiento médico psiquiátrico general, solicitado por la autoridad||||||||||||||||||F20
|F60.89: Otros tipos de trastornos específicos de personalidad|I10: Hipertensión esencial (primaria)|E78.4: Otros tipos de hiperlipidemia|M15.9: Poliartrosis no especificada|Z60.2: Problemas relacionados con vivir solo|Z63.5: Ruptura familiar por separación y divorcio|||||||||||||||F23
|G31.84: Deterioro cognitivo leve de etiología incierta o desconocida|I25.5: Miocardiopatía isquémica|I44.7: Bloqueo de rama izquierda, no especificado|N17.9: Fallo renal agudo, no especificado|L97.909: Úlcera crónica no debida a presión de parte no especificada de pierna no especificada, de gravedad no especificada|E53.8: Carencia de otras vitaminas del grupo B especificadas|M15.9: Poliartrosis no especificada|Z60.2: Problemas relacionados con vivir solo|||||||||||||F22
K80.20: Cálculo de vesícula biliar sin colecistitis sin obstrucción|K76.0: Hígado graso (degeneración grasa) de hígado, no clasificado bajo otro concepto||E78.4: Otros tipos de hiperlipidemia|F17.200: Dependencia de nicotina no especificada, sin complicaciones|||||||||||||||||F20
K80.18: Cálculo de vesícula biliar con otro tipo de colecistitis sin obstrucción|K66.0: Adherencias peritoneales (posprocedimiento) (posinfección)|K76.0: Hígado graso (degeneración grasa) de hígado, no clasificado bajo otro concepto||E78.2: Hiperlipidemia mixta|F17.200: Dependencia de nicotina no especificada, sin complicaciones||||||||||||||||F20
|F60.3: Trastorno límite de personalidad|K52.2: Gastroenteritis y colitis alérgicas y dietéticas|Z81.8: Historia familiar de otros trastornos mentales y del comportamiento|Z88.0: Estado de alergia a penicilina|Z56.0: Desempleo, no especificado|Z62.891: Rivalidad entre hermanos|||||||||||||||F20
|F10.10: Abuso de alcohol, sin complicaciones|L40.0: Psoriasis vulgar|Z04.6: Contacto para reconocimiento médico psiquiátrico general, solicitado por la autoridad|Z91.19: Incumplimiento del paciente con otro tratamiento y régimen médico|Z63.5: Ruptura familiar por separación y divorcio||||||||||||||||F20
D11.9: Neoplasia benigna de glándula salival mayor, no especificada|||||||||||||||||||||F20
|V61.0: Conductor de vehículo de transporte pesado lesionado en colisión con vehículo a pedales en un accidente no de tráfico|Z91.19: Incumplimiento del paciente con otro tratamiento y régimen médico|Z04.6: Contacto para reconocimiento médico psiquiátrico general, solicitado por la autoridad||||||||||||||||||F22
|Z91.19: Incumplimiento del paciente con otro tratamiento y régimen médico|V61.0: Conductor de vehículo de transporte pesado lesionado en colisión con vehículo a pedales en un accidente no de tráfico|||||||||||||||||||F22
|F60.1: Trastorno esquizoide de personalidad|Z81.8: Historia familiar de otros trastornos mentales y del comportamiento|Z91.048: Estado de alergia a otras sustancias no medicinales||||||||||||||||||F29
J20.9: Bronquitis aguda, no especificada|J96.00: Insuficiencia respiratoria aguda no especificada si con hipoxia o con hipercapnia||Z88.5: Estado de alergia a narcótico||||||||||||||||||F20
I50.9: Insuficiencia cardiaca, no especificada|I48.91: Fibrilación auricular no especificada|N18.2: Enfermedad renal crónica, estadio 2 (leve)||F70: Discapacidad intelectual leve|E66.01: Obesidad mórbida (severa) por exceso de calorías|Z86.79: Historia personal de otras enfermedades del aparato circulatorio|D50.9: Anemia ferropénica, no especificada|Z59.3: Problemas relacionados con la vida en una institución residencial|||||||||||||F20
Q43.4: Duplicación del intestino|I50.9: Insuficiencia cardiaca, no especificada|E87.8: Otros trastornos del equilibrio de líquidos y electrolitos, no clasificados bajo otro concepto|I48.91: Fibrilación auricular no especificada|N18.3: Enfermedad renal crónica, estadio 3 (moderada)||F70: Discapacidad intelectual leve|D50.0: Anemia ferropénica secundaria a pérdida de sangre (crónica)|E66.01: Obesidad mórbida (severa) por exceso de calorías|Z86.79: Historia personal de otras enfermedades del aparato circulatorio|Z59.3: Problemas relacionados con la vida en una institución residencial|||||||||||F20
C56.9: Neoplasia maligna de ovario no especificado|D63.8: Anemia en otras enfermedades crónicas clasificadas bajo otro concepto|K44.9: Hernia diafragmática sin obstrucción ni gangrena|K20.9: Esofagitis, no especificada||K44.9: Hernia diafragmática sin obstrucción ni gangrena|N13.30: Hidronefrosis no especificadas|K80.20: Cálculo de vesícula biliar sin colecistitis sin obstrucción||||||||||||||F20
C78.6: Neoplasia maligna secundaria de retroperitoneo y peritoneo|N13.30: Hidronefrosis no especificadas|D50.9: Anemia ferropénica, no especificada|Z85.43: Historia personal de neoplasia maligna de ovario|Z92.21: Historia personal de quimioterapia antineoplásica|||||||||||||||||F20
C78.7: Neoplasia maligna secundaria de hígado y vías biliares intrahepáticas|K92.1: Melena|C78.6: Neoplasia maligna secundaria de retroperitoneo y peritoneo|C77.2: Neoplasia maligna secundaria y no especificada de ganglios linfáticos intraabdominales|Z85.43: Historia personal de neoplasia maligna de ovario|Z79.891: Uso prolongado (actual) de analgésicos opiáceos|K44.9: Hernia diafragmática sin obstrucción ni gangrena|D70.1: Agranulocitosis secundaria a quimioterapia antineoplásica|T50.995A: Efecto adverso de otros fármacos, medicamentos y sustancias biológicas, contacto inicial|||D50.9: Anemia ferropénica, no especificada||||||||||F20
|G40.901: Epilepsia, no especificada, no intratable, con estado de mal epiléptico|E03.9: Hipotiroidismo, no especificado|Z81.8: Historia familiar de otros trastornos mentales y del comportamiento||||||||||||||||||F23
F25.9: Trastorno esquizoafectivo, no especificado|F60.9: Trastorno de personalidad, no especificado|Z81.8: Historia familiar de otros trastornos mentales y del comportamiento|Z88.0: Estado de alergia a penicilina|Z04.6: Contacto para reconocimiento médico psiquiátrico general, solicitado por la autoridad|Z63.5: Ruptura familiar por separación y divorcio|Z91.19: Incumplimiento del paciente con otro tratamiento y régimen médico|||||||||||||||F20
|E06.9: Tiroiditis, no especificada|E04.1: Nódulo tiroideo único no tóxico|Z65.8: Otros problemas especificados relacionados con circunstancias psicosociales||||||||||||||||||F23
D44.3: Neoplasia de comportamiento incierto de hipófisis|H53.47: Defectos de campos heterónimos bilaterales||D53.9: Anemia nutricional, no especificada|E44.0: Malnutrición calórico-proteica moderada|||||||||||||||||F20
|G30.9: Enfermedad de Alzheimer, no especificada|F02.81: Demencia en otras enfermedades clasificadas bajo otro concepto, gravedad no especificada, con alteración del comportamiento|I10: Hipertensión esencial (primaria)|E78.0: Hipercolesterolemia pura|K52.2: Gastroenteritis y colitis alérgicas y dietéticas|Z60.2: Problemas relacionados con vivir solo|Z91.19: Incumplimiento del paciente con otro tratamiento y régimen médico|Z90.710: Ausencia adquirida de ambos, de cuello uterino y de útero|||||||||||||F22
|F11.20: Dependencia de opiáceos, sin complicaciones|B37.0: Estomatitis candidiásica|Z60.2: Problemas relacionados con vivir solo|Z63.72: Alcoholismo y drogadicción en la familia|Z21: Estado de infección asintomática por virus de inmunodeficiencia humana [VIH]|Z88.1: Estado de alergia a otros antibióticos|||||||||||||||F20
J98.8: Otros trastornos respiratorios especificados||J43.9: Enfisema, no especificado||F19.21: Dependencia de otra sustancia psicoactiva, en remisión|F11.20: Dependencia de opiáceos, sin complicaciones|F17.200: Dependencia de nicotina no especificada, sin complicaciones|||||||||||||||F20
|F60.0: Trastorno de personalidad paranoide||S02.400A: Fractura malar, lado no especificado, contacto inicial por fractura cerrada|S01.109A: Herida abierta no especificada de párpado y área periocular no especificados, contacto inicial|S59.809A: Otros traumatismos especificados de codo no especificado, contacto inicial|J34.2: Tabique nasal desviado||E78.0: Hipercolesterolemia pura|||||||||||||F20
S32.009A: Fractura no especificada de vértebra lumbar no especificada, contacto inicial por fractura cerrada|||||||||||||||||||||F20
|F60.9: Trastorno de personalidad, no especificado|Z04.6: Contacto para reconocimiento médico psiquiátrico general, solicitado por la autoridad|||||||||||||||||||F22
|Z91.19: Incumplimiento del paciente con otro tratamiento y régimen médico||||||||||||||||||||F23
|Z91.19: Incumplimiento del paciente con otro tratamiento y régimen médico|V60.8: V60.8|||||||||||||||||||F20
|Z04.6: Contacto para reconocimiento médico psiquiátrico general, solicitado por la autoridad|Z81.8: Historia familiar de otros trastornos mentales y del comportamiento|M15.9: Poliartrosis no especificada||||||||||||||||||F22
|E11.9: Diabetes mellitus tipo 2 sin complicaciones|E03.9: Hipotiroidismo, no especificado|Z91.19: Incumplimiento del paciente con otro tratamiento y régimen médico||||||||||||||||||F20
|Z81.8: Historia familiar de otros trastornos mentales y del comportamiento|Z91.19: Incumplimiento del paciente con otro tratamiento y régimen médico|||||||||||||||||||F23
|F71: Discapacidad intelectual moderada||||||||||||||||||||F20
|Z63.4: Desaparición y muerte de miembro de familia|F10.10: Abuso de alcohol, sin complicaciones|Z91.19: Incumplimiento del paciente con otro tratamiento y régimen médico||||||||||||||||||F20
|Z63.4: Desaparición y muerte de miembro de familia|Z91.19: Incumplimiento del paciente con otro tratamiento y régimen médico|||||||||||||||||||F20
|T43.501A: Envenenamiento por antipsicóticos y neurolépticos no especificados, accidental (no intencionado), contacto inicial||F10.10: Abuso de alcohol, sin complicaciones|E78.4: Otros tipos de hiperlipidemia|Z91.19: Incumplimiento del paciente con otro tratamiento y régimen médico|Z86.718: Historia personal de otro tipo de trombosis y embolia venosas|Z87.11: Historia personal de enfermedad ulcerosa péptica|Z88.6: Estado de alergia a analgésico|Z60.2: Problemas relacionados con vivir solo||||||||||||F20
|E03.9: Hipotiroidismo, no especificado||||||||||||||||||||F23
|D34: Neoplasia benigna de glándula tiroides|K80.20: Cálculo de vesícula biliar sin colecistitis sin obstrucción|R50.2: Fiebre provocada por fármaco|Z87.11: Historia personal de enfermedad ulcerosa péptica|||||||||||||||||F20
|Z04.6: Contacto para reconocimiento médico psiquiátrico general, solicitado por la autoridad|Z81.8: Historia familiar de otros trastornos mentales y del comportamiento|Z87.891: Historia personal de dependencia a nicotina||||||||||||||||||F20
F25.9: Trastorno esquizoafectivo, no especificado|E89.0: Hipotiroidismo posprocedimiento||||||||||||||||||||F20
F25.9: Trastorno esquizoafectivo, no especificado|E89.0: Hipotiroidismo posprocedimiento|Z81.8: Historia familiar de otros trastornos mentales y del comportamiento|||||||||||||||||||F20
F25.9: Trastorno esquizoafectivo, no especificado|E89.0: Hipotiroidismo posprocedimiento|R45.851: Ideaciones suicidas|Z81.8: Historia familiar de otros trastornos mentales y del comportamiento||||||||||||||||||F20
F25.9: Trastorno esquizoafectivo, no especificado|Z04.6: Contacto para reconocimiento médico psiquiátrico general, solicitado por la autoridad|Z88.9: Estado de alergia a fármacos, medicamentos y sustancias biológicas no especificadas|Z60.2: Problemas relacionados con vivir solo||||||||||||||||||F20
C50.819: Neoplasia maligna de localizaciones contiguas de mama femenina, lado no especificado|C77.3: Neoplasia maligna secundaria y no especificada de ganglios linfáticos de axila y extremidad superior|I42.1: Miocardiopatía hipertrófica obstructiva||Z90.5: Ausencia adquirida de riñón|Z17.0: Estado de receptor de estrógeno positivo [RE+]||||||||||||||||F20
K52.1: Gastroenteritis y colitis tóxica||Z85.3: Historia personal de neoplasia maligna de mama|Z92.3: Historia personal de irradiación|J91.8: Derrame pleural en otras afecciones clasificadas bajo otro concepto|I42.5: Otras miocardiopatías restrictivas||K57.30: Diverticulosis de colon sin perforación ni absceso, sin hemorragia|M81.0: Osteoporosis relacionada con la edad, sin fractura patológica actual|Z90.5: Ausencia adquirida de riñón|Z87.891: Historia personal de dependencia a nicotina|||||||||||F20
|K44.9: Hernia diafragmática sin obstrucción ni gangrena|F18.10: Abuso de inhalantes, sin complicaciones|Z04.6: Contacto para reconocimiento médico psiquiátrico general, solicitado por la autoridad|Z91.19: Incumplimiento del paciente con otro tratamiento y régimen médico|||||||||||||||||F20
|F60.9: Trastorno de personalidad, no especificado|N39.0: Infección de tracto urinario, localización no especificada|Z60.2: Problemas relacionados con vivir solo||||||||||||||||||F23
|T43.501A: Envenenamiento por antipsicóticos y neurolépticos no especificados, accidental (no intencionado), contacto inicial||N39.0: Infección de tracto urinario, localización no especificada||||||||||||||||||F20
|E87.1: Hiposmolaridad e hiponatremia|F50.8: Otros trastornos de la conducta alimentaria|G93.2: Hipertensión intracraneal benigna|J44.9: Enfermedad pulmonar obstructiva crónica, no especificada|I10: Hipertensión esencial (primaria)|E78.0: Hipercolesterolemia pura|E03.9: Hipotiroidismo, no especificado|F17.200: Dependencia de nicotina no especificada, sin complicaciones|Z88.8: Estado de alergia a otros fármacos, medicamentos y sustancias biológicas|Z98.2: Presencia de dispositivo para drenaje de líquido cefalorraquídeo|||||||||||F20
F25.9: Trastorno esquizoafectivo, no especificado|F60.9: Trastorno de personalidad, no especificado|Z81.8: Historia familiar de otros trastornos mentales y del comportamiento|Z56.0: Desempleo, no especificado|Z88.8: Estado de alergia a otros fármacos, medicamentos y sustancias biológicas|||||||||||||||||F20
E11.51: Diabetes mellitus tipo 2 con angiopatía periférica diabética sin gangrena|I96: Gangrena, no clasificada bajo otro concepto|L03.039: Celulitis de dedo de pie no especificado|E66.9: Obesidad, no especificada||E66.9: Obesidad, no especificada|Z79.4: Uso prolongado (actual) de insulina|||||||||||||||F20
F10.96: Consumo de alcohol no especificado, con trastorno amnésico persistente inducido por alcohol|E22.2: Síndrome de secreción inadecuada de hormona antidiurética|E87.1: Hiposmolaridad e hiponatremia|J69.0: Neumonitis debida a inhalación de alimentos y vómito|J96.00: Insuficiencia respiratoria aguda no especificada si con hipoxia o con hipercapnia||F10.10: Abuso de alcohol, sin complicaciones|Z59.3: Problemas relacionados con la vida en una institución residencial||||||||||||||F20
D41.4: Neoplasia de comportamiento incierto de vejiga||F10.96: Consumo de alcohol no especificado, con trastorno amnésico persistente inducido por alcohol|K44.9: Hernia diafragmática sin obstrucción ni gangrena|Z59.3: Problemas relacionados con la vida en una institución residencial|||||||||||||||||F20
C7A.1: Tumores neuroendocrinos malignos mal diferenciados|J96.00: Insuficiencia respiratoria aguda no especificada si con hipoxia o con hipercapnia|C7B.01: Tumores carcinoides secundarios de ganglios linfáticos a distancia|C7B.03: Tumores carcinoides secundarios de hueso|D63.0: Anemia en enfermedad neoplásica||F17.200: Dependencia de nicotina no especificada, sin complicaciones|E11.9: Diabetes mellitus tipo 2 sin complicaciones|Z51.5: Contacto para cuidados paliativos|||||||||||||F20
F25.9: Trastorno esquizoafectivo, no especificado|F05: Delirio debido a afección fisiológica conocida|E03.9: Hipotiroidismo, no especificado|N39.0: Infección de tracto urinario, localización no especificada|S30.0XXA: Contusión de parte inferior de espalda y pelvis, contacto inicial|||||||||||||||||F20
|Z91.19: Incumplimiento del paciente con otro tratamiento y régimen médico|Z81.8: Historia familiar de otros trastornos mentales y del comportamiento|Z59.3: Problemas relacionados con la vida en una institución residencial||||||||||||||||||F22
J44.1: Enfermedad pulmonar obstructiva crónica con exacerbación (aguda)|J98.2: Enfisema intersticial|J96.00: Insuficiencia respiratoria aguda no especificada si con hipoxia o con hipercapnia||F10.20: Dependencia de alcohol, sin complicaciones|F17.200: Dependencia de nicotina no especificada, sin complicaciones|K70.9: Enfermedad hepática alcohólica, no especificada|I45.10: Bloqueo de rama derecha no especificado|M79.5: Cuerpo extraño residual en partes blandas|Z87.11: Historia personal de enfermedad ulcerosa péptica||||||||||||F20
S36.032A: Desgarro grave de bazo, contacto inicial|S32.009A: Fractura no especificada de vértebra lumbar no especificada, contacto inicial por fractura cerrada|D62: Anemia poshemorrágica aguda||Z85.47: Historia personal de neoplasia maligna de testículo|Z90.79: Ausencia adquirida de otro (-s) órgano (-s) genital (-es)|Z92.21: Historia personal de quimioterapia antineoplásica|F21: Trastorno esquizotípico|F17.200: Dependencia de nicotina no especificada, sin complicaciones|Z86.718: Historia personal de otro tipo de trombosis y embolia venosas|Z79.01: Uso prolongado (actual) de anticoagulantes|Z87.891: Historia personal de dependencia a nicotina||||||||||F60.1
|R76.11: Reacción inespecífica a la prueba cutánea de la tuberculina sin tuberculosis activa|Z91.19: Incumplimiento del paciente con otro tratamiento y régimen médico|Z04.6: Contacto para reconocimiento médico psiquiátrico general, solicitado por la autoridad|Z88.0: Estado de alergia a penicilina|||||||||||||||||F20
|Z91.19: Incumplimiento del paciente con otro tratamiento y régimen médico|Z56.9: Problemas relacionados con el empleo no especificados|Z04.6: Contacto para reconocimiento médico psiquiátrico general, solicitado por la autoridad|Z88.0: Estado de alergia a penicilina|Z88.4: Estado de alergia a anestésico||||||||||||||||F20
J98.8: Otros trastornos respiratorios especificados|J96.00: Insuficiencia respiratoria aguda no especificada si con hipoxia o con hipercapnia||I10: Hipertensión esencial (primaria)|E66.9: Obesidad, no especificada|Z59.3: Problemas relacionados con la vida en una institución residencial||||||||||||||||F20
|E88.81: Síndrome metabólico|E66.9: Obesidad, no especificada|K44.9: Hernia diafragmática sin obstrucción ni gangrena||||||||||||||||||F20
|K51.90: Colitis ulcerosa, no especificada, sin complicaciones|K76.1: Congestión pasiva crónica de hígado|D50.9: Anemia ferropénica, no especificada|F14.10: Abuso de cocaína, sin complicaciones|Z91.19: Incumplimiento del paciente con otro tratamiento y régimen médico||||||||||||||||F22
|K51.90: Colitis ulcerosa, no especificada, sin complicaciones|D50.9: Anemia ferropénica, no especificada|K76.1: Congestión pasiva crónica de hígado|F14.10: Abuso de cocaína, sin complicaciones|||||||||||||||||F22
|T50.901A: Envenenamiento por fármacos, medicamentos y sustancias biológicas no especificados, accidental (no intencionado), contacto inicial||B18.2: Hepatitis vírica crónica tipo C|F11.20: Dependencia de opiáceos, sin complicaciones|Z63.5: Ruptura familiar por separación y divorcio||||||||||||||||F22
R55: Síncope y colapso|||||||||||||||||||||F20
I26.99: Otra embolia pulmonar sin cor pulmonale agudo|J44.9: Enfermedad pulmonar obstructiva crónica, no especificada|J98.8: Otros trastornos respiratorios especificados|J96.10: Insuficiencia respiratoria crónica no especificada si con hipoxia o con hipercapnia|B95.7: Otros estafilococos como causa de enfermedades clasificadas bajo otro concepto|J98.4: Otros trastornos del pulmón|L89.609: Úlcera por presión en talón no especificado, estadio no especificado||B95.62: Infección por Staphylococcus aureus resistente a meticilina como causa de enfermedades clasificadas bajo otro concepto|N39.0: Infección de tracto urinario, localización no especificada|I67.2: Aterosclerosis cerebral||I10: Hipertensión esencial (primaria)|Z87.891: Historia personal de dependencia a nicotina|Z87.891: Historia personal de dependencia a nicotina|||||||F20
N39.0: Infección de tracto urinario, localización no especificada|B96.1: Klebsiella pneumoniae [K. pneumoniae] como causa de enfermedades clasificadas bajo otro concepto|F05: Delirio debido a afección fisiológica conocida|L89.609: Úlcera por presión en talón no especificado, estadio no especificado|B95.62: Infección por Staphylococcus aureus resistente a meticilina como causa de enfermedades clasificadas bajo otro concepto||I10: Hipertensión esencial (primaria)||Z87.891: Historia personal de dependencia a nicotina|Z59.3: Problemas relacionados con la vida en una institución residencial||||||||||||F20
F22: Trastornos delirantes|F25.9: Trastorno esquizoafectivo, no especificado|F14.10: Abuso de cocaína, sin complicaciones|||||||||||||||||||F20
|Z60.2: Problemas relacionados con vivir solo|Z91.19: Incumplimiento del paciente con otro tratamiento y régimen médico|||||||||||||||||||F20
|F17.200: Dependencia de nicotina no especificada, sin complicaciones|Z91.19: Incumplimiento del paciente con otro tratamiento y régimen médico|Z04.6: Contacto para reconocimiento médico psiquiátrico general, solicitado por la autoridad||||||||||||||||||F20
|Z62.891: Rivalidad entre hermanos|Z60.2: Problemas relacionados con vivir solo|||||||||||||||||||F22
F32.9: Trastorno depresivo mayor, episodio único, no especificado|||||||||||||||||||||F22
J96.00: Insuficiencia respiratoria aguda no especificada si con hipoxia o con hipercapnia|R57.1: Shock hipovolémico|K56.5: Adherencias [bridas] intestinales con obstrucción (posinfección)|J69.0: Neumonitis debida a inhalación de alimentos y vómito|N17.9: Fallo renal agudo, no especificado||F79: Discapacidad intelectual no especificada|Z86.718: Historia personal de otro tipo de trombosis y embolia venosas||||||||||||||F20
F25.9: Trastorno esquizoafectivo, no especificado|Z81.8: Historia familiar de otros trastornos mentales y del comportamiento|Z63.5: Ruptura familiar por separación y divorcio|Z60.2: Problemas relacionados con vivir solo||||||||||||||||||F20
|G31.84: Deterioro cognitivo leve de etiología incierta o desconocida|F21: Trastorno esquizotípico|G40.101: Epilepsia (focal) (parcial) sintomática relacionada con la localización y síndromes epilépticos con crisis parciales simples, no intratable, con estado de mal epiléptico||||||||||||||||||F20
|Z04.6: Contacto para reconocimiento médico psiquiátrico general, solicitado por la autoridad|Z60.2: Problemas relacionados con vivir solo|||||||||||||||||||F20
F25.9: Trastorno esquizoafectivo, no especificado|F60.3: Trastorno límite de personalidad|F10.10: Abuso de alcohol, sin complicaciones|F12.10: Abuso de cannabis, sin complicaciones|F14.10: Abuso de cocaína, sin complicaciones|Z04.6: Contacto para reconocimiento médico psiquiátrico general, solicitado por la autoridad|Z81.8: Historia familiar de otros trastornos mentales y del comportamiento|Z91.19: Incumplimiento del paciente con otro tratamiento y régimen médico||||||||||||||F20
F25.9: Trastorno esquizoafectivo, no especificado|F18.10: Abuso de inhalantes, sin complicaciones|Z65.3: Problemas relacionados con otras circunstancias legales|Z91.19: Incumplimiento del paciente con otro tratamiento y régimen médico|Z81.8: Historia familiar de otros trastornos mentales y del comportamiento|||||||||||||||||F20
C67.9: Neoplasia maligna de vejiga, no especificada|||||||||||||||||||||F20
S73.006A: Luxación no especificada de cadera no especificada, contacto inicial|S32.409A: Fractura no especificada de acetábulo no especificado, contacto inicial por fractura cerrada|||F79: Discapacidad intelectual no especificada|||||||||||||||||F20
R55: Síncope y colapso|E23.2: Diabetes insípida||I10: Hipertensión esencial (primaria)|F17.200: Dependencia de nicotina no especificada, sin complicaciones|||||||||||||||||F20
G40.309: Epilepsia y síndromes epilépticos generalizados idiopáticos, no intratables, sin estado de mal epiléptico|E87.1: Hiposmolaridad e hiponatremia|R63.1: Polidipsia||I10: Hipertensión esencial (primaria)|||||||||||||||||F20
|E78.0: Hipercolesterolemia pura|E11.9: Diabetes mellitus tipo 2 sin complicaciones|E03.9: Hipotiroidismo, no especificado|Z91.19: Incumplimiento del paciente con otro tratamiento y régimen médico|Z04.6: Contacto para reconocimiento médico psiquiátrico general, solicitado por la autoridad|Z86.73: Historia personal de ataque isquémico transitorio (AIT) e infarto cerebral sin déficits residuales|||||||||||||||F20
|F42: Trastorno obsesivo-compulsivo||||||||||||||||||||F22
C44.300: Neoplasia maligna no especificada de piel de parte no especificada de la cara|I48.91: Fibrilación auricular no especificada|I10: Hipertensión esencial (primaria)||R78.89: Hallazgo de otras sustancias especificadas, que no se encuentran normalmente en sangre|Z79.82: Uso prolongado (actual) de aspirina||||||||||||||||F20
C44.80: Neoplasia maligna no especificada de localizaciones contiguas de piel|C79.89: Neoplasia maligna secundaria de otras localizaciones especificadas|G51.0: Parálisis de Bell|T88.9XXS: Complicación de atención quirúrgica y médica, no especificada, secuela|I48.91: Fibrilación auricular no especificada|I10: Hipertensión esencial (primaria)|I50.9: Insuficiencia cardiaca, no especificada|||||||||||||||F20
G35: Esclerosis múltiple||F11.20: Dependencia de opiáceos, sin complicaciones|F12.10: Abuso de cannabis, sin complicaciones|F17.200: Dependencia de nicotina no especificada, sin complicaciones|||||||||||||||||F20
F19.97: Consumo de otra sustancia psicoactiva, no especificado, con demencia persistente inducida por sustancias psicoactivas|F03.90: Demencia no especificada, gravedad no especificada, sin alteración del comportamiento, alteración psicótica, alteración del estado de ánimo ni ansiedad||I25.5: Miocardiopatía isquémica|Z95.1: Presencia de injerto derivación aortocoronaria|I10: Hipertensión esencial (primaria)|E11.9: Diabetes mellitus tipo 2 sin complicaciones|E78.4: Otros tipos de hiperlipidemia||||||||||||||F60.1
|F12.10: Abuso de cannabis, sin complicaciones|F60.9: Trastorno de personalidad, no especificado|Z91.19: Incumplimiento del paciente con otro tratamiento y régimen médico|Z04.6: Contacto para reconocimiento médico psiquiátrico general, solicitado por la autoridad|||||||||||||||||F20
|F60.3: Trastorno límite de personalidad|F12.10: Abuso de cannabis, sin complicaciones|Z91.19: Incumplimiento del paciente con otro tratamiento y régimen médico||||||||||||||||||F20
|F12.20: Dependencia de cannabis, sin complicaciones|F60.9: Trastorno de personalidad, no especificado|Z91.19: Incumplimiento del paciente con otro tratamiento y régimen médico||||||||||||||||||F20
S27.1XXA: Hemotórax traumático, contacto inicial|S27.899A: Traumatismo no especificado de otros órganos intratorácicos especificados, contacto inicial|J95.821: Insuficiencia respiratoria aguda posprocedimiento|R39.81: Incontinencia urinaria funcional|I48.91: Fibrilación auricular no especificada|I10: Hipertensión esencial (primaria)|I48.91: Fibrilación auricular no especificada|Z86.79: Historia personal de otras enfermedades del aparato circulatorio||||||||||||||F20
|F60.9: Trastorno de personalidad, no especificado|E78.2: Hiperlipidemia mixta|F70: Discapacidad intelectual leve|Z04.6: Contacto para reconocimiento médico psiquiátrico general, solicitado por la autoridad|||||||||||||||||F20
F25.9: Trastorno esquizoafectivo, no especificado|F79: Discapacidad intelectual no especificada|F91.9: Trastorno de conducta, no especificado|Z59.3: Problemas relacionados con la vida en una institución residencial|Z63.72: Alcoholismo y drogadicción en la familia|Z81.8: Historia familiar de otros trastornos mentales y del comportamiento|Z62.1: Sobreprotección parental|||||||||||||||F20
|F12.10: Abuso de cannabis, sin complicaciones|Z81.8: Historia familiar de otros trastornos mentales y del comportamiento|Z04.6: Contacto para reconocimiento médico psiquiátrico general, solicitado por la autoridad||||||||||||||||||F20
I95.9: Hipotensión, no especificada||J45.909: Asma no especificada, sin complicaciones|I10: Hipertensión esencial (primaria)|R73.09: Otros tipos de glucemia anormal||Z59.3: Problemas relacionados con la vida en una institución residencial|||||||||||||||F20
K40.20: Hernia inguinal bilateral, sin obstrucción ni gangrena, no especificada como recidivada||B18.2: Hepatitis vírica crónica tipo C|E78.0: Hipercolesterolemia pura|F19.21: Dependencia de otra sustancia psicoactiva, en remisión|Z21: Estado de infección asintomática por virus de inmunodeficiencia humana [VIH]||||||||||||||||F20
J43.9: Enfisema, no especificado|J96.00: Insuficiencia respiratoria aguda no especificada si con hipoxia o con hipercapnia|J98.8: Otros trastornos respiratorios especificados|J98.01: Broncoespasmo agudo|F17.200: Dependencia de nicotina no especificada, sin complicaciones|F11.20: Dependencia de opiáceos, sin complicaciones|F19.21: Dependencia de otra sustancia psicoactiva, en remisión|E78.0: Hipercolesterolemia pura||F60.2: Trastorno de personalidad antisocial|Z21: Estado de infección asintomática por virus de inmunodeficiencia humana [VIH]|V02.62: V02.62||||||||||F20
J18.9: Neumonía, microorganismo no especificado|J43.9: Enfisema, no especificado|F17.200: Dependencia de nicotina no especificada, sin complicaciones||B37.81: Esofagitis por cándidas|J96.00: Insuficiencia respiratoria aguda no especificada si con hipoxia o con hipercapnia|Z21: Estado de infección asintomática por virus de inmunodeficiencia humana [VIH]|V02.62: V02.62||||||||||||||F20
J44.1: Enfermedad pulmonar obstructiva crónica con exacerbación (aguda)|J98.8: Otros trastornos respiratorios especificados|J96.00: Insuficiencia respiratoria aguda no especificada si con hipoxia o con hipercapnia|F19.21: Dependencia de otra sustancia psicoactiva, en remisión||Z21: Estado de infección asintomática por virus de inmunodeficiencia humana [VIH]|V02.62: V02.62|Z87.81: Historia personal de fractura (consolidada) traumática||||||||||||||F20
J43.9: Enfisema, no especificado||F34.1: Trastorno distímico|F17.200: Dependencia de nicotina no especificada, sin complicaciones|Z21: Estado de infección asintomática por virus de inmunodeficiencia humana [VIH]|V02.62: V02.62||||||||||||||||F20
J44.1: Enfermedad pulmonar obstructiva crónica con exacerbación (aguda)|J96.20: Insuficiencia respiratoria aguda y crónica no especificada si con hipoxia o con hipercapnia|J98.8: Otros trastornos respiratorios especificados|B95.62: Infección por Staphylococcus aureus resistente a meticilina como causa de enfermedades clasificadas bajo otro concepto|Z22.322: Portador o sospecha de portador de Staphylococcus aureus resistente a meticilina|B37.0: Estomatitis candidiásica||K52.2: Gastroenteritis y colitis alérgicas y dietéticas|F19.21: Dependencia de otra sustancia psicoactiva, en remisión|F17.200: Dependencia de nicotina no especificada, sin complicaciones|I49.8: Otras arritmias cardiacas especificadas|Z21: Estado de infección asintomática por virus de inmunodeficiencia humana [VIH]|V02.62: V02.62|Z87.81: Historia personal de fractura (consolidada) traumática|Z87.81: Historia personal de fractura (consolidada) traumática|||||||F20
J44.1: Enfermedad pulmonar obstructiva crónica con exacerbación (aguda)|J96.20: Insuficiencia respiratoria aguda y crónica no especificada si con hipoxia o con hipercapnia|B95.62: Infección por Staphylococcus aureus resistente a meticilina como causa de enfermedades clasificadas bajo otro concepto|F17.200: Dependencia de nicotina no especificada, sin complicaciones|F19.21: Dependencia de otra sustancia psicoactiva, en remisión||Z87.81: Historia personal de fractura (consolidada) traumática|V02.62: V02.62|Z21: Estado de infección asintomática por virus de inmunodeficiencia humana [VIH]|Z22.322: Portador o sospecha de portador de Staphylococcus aureus resistente a meticilina||||||||||||F20
J44.1: Enfermedad pulmonar obstructiva crónica con exacerbación (aguda)|J96.00: Insuficiencia respiratoria aguda no especificada si con hipoxia o con hipercapnia||I44.4: Bloqueo fascicular anterior izquierdo|Z21: Estado de infección asintomática por virus de inmunodeficiencia humana [VIH]|V02.62: V02.62||||||||||||||||F20
J44.1: Enfermedad pulmonar obstructiva crónica con exacerbación (aguda)|J98.8: Otros trastornos respiratorios especificados|J96.20: Insuficiencia respiratoria aguda y crónica no especificada si con hipoxia o con hipercapnia|F19.21: Dependencia de otra sustancia psicoactiva, en remisión|B97.7: Papilomavirus como causa de enfermedades clasificadas bajo otro concepto|B95.62: Infección por Staphylococcus aureus resistente a meticilina como causa de enfermedades clasificadas bajo otro concepto||F17.200: Dependencia de nicotina no especificada, sin complicaciones|Z21: Estado de infección asintomática por virus de inmunodeficiencia humana [VIH]|Z87.81: Historia personal de fractura (consolidada) traumática||||||||||||F20
J43.9: Enfisema, no especificado|J96.00: Insuficiencia respiratoria aguda no especificada si con hipoxia o con hipercapnia||F19.21: Dependencia de otra sustancia psicoactiva, en remisión|F17.200: Dependencia de nicotina no especificada, sin complicaciones|Z21: Estado de infección asintomática por virus de inmunodeficiencia humana [VIH]||||||||||||||||F20
J43.9: Enfisema, no especificado|J96.10: Insuficiencia respiratoria crónica no especificada si con hipoxia o con hipercapnia||F17.200: Dependencia de nicotina no especificada, sin complicaciones|F19.21: Dependencia de otra sustancia psicoactiva, en remisión|Z21: Estado de infección asintomática por virus de inmunodeficiencia humana [VIH]||||||||||||||||F20
J43.9: Enfisema, no especificado|J96.10: Insuficiencia respiratoria crónica no especificada si con hipoxia o con hipercapnia|||F11.21: Dependencia de opiáceos, en remisión|F17.200: Dependencia de nicotina no especificada, sin complicaciones|V02.62: V02.62|||||||||||||||F20
I49.8: Otras arritmias cardiacas especificadas||J44.9: Enfermedad pulmonar obstructiva crónica, no especificada||J84.10: Fibrosis pulmonar, no especificada|F17.200: Dependencia de nicotina no especificada, sin complicaciones|F19.21: Dependencia de otra sustancia psicoactiva, en remisión|||||||||||||||F20
J44.1: Enfermedad pulmonar obstructiva crónica con exacerbación (aguda)|J96.00: Insuficiencia respiratoria aguda no especificada si con hipoxia o con hipercapnia|J98.8: Otros trastornos respiratorios especificados|Z21: Estado de infección asintomática por virus de inmunodeficiencia humana [VIH]|F19.21: Dependencia de otra sustancia psicoactiva, en remisión||F17.200: Dependencia de nicotina no especificada, sin complicaciones|||||||||||||||F20
J44.1: Enfermedad pulmonar obstructiva crónica con exacerbación (aguda)|J96.00: Insuficiencia respiratoria aguda no especificada si con hipoxia o con hipercapnia|||F19.21: Dependencia de otra sustancia psicoactiva, en remisión|F10.10: Abuso de alcohol, sin complicaciones|F17.200: Dependencia de nicotina no especificada, sin complicaciones|||||||||||||||F20
J96.00: Insuficiencia respiratoria aguda no especificada si con hipoxia o con hipercapnia|J43.9: Enfisema, no especificado|Z21: Estado de infección asintomática por virus de inmunodeficiencia humana [VIH]||B18.2: Hepatitis vírica crónica tipo C|F19.21: Dependencia de otra sustancia psicoactiva, en remisión|F17.200: Dependencia de nicotina no especificada, sin complicaciones|E78.0: Hipercolesterolemia pura||||||||||||||F20
|F12.10: Abuso de cannabis, sin complicaciones|Z91.19: Incumplimiento del paciente con otro tratamiento y régimen médico|Z63.5: Ruptura familiar por separación y divorcio||||||||||||||||||F23
F25.9: Trastorno esquizoafectivo, no especificado|E78.4: Otros tipos de hiperlipidemia|F18.10: Abuso de inhalantes, sin complicaciones|T18.3XXA: Cuerpo extraño en intestino delgado, contacto inicial||||||||||||||||||F20
F05: Delirio debido a afección fisiológica conocida||E11.9: Diabetes mellitus tipo 2 sin complicaciones|I10: Hipertensión esencial (primaria)|K64.9: Hemorroides no especificadas|E78.4: Otros tipos de hiperlipidemia|Z86.010: Historia personal de pólipos colónicos|Z87.891: Historia personal de dependencia a nicotina||||||||||||||F20
|F17.200: Dependencia de nicotina no especificada, sin complicaciones|Z04.6: Contacto para reconocimiento médico psiquiátrico general, solicitado por la autoridad|Z91.19: Incumplimiento del paciente con otro tratamiento y régimen médico||||||||||||||||||F22
|M47.814: Espondilosis sin mielopatía ni radiculopatía, región torácica|Z81.8: Historia familiar de otros trastornos mentales y del comportamiento|||||||||||||||||||F20
|Z91.19: Incumplimiento del paciente con otro tratamiento y régimen médico|Z81.8: Historia familiar de otros trastornos mentales y del comportamiento|Z60.2: Problemas relacionados con vivir solo||||||||||||||||||F20
L03.119: Celulitis de parte no especificada de las extremidades|G40.901: Epilepsia, no especificada, no intratable, con estado de mal epiléptico|G91.1: Hidrocefalia obstructiva|E66.9: Obesidad, no especificada||R73.01: Glucemia basal alterada|Z59.3: Problemas relacionados con la vida en una institución residencial|||||||||||||||F20
J98.8: Otros trastornos respiratorios especificados|I50.9: Insuficiencia cardiaca, no especificada||G91.2: Hidrocefalia normotensiva (idiopática)|Z86.73: Historia personal de ataque isquémico transitorio (AIT) e infarto cerebral sin déficits residuales|Z79.02: Uso prolongado (actual) de antitrombóticos / antiplaquetarios||||||||||||||||F20
I50.9: Insuficiencia cardiaca, no especificada|J98.8: Otros trastornos respiratorios especificados|G91.2: Hidrocefalia normotensiva (idiopática)||Z86.73: Historia personal de ataque isquémico transitorio (AIT) e infarto cerebral sin déficits residuales|Z59.3: Problemas relacionados con la vida en una institución residencial||||||||||||||||F20
J69.0: Neumonitis debida a inhalación de alimentos y vómito|J96.00: Insuficiencia respiratoria aguda no especificada si con hipoxia o con hipercapnia|G93.41: Encefalopatía metabólica|I50.9: Insuficiencia cardiaca, no especificada|E66.2: Obesidad mórbida (severa) con hipoventilación alveolar||D47.2: Gammapatía monoclonal|G40.901: Epilepsia, no especificada, no intratable, con estado de mal epiléptico|G91.2: Hidrocefalia normotensiva (idiopática)|Z79.82: Uso prolongado (actual) de aspirina|Z59.3: Problemas relacionados con la vida en una institución residencial|||||||||||F20
J98.8: Otros trastornos respiratorios especificados|E11.9: Diabetes mellitus tipo 2 sin complicaciones|Z79.4: Uso prolongado (actual) de insulina||D47.2: Gammapatía monoclonal|Z59.3: Problemas relacionados con la vida en una institución residencial|Z79.82: Uso prolongado (actual) de aspirina|||||||||||||||F20
T17.900A: Cuerpo extraño no especificado en vías respiratorias, parte no especificada, que produce asfixia, contacto inicial|J96.00: Insuficiencia respiratoria aguda no especificada si con hipoxia o con hipercapnia|I47.9: Taquicardia paroxística, no especificada|K80.20: Cálculo de vesícula biliar sin colecistitis sin obstrucción||G40.901: Epilepsia, no especificada, no intratable, con estado de mal epiléptico|D47.2: Gammapatía monoclonal|E66.01: Obesidad mórbida (severa) por exceso de calorías|G91.1: Hidrocefalia obstructiva|N31.9: Disfunción neuromuscular de vejiga, no especificada|Z59.3: Problemas relacionados con la vida en una institución residencial|||||||||||F20
|F50.8: Otros trastornos de la conducta alimentaria|E87.1: Hiposmolaridad e hiponatremia|Z81.8: Historia familiar de otros trastornos mentales y del comportamiento||||||||||||||||||F20
C18.7: Neoplasia maligna de colon sigmoide|C78.7: Neoplasia maligna secundaria de hígado y vías biliares intrahepáticas|I10: Hipertensión esencial (primaria)|I25.9: Enfermedad isquémica crónica cardiaca, no especificada||Z89.9: Ausencia adquirida de miembro no especificado||||||||||||||||F20
J98.8: Otros trastornos respiratorios especificados|E03.9: Hipotiroidismo, no especificado||||||||||||||||||||F20
|Z60.2: Problemas relacionados con vivir solo|Z04.6: Contacto para reconocimiento médico psiquiátrico general, solicitado por la autoridad|||||||||||||||||||F20
F25.9: Trastorno esquizoafectivo, no especificado|Z81.8: Historia familiar de otros trastornos mentales y del comportamiento||||||||||||||||||||F20
N20.1: Cálculo del uréter|N23: Cólico renal no especificado|K80.20: Cálculo de vesícula biliar sin colecistitis sin obstrucción|F25.9: Trastorno esquizoafectivo, no especificado||||||||||||||||||F20
|Z91.19: Incumplimiento del paciente con otro tratamiento y régimen médico|Z81.8: Historia familiar de otros trastornos mentales y del comportamiento|||||||||||||||||||F20
F60.9: Trastorno de personalidad, no especificado||N39.0: Infección de tracto urinario, localización no especificada|Z88.6: Estado de alergia a analgésico||||||||||||||||||F23
|F60.9: Trastorno de personalidad, no especificado|F12.10: Abuso de cannabis, sin complicaciones|Z04.6: Contacto para reconocimiento médico psiquiátrico general, solicitado por la autoridad|Z81.8: Historia familiar de otros trastornos mentales y del comportamiento|Z82.0: Historia familiar de epilepsia y otras enfermedades del sistema nervioso||||||||||||||||F20
|F60.9: Trastorno de personalidad, no especificado||||||||||||||||||||F20
|E78.0: Hipercolesterolemia pura|Z60.2: Problemas relacionados con vivir solo|Z04.6: Contacto para reconocimiento médico psiquiátrico general, solicitado por la autoridad|Z82.0: Historia familiar de epilepsia y otras enfermedades del sistema nervioso|Z86.73: Historia personal de ataque isquémico transitorio (AIT) e infarto cerebral sin déficits residuales||||||||||||||||F22
|F60.1: Trastorno esquizoide de personalidad|Z81.8: Historia familiar de otros trastornos mentales y del comportamiento|||||||||||||||||||F29
F44.9: Trastorno disociativo y de conversión, no especificado||N39.0: Infección de tracto urinario, localización no especificada|Z04.6: Contacto para reconocimiento médico psiquiátrico general, solicitado por la autoridad||||||||||||||||||F23
|Z04.6: Contacto para reconocimiento médico psiquiátrico general, solicitado por la autoridad||||||||||||||||||||F20
|E05.90: Tirotoxicosis, no especificada sin crisis tirotóxica ni tormenta tiroidea||||||||||||||||||||F23
|E05.90: Tirotoxicosis, no especificada sin crisis tirotóxica ni tormenta tiroidea|Z04.6: Contacto para reconocimiento médico psiquiátrico general, solicitado por la autoridad|Z91.19: Incumplimiento del paciente con otro tratamiento y régimen médico||||||||||||||||||F20
|Z81.8: Historia familiar de otros trastornos mentales y del comportamiento|Z04.6: Contacto para reconocimiento médico psiquiátrico general, solicitado por la autoridad|Z91.19: Incumplimiento del paciente con otro tratamiento y régimen médico|Z63.5: Ruptura familiar por separación y divorcio|||||||||||||||||F20
|Z04.6: Contacto para reconocimiento médico psiquiátrico general, solicitado por la autoridad|Z81.8: Historia familiar de otros trastornos mentales y del comportamiento|Z63.5: Ruptura familiar por separación y divorcio|Z91.19: Incumplimiento del paciente con otro tratamiento y régimen médico|Z59.0: Persona sin hogar||||||||||||||||F20
|N39.0: Infección de tracto urinario, localización no especificada|Z63.5: Ruptura familiar por separación y divorcio|Z04.6: Contacto para reconocimiento médico psiquiátrico general, solicitado por la autoridad|Z60.2: Problemas relacionados con vivir solo|Z81.8: Historia familiar de otros trastornos mentales y del comportamiento|Z91.19: Incumplimiento del paciente con otro tratamiento y régimen médico|||||||||||||||F20
|N39.0: Infección de tracto urinario, localización no especificada|Z91.19: Incumplimiento del paciente con otro tratamiento y régimen médico|Z81.8: Historia familiar de otros trastornos mentales y del comportamiento|Z04.6: Contacto para reconocimiento médico psiquiátrico general, solicitado por la autoridad|Z63.5: Ruptura familiar por separación y divorcio|Z60.2: Problemas relacionados con vivir solo|||||||||||||||F20
|Z91.19: Incumplimiento del paciente con otro tratamiento y régimen médico|Z86.73: Historia personal de ataque isquémico transitorio (AIT) e infarto cerebral sin déficits residuales|Z60.2: Problemas relacionados con vivir solo|I44.0: Bloqueo auriculoventricular, primer grado|Z90.710: Ausencia adquirida de ambos, de cuello uterino y de útero||||||||||||||||F22
|G24.02: Distonía aguda inducida por fármacos||||||||||||||||||||F20
N83.20: Quistes ováricos no especificados|||||||||||||||||||||F20
I50.9: Insuficiencia cardiaca, no especificada|J96.00: Insuficiencia respiratoria aguda no especificada si con hipoxia o con hipercapnia|J98.8: Otros trastornos respiratorios especificados|G47.33: Apnea obstructiva del sueño (del adulto) (pediátrica)|T36.0X5A: Efecto adverso de penicilinas, contacto inicial||E03.9: Hipotiroidismo, no especificado||E66.01: Obesidad mórbida (severa) por exceso de calorías|Z86.010: Historia personal de pólipos colónicos|Z88.0: Estado de alergia a penicilina|||||||||||F20
J98.8: Otros trastornos respiratorios especificados|J96.00: Insuficiencia respiratoria aguda no especificada si con hipoxia o con hipercapnia||E03.9: Hipotiroidismo, no especificado|E66.9: Obesidad, no especificada|Z88.0: Estado de alergia a penicilina|Z91.041: Estado de alergia a contrastes radiográficos|Z87.891: Historia personal de dependencia a nicotina||||||||||||||F20
I50.9: Insuficiencia cardiaca, no especificada|J96.00: Insuficiencia respiratoria aguda no especificada si con hipoxia o con hipercapnia|J98.8: Otros trastornos respiratorios especificados|T78.3XXA: Edema angioneurótico, contacto inicial||G47.33: Apnea obstructiva del sueño (del adulto) (pediátrica)||E03.9: Hipotiroidismo, no especificado|E66.01: Obesidad mórbida (severa) por exceso de calorías|Z87.11: Historia personal de enfermedad ulcerosa péptica|Z88.0: Estado de alergia a penicilina|Z88.1: Estado de alergia a otros antibióticos||||||||||F20
J18.9: Neumonía, microorganismo no especificado|R09.02: Hipoxemia||E05.90: Tirotoxicosis, no especificada sin crisis tirotóxica ni tormenta tiroidea|K44.9: Hernia diafragmática sin obstrucción ni gangrena|E66.9: Obesidad, no especificada|Z88.0: Estado de alergia a penicilina|Z88.1: Estado de alergia a otros antibióticos|Z91.041: Estado de alergia a contrastes radiográficos|Z87.891: Historia personal de dependencia a nicotina||||||||||||F20
|F02.81: Demencia en otras enfermedades clasificadas bajo otro concepto, gravedad no especificada, con alteración del comportamiento||B18.2: Hepatitis vírica crónica tipo C|F15.10: Abuso de otro estimulante, sin complicaciones|Z60.2: Problemas relacionados con vivir solo||||||||||||||||F22
K40.90: Hernia inguinal unilateral, sin obstrucción ni gangrena, no especificada como recidivada||F02.81: Demencia en otras enfermedades clasificadas bajo otro concepto, gravedad no especificada, con alteración del comportamiento||F15.10: Abuso de otro estimulante, sin complicaciones|B18.2: Hepatitis vírica crónica tipo C|Z88.1: Estado de alergia a otros antibióticos|Z59.3: Problemas relacionados con la vida en una institución residencial||||||||||||||F22
|F60.1: Trastorno esquizoide de personalidad|E01.2: Bocio (endémico) relacionado con carencia de yodo, no especificado|Z91.19: Incumplimiento del paciente con otro tratamiento y régimen médico||||||||||||||||||F20
S82.899A: Otra fractura de pierna no especificada, contacto inicial por fractura cerrada||K44.9: Hernia diafragmática sin obstrucción ni gangrena|||||||||||||||||||F20
|E03.9: Hipotiroidismo, no especificado|Z81.8: Historia familiar de otros trastornos mentales y del comportamiento|||||||||||||||||||F20
|F60.1: Trastorno esquizoide de personalidad|Z81.8: Historia familiar de otros trastornos mentales y del comportamiento|Z91.19: Incumplimiento del paciente con otro tratamiento y régimen médico||||||||||||||||||F20
T43.201A: Envenenamiento por antidepresivos no especificados, accidental (no intencionado), contacto inicial|T43.501A: Envenenamiento por antipsicóticos y neurolépticos no especificados, accidental (no intencionado), contacto inicial|T42.4X1A: Envenenamiento por benzodiacepinas, accidental (no intencionado), contacto inicial|T51.0X1A: Efecto tóxico de etanol, accidental (no intencionado), contacto inicial|S51.809A: Herida abierta no especificada de antebrazo no especificado, contacto inicial|J96.00: Insuficiencia respiratoria aguda no especificada si con hipoxia o con hipercapnia|I47.1: Taquicardia supraventricular|F60.9: Trastorno de personalidad, no especificado||||||||||||||F20
I47.1: Taquicardia supraventricular|F17.200: Dependencia de nicotina no especificada, sin complicaciones||||||||||||||||||||F20
|F60.1: Trastorno esquizoide de personalidad|Z91.19: Incumplimiento del paciente con otro tratamiento y régimen médico|||||||||||||||||||F20
J98.8: Otros trastornos respiratorios especificados|R78.81: Bacteriemia|B96.5: Pseudomonas (aeruginosa) (mallei) (pseudomallei) como causa de enfermedades clasificadas bajo otro concepto|T82.7XXA: Infección y reacción inflamatoria por (debida a) otros dispositivos, implantes e injertos cardiacos y vasculares, contacto inicial|A41.1: Sepsis debida a otro estafilococo especificado|A41.9: Sepsis, microorganismo no especificado|N18.6: Enfermedad renal en estadio terminal|V45.1: Pasajero de coche lesionado en colisión con tren o vehículo ferroviario en un accidente no de tráfico|Z79.02: Uso prolongado (actual) de antitrombóticos / antiplaquetarios|F25.9: Trastorno esquizoafectivo, no especificado||||||||||||F20
|F10.10: Abuso de alcohol, sin complicaciones|Z91.19: Incumplimiento del paciente con otro tratamiento y régimen médico|Z04.6: Contacto para reconocimiento médico psiquiátrico general, solicitado por la autoridad|Z60.2: Problemas relacionados con vivir solo|||||||||||||||||F20
S42.209A: Fractura no especificada de extremo superior de húmero no especificado, contacto inicial por fractura cerrada||E78.4: Otros tipos de hiperlipidemia|||||||||||||||||||F20
F05: Delirio debido a afección fisiológica conocida|N39.0: Infección de tracto urinario, localización no especificada|F25.9: Trastorno esquizoafectivo, no especificado|L12.0: Penfigoide ampolloso|E78.0: Hipercolesterolemia pura|Z81.8: Historia familiar de otros trastornos mentales y del comportamiento||||||||||||||||F20
I11.0: Enfermedad cardíaca hipertensiva con insuficiencia cardiaca|I50.9: Insuficiencia cardiaca, no especificada||Z85.44: Historia personal de neoplasia maligna de otros órganos genitales femeninos|Z90.79: Ausencia adquirida de otro (-s) órgano (-s) genital (-es)|||||||||||||||||F20
A02.1: Sepsis debida a Salmonella|A41.89: Otras sepsis especificadas|R65.20: Sepsis grave sin shock séptico|N17.9: Fallo renal agudo, no especificado|J96.00: Insuficiencia respiratoria aguda no especificada si con hipoxia o con hipercapnia|A04.5: Enteritis debida a Campylobacter|A02.0: Enteritis debida a Salmonella|D68.8: Otras alteraciones especificadas de la coagulación|I11.9: Enfermedad cardiaca hipertensiva sin insuficiencia cardiaca|J84.10: Fibrosis pulmonar, no especificada|F25.9: Trastorno esquizoafectivo, no especificado|N28.1: Quiste de riñón, adquirido|R78.89: Hallazgo de otras sustancias especificadas, que no se encuentran normalmente en sangre|||||||||F20
I11.0: Enfermedad cardíaca hipertensiva con insuficiencia cardiaca|I50.9: Insuficiencia cardiaca, no especificada|J96.20: Insuficiencia respiratoria aguda y crónica no especificada si con hipoxia o con hipercapnia|J84.111: Neumonía intersticial idiopática, no especificada de otro modo|F25.9: Trastorno esquizoafectivo, no especificado|J18.9: Neumonía, microorganismo no especificado|N39.0: Infección de tracto urinario, localización no especificada|R78.89: Hallazgo de otras sustancias especificadas, que no se encuentran normalmente en sangre|Z85.44: Historia personal de neoplasia maligna de otros órganos genitales femeninos|Z90.79: Ausencia adquirida de otro (-s) órgano (-s) genital (-es)||||||||||||F20
K72.90: Insuficiencia hepática, no especificada, sin coma|K74.0: Fibrosis hepática|R18.8: Otros tipos de ascitis|C22.0: Carcinoma de células hepáticas|E83.110: Hemocromatosis hereditaria||E11.9: Diabetes mellitus tipo 2 sin complicaciones|E78.4: Otros tipos de hiperlipidemia|Z79.4: Uso prolongado (actual) de insulina|||||||||||||F20
|F12.10: Abuso de cannabis, sin complicaciones|Z91.19: Incumplimiento del paciente con otro tratamiento y régimen médico|Z04.6: Contacto para reconocimiento médico psiquiátrico general, solicitado por la autoridad||||||||||||||||||F20
F25.9: Trastorno esquizoafectivo, no especificado|F60.89: Otros tipos de trastornos específicos de personalidad|E78.4: Otros tipos de hiperlipidemia|R78.89: Hallazgo de otras sustancias especificadas, que no se encuentran normalmente en sangre|F17.200: Dependencia de nicotina no especificada, sin complicaciones|Z62.891: Rivalidad entre hermanos|Z91.19: Incumplimiento del paciente con otro tratamiento y régimen médico|Z04.6: Contacto para reconocimiento médico psiquiátrico general, solicitado por la autoridad|Z88.6: Estado de alergia a analgésico|Z88.8: Estado de alergia a otros fármacos, medicamentos y sustancias biológicas||||||||||||F20
J98.8: Otros trastornos respiratorios especificados|J96.00: Insuficiencia respiratoria aguda no especificada si con hipoxia o con hipercapnia|R39.81: Incontinencia urinaria funcional|K56.60: Obstrucción intestinal no especificada|E86.0: Deshidratación|G20: Enfermedad de Parkinson||Z59.3: Problemas relacionados con la vida en una institución residencial||||||||||||||F20
I26.99: Otra embolia pulmonar sin cor pulmonale agudo|J96.00: Insuficiencia respiratoria aguda no especificada si con hipoxia o con hipercapnia|F25.9: Trastorno esquizoafectivo, no especificado|E66.9: Obesidad, no especificada|E11.9: Diabetes mellitus tipo 2 sin complicaciones|Z79.4: Uso prolongado (actual) de insulina|D50.9: Anemia ferropénica, no especificada|F17.200: Dependencia de nicotina no especificada, sin complicaciones||||||||||||||F20
|I11.9: Enfermedad cardiaca hipertensiva sin insuficiencia cardiaca|I50.9: Insuficiencia cardiaca, no especificada|I48.91: Fibrilación auricular no especificada|I67.2: Aterosclerosis cerebral|Z86.73: Historia personal de ataque isquémico transitorio (AIT) e infarto cerebral sin déficits residuales||||||||||||||||F22
F29: Psicosis no especificada no debida a sustancia o afección fisiológica conocidas||I10: Hipertensión esencial (primaria)|E78.4: Otros tipos de hiperlipidemia|Z81.8: Historia familiar de otros trastornos mentales y del comportamiento|N39.0: Infección de tracto urinario, localización no especificada||||||||||||||||F20
|N28.1: Quiste de riñón, adquirido|Z63.5: Ruptura familiar por separación y divorcio|Z04.6: Contacto para reconocimiento médico psiquiátrico general, solicitado por la autoridad|Z81.8: Historia familiar de otros trastornos mentales y del comportamiento|||||||||||||||||F22
|T50.901A: Envenenamiento por fármacos, medicamentos y sustancias biológicas no especificados, accidental (no intencionado), contacto inicial||K25.7: Úlcera gástrica crónica sin hemorragia ni perforación|M47.819: Espondilosis sin mielopatía ni radiculopatía, localización no especificada|Z65.8: Otros problemas especificados relacionados con circunstancias psicosociales||||||||||||||||F20
|F63.0: Ludopatía|T43.91XA: Envenenamiento por fármacos psicótropos no especificados, accidental (no intencionado), contacto inicial|R40.20: Coma no especificado||F17.200: Dependencia de nicotina no especificada, sin complicaciones||||||||||||||||F20
F25.9: Trastorno esquizoafectivo, no especificado|Z56.0: Desempleo, no especificado|Z04.6: Contacto para reconocimiento médico psiquiátrico general, solicitado por la autoridad|Z91.19: Incumplimiento del paciente con otro tratamiento y régimen médico||||||||||||||||||F20
F25.9: Trastorno esquizoafectivo, no especificado|F60.9: Trastorno de personalidad, no especificado|Z63.5: Ruptura familiar por separación y divorcio|||||||||||||||||||F20
J44.1: Enfermedad pulmonar obstructiva crónica con exacerbación (aguda)|J96.00: Insuficiencia respiratoria aguda no especificada si con hipoxia o con hipercapnia||F17.200: Dependencia de nicotina no especificada, sin complicaciones||||||||||||||||||F20
J44.1: Enfermedad pulmonar obstructiva crónica con exacerbación (aguda)|J96.20: Insuficiencia respiratoria aguda y crónica no especificada si con hipoxia o con hipercapnia|Z99.81: Dependencia de oxígeno suplementario|E87.2: Acidosis|I27.81: Cor pulmonale (crónico)|||||||||||||||||F20
J44.1: Enfermedad pulmonar obstructiva crónica con exacerbación (aguda)|J96.20: Insuficiencia respiratoria aguda y crónica no especificada si con hipoxia o con hipercapnia|Z99.81: Dependencia de oxígeno suplementario|D75.1: Policitemia secundaria|G93.41: Encefalopatía metabólica|F17.200: Dependencia de nicotina no especificada, sin complicaciones|E66.3: Sobrepeso|||||||||||||||F20
J44.1: Enfermedad pulmonar obstructiva crónica con exacerbación (aguda)|F17.200: Dependencia de nicotina no especificada, sin complicaciones||Z99.81: Dependencia de oxígeno suplementario||||||||||||||||||F20
J44.1: Enfermedad pulmonar obstructiva crónica con exacerbación (aguda)|J96.00: Insuficiencia respiratoria aguda no especificada si con hipoxia o con hipercapnia||F17.200: Dependencia de nicotina no especificada, sin complicaciones|Z99.81: Dependencia de oxígeno suplementario|||||||||||||||||F20
J44.1: Enfermedad pulmonar obstructiva crónica con exacerbación (aguda)|J96.20: Insuficiencia respiratoria aguda y crónica no especificada si con hipoxia o con hipercapnia|Z99.81: Dependencia de oxígeno suplementario||F17.200: Dependencia de nicotina no especificada, sin complicaciones|||||||||||||||||F20
|Z65.3: Problemas relacionados con otras circunstancias legales|Z81.8: Historia familiar de otros trastornos mentales y del comportamiento|||||||||||||||||||F20
|Z65.3: Problemas relacionados con otras circunstancias legales|Z81.8: Historia familiar de otros trastornos mentales y del comportamiento|Z91.19: Incumplimiento del paciente con otro tratamiento y régimen médico||||||||||||||||||F20
E87.8: Otros trastornos del equilibrio de líquidos y electrolitos, no clasificados bajo otro concepto|R40.0: Somnolencia|K43.0: Hernia incisional con obstrucción, sin gangrena|K91.86: Colelitiasis retenida después de colecistectomía||I10: Hipertensión esencial (primaria)|Z85.41: Historia personal de neoplasia maligna de cuello uterino|Z90.79: Ausencia adquirida de otro (-s) órgano (-s) genital (-es)|Z59.3: Problemas relacionados con la vida en una institución residencial|||||||||||||F20
S72.043A: Fractura desplazada de base del cuello de fémur no especificado, contacto inicial por fractura cerrada||E11.9: Diabetes mellitus tipo 2 sin complicaciones|N18.9: Enfermedad renal crónica, no especificada||||||||||||||||||F20
I13.2: Enfermedad cardiaca y renal crónica hipertensiva con insuficiencia cardiaca y con enfermedad renal crónica en estadio 5 o con enfermedad renal en estadio terminal|I50.1: Insuficiencia ventricular izquierda, no especificada|N18.5: Enfermedad renal crónica, estadio fase 5|D64.9: Anemia, no especificada|I34.0: Insuficiencia (de la válvula) mitral no reumática|I35.0: Estenosis (de la válvula) aórtica no reumática|E11.9: Diabetes mellitus tipo 2 sin complicaciones|Z79.4: Uso prolongado (actual) de insulina|E78.9: Trastorno del metabolismo de las lipoproteínas, no especificado||Z59.3: Problemas relacionados con la vida en una institución residencial|||||||||||F20
E11.618: Diabetes mellitus tipo 2 con otra artropatía diabética|E53.8: Carencia de otras vitaminas del grupo B especificadas|D89.2: Hipergammaglobulinemia, no especificada||F32.9: Trastorno depresivo mayor, episodio único, no especificado|I67.81: Insuficiencia cerebrovascular aguda|H91.90: Pérdida de audición no especificada, oído no especificado|K80.20: Cálculo de vesícula biliar sin colecistitis sin obstrucción|F17.200: Dependencia de nicotina no especificada, sin complicaciones|||||||||||||F22
|Z91.19: Incumplimiento del paciente con otro tratamiento y régimen médico|Z65.3: Problemas relacionados con otras circunstancias legales|||||||||||||||||||F20
J20.9: Bronquitis aguda, no especificada|J42: Bronquitis crónica no especificada|J96.00: Insuficiencia respiratoria aguda no especificada si con hipoxia o con hipercapnia|F17.200: Dependencia de nicotina no especificada, sin complicaciones|F11.20: Dependencia de opiáceos, sin complicaciones|F34.1: Trastorno distímico|F25.9: Trastorno esquizoafectivo, no especificado|Z65.3: Problemas relacionados con otras circunstancias legales||||||||||||||F20
I63.50: Infarto cerebral debido a oclusión o estenosis no especificada de arteria cerebral no especificada|I13.10: Enfermedad cardiaca y renal crónica hipertensiva sin insuficiencia cardiaca, con enfermedad renal crónica en estadio 1 a 4 o enfermedad renal crónica no especificada|N18.9: Enfermedad renal crónica, no especificada|Z86.79: Historia personal de otras enfermedades del aparato circulatorio|B18.2: Hepatitis vírica crónica tipo C|H35.039: Retinopatía hipertensiva, ojo no especificado||F12.10: Abuso de cannabis, sin complicaciones|F17.200: Dependencia de nicotina no especificada, sin complicaciones|Z65.3: Problemas relacionados con otras circunstancias legales||||||||||||F20
|S02.600A: Fractura de parte no especificada de cuerpo de mandíbula, lado no especificado, contacto inicial por fractura cerrada|||Z65.3: Problemas relacionados con otras circunstancias legales|||||||||||||||||F20
J13: Neumonía por Streptococcus pneumoniae|G93.40: Encefalopatía, no especificada|J98.8: Otros trastornos respiratorios especificados|J96.00: Insuficiencia respiratoria aguda no especificada si con hipoxia o con hipercapnia|J44.1: Enfermedad pulmonar obstructiva crónica con exacerbación (aguda)||D69.6: Trombocitopenia no especificada|B18.2: Hepatitis vírica crónica tipo C|Z21: Estado de infección asintomática por virus de inmunodeficiencia humana [VIH]|F17.200: Dependencia de nicotina no especificada, sin complicaciones|Z65.3: Problemas relacionados con otras circunstancias legales|||||||||||F20
A41.9: Sepsis, microorganismo no especificado|R65.20: Sepsis grave sin shock séptico|R65.21: Sepsis grave con shock séptico|J96.00: Insuficiencia respiratoria aguda no especificada si con hipoxia o con hipercapnia|N17.9: Fallo renal agudo, no especificado|E87.2: Acidosis|K80.20: Cálculo de vesícula biliar sin colecistitis sin obstrucción||B18.2: Hepatitis vírica crónica tipo C|Z21: Estado de infección asintomática por virus de inmunodeficiencia humana [VIH]|F11.21: Dependencia de opiáceos, en remisión|Z65.3: Problemas relacionados con otras circunstancias legales||||||||||F20
|G31.84: Deterioro cognitivo leve de etiología incierta o desconocida|F31.9: Trastorno bipolar, no especificado|I12.9: Enfermedad renal crónica hipertensiva con enfermedad renal crónica en estadio 1 a 4 o con enfermedad renal crónica no especificada|N18.9: Enfermedad renal crónica, no especificada|K57.30: Diverticulosis de colon sin perforación ni absceso, sin hemorragia|Z87.11: Historia personal de enfermedad ulcerosa péptica|Z86.73: Historia personal de ataque isquémico transitorio (AIT) e infarto cerebral sin déficits residuales|Z88.4: Estado de alergia a anestésico|Z88.6: Estado de alergia a analgésico||||||||||||F22
J96.20: Insuficiencia respiratoria aguda y crónica no especificada si con hipoxia o con hipercapnia|E67.8: Otros tipos de hiperalimentación especificados|R71.8: Otras anomalías de los hematíes|S22.39XA: Fractura de una costilla, lado no especificado, contacto inicial por fractura cerrada|I10: Hipertensión esencial (primaria)|E78.4: Otros tipos de hiperlipidemia||F10.10: Abuso de alcohol, sin complicaciones|Z87.891: Historia personal de dependencia a nicotina|||||||||||||F20
E11.21: Diabetes mellitus tipo 2 con nefropatía diabética|N08: Trastornos glomerulares en enfermedades clasificadas bajo otro concepto|G47.33: Apnea obstructiva del sueño (del adulto) (pediátrica)|E67.8: Otros tipos de hiperalimentación especificados|D75.1: Policitemia secundaria|R80.3: Proteinuria de Bence Jones|N40.1: Hiperplasia prostática benigna con síntomas de tracto urinario inferior|R33.9: Retención urinaria, no especificada|F10.10: Abuso de alcohol, sin complicaciones|E78.4: Otros tipos de hiperlipidemia|I10: Hipertensión esencial (primaria)||N39.0: Infección de tracto urinario, localización no especificada|||||||||F20
K80.18: Cálculo de vesícula biliar con otro tipo de colecistitis sin obstrucción|N13.9: Uropatía obstructiva y por reflujo, no especificada|F03.90: Demencia no especificada, gravedad no especificada, sin alteración del comportamiento, alteración psicótica, alteración del estado de ánimo ni ansiedad|N39.0: Infección de tracto urinario, localización no especificada|B96.21: Escherichia coli [E. coli] [STEC] O157 productor de toxina Shiga como causa de enfermedades clasificadas bajo otro concepto|K59.00: Estreñimiento, no especificado||C61: Neoplasia maligna de próstata|Z59.3: Problemas relacionados con la vida en una institución residencial|R68.89: Otros síntomas y signos generales|Z87.440: Historia personal de infecciones del tracto urinario|||||||||||F20
|Z91.19: Incumplimiento del paciente con otro tratamiento y régimen médico|E44.1: Malnutrición calórico-proteica leve|||||||||||||||||||F20
K56.49: Otros tipos de impactación de intestino|C61: Neoplasia maligna de próstata||Z59.3: Problemas relacionados con la vida en una institución residencial||||||||||||||||||F20
S06.4X0A: Hemorragia epidural sin pérdida de conciencia, contacto inicial|||||||||||||||||||||F20
C22.0: Carcinoma de células hepáticas|K74.0: Fibrosis hepática|B18.2: Hepatitis vírica crónica tipo C|F10.20: Dependencia de alcohol, sin complicaciones||||||||||||||||||F20
I74.3: Embolia y trombosis de arterias de los miembros inferiores|I26.99: Otra embolia pulmonar sin cor pulmonale agudo|I25.10: Enfermedad cardiaca aterosclerótica de arteria coronaria nativa sin angina de pecho|Z98.61: Estado de angioplastia coronaria|Z86.11: Historia personal de tuberculosis|F17.200: Dependencia de nicotina no especificada, sin complicaciones||Z88.6: Estado de alergia a analgésico|Z91.041: Estado de alergia a contrastes radiográficos|Z87.11: Historia personal de enfermedad ulcerosa péptica|Z86.010: Historia personal de pólipos colónicos|||||||||||F20
|F10.10: Abuso de alcohol, sin complicaciones||||||||||||||||||||F20
K80.18: Cálculo de vesícula biliar con otro tipo de colecistitis sin obstrucción|K66.0: Adherencias peritoneales (posprocedimiento) (posinfección)|F25.9: Trastorno esquizoafectivo, no especificado|Z88.0: Estado de alergia a penicilina||||||||||||||||||F20
F10.20: Dependencia de alcohol, sin complicaciones||I10: Hipertensión esencial (primaria)|I48.91: Fibrilación auricular no especificada|I25.9: Enfermedad isquémica crónica cardiaca, no especificada|Z91.19: Incumplimiento del paciente con otro tratamiento y régimen médico|Z96.659: Presencia de articulación de rodilla artificial, no especificada|||||||||||||||F22
|Z60.2: Problemas relacionados con vivir solo||||||||||||||||||||F23
C34.30: Neoplasia maligna de lóbulo inferior, bronquio o pulmón no especificados|C77.1: Neoplasia maligna secundaria y no especificada de ganglios linfáticos intratorácicos|N18.9: Enfermedad renal crónica, no especificada|I12.9: Enfermedad renal crónica hipertensiva con enfermedad renal crónica en estadio 1 a 4 o con enfermedad renal crónica no especificada|M89.40: Otra osteoartropatía hipertrófica, localización no especificada||I71.4: Aneurisma aórtico abdominal, sin rotura|I70.209: Aterosclerosis no especificada de arterias nativas de las extremidades, extremidad no especificada|M06.9: Artritis reumatoide no especificada|D64.9: Anemia, no especificada|N25.81: Hiperparatiroidismo secundario de origen renal|K59.00: Estreñimiento, no especificado|R32: Incontinencia urinaria no especificada|Z87.891: Historia personal de dependencia a nicotina|Z87.891: Historia personal de dependencia a nicotina|||||||F20
K29.40: Gastritis crónica atrófica sin hemorragia|I10: Hipertensión esencial (primaria)|R78.89: Hallazgo de otras sustancias especificadas, que no se encuentran normalmente en sangre|M15.0: Artrosis primaria generalizada||K57.30: Diverticulosis de colon sin perforación ni absceso, sin hemorragia|Z79.82: Uso prolongado (actual) de aspirina|||||||||||||||F20
|Z88.1: Estado de alergia a otros antibióticos|F17.200: Dependencia de nicotina no especificada, sin complicaciones|Z81.8: Historia familiar de otros trastornos mentales y del comportamiento|Z60.2: Problemas relacionados con vivir solo|Z04.6: Contacto para reconocimiento médico psiquiátrico general, solicitado por la autoridad||||||||||||||||F22
|E89.0: Hipotiroidismo posprocedimiento|T17.900A: Cuerpo extraño no especificado en vías respiratorias, parte no especificada, que produce asfixia, contacto inicial|||||||||||||||||||F20
J47.1: Bronquiectasias con exacerbación (aguda)|B95.61: Infección por Staphylococcus aureus sensible a meticilina como causa de enfermedades clasificadas bajo otro concepto|Z16.11: Resistencia a penicilinas|J96.20: Insuficiencia respiratoria aguda y crónica no especificada si con hipoxia o con hipercapnia|Z99.81: Dependencia de oxígeno suplementario||K70.9: Enfermedad hepática alcohólica, no especificada|Z86.11: Historia personal de tuberculosis|F17.200: Dependencia de nicotina no especificada, sin complicaciones|F10.10: Abuso de alcohol, sin complicaciones|Z59.3: Problemas relacionados con la vida en una institución residencial|||||||||||F20
|E03.9: Hipotiroidismo, no especificado||||||||||||||||||||F20
|Z81.8: Historia familiar de otros trastornos mentales y del comportamiento|Z04.6: Contacto para reconocimiento médico psiquiátrico general, solicitado por la autoridad|||||||||||||||||||F20
F25.9: Trastorno esquizoafectivo, no especificado|T42.4X1A: Envenenamiento por benzodiacepinas, accidental (no intencionado), contacto inicial||E78.2: Hiperlipidemia mixta|Z56.0: Desempleo, no especificado|||||||||||||||||F20
|F12.10: Abuso de cannabis, sin complicaciones|Z60.2: Problemas relacionados con vivir solo|||||||||||||||||||F22
|F60.5: Trastorno de personalidad obsesivo-compulsivo|S12.000K: Fractura no especificada desplazada de primera vértebra cervical, contacto sucesivo por fractura con fracaso de consolidación|||||||||||||||||||F20
J18.9: Neumonía, microorganismo no especificado|I50.9: Insuficiencia cardiaca, no especificada|J45.909: Asma no especificada, sin complicaciones|B37.0: Estomatitis candidiásica|R10.13: Dolor epigástrico|E11.9: Diabetes mellitus tipo 2 sin complicaciones|K59.00: Estreñimiento, no especificado|D63.8: Anemia en otras enfermedades crónicas clasificadas bajo otro concepto||Z90.710: Ausencia adquirida de ambos, de cuello uterino y de útero|Z88.0: Estado de alergia a penicilina|||||||||||F20
|Z63.5: Ruptura familiar por separación y divorcio|F17.200: Dependencia de nicotina no especificada, sin complicaciones|||||||||||||||||||F23
K40.90: Hernia inguinal unilateral, sin obstrucción ni gangrena, no especificada como recidivada||N47.0: Prepucio adherente del recién nacido|||||||||||||||||||F20
|Z71.89: Otro asesoramiento específico|Z60.2: Problemas relacionados con vivir solo|Z56.0: Desempleo, no especificado||||||||||||||||||F23
S52.023A: Fractura desplazada de olécranon sin extensión intraarticular de cúbito no especificado, contacto inicial por fractura cerrada|C92.01: Leucemia mieloblástica aguda, en remisión||||||||||||||||||||F20
I50.9: Insuficiencia cardiaca, no especificada|I11.0: Enfermedad cardíaca hipertensiva con insuficiencia cardiaca|B36.0: Pitiriasis versicolor||J44.9: Enfermedad pulmonar obstructiva crónica, no especificada|F17.200: Dependencia de nicotina no especificada, sin complicaciones|F10.10: Abuso de alcohol, sin complicaciones|||||||||||||||F20
|I10: Hipertensión esencial (primaria)||||||||||||||||||||F22
C50.419: Neoplasia maligna de cuadrante superior externo de mama femenina, lado no especificado|C77.3: Neoplasia maligna secundaria y no especificada de ganglios linfáticos de axila y extremidad superior||||||||||||||||||||F20
F25.9: Trastorno esquizoafectivo, no especificado|Z81.8: Historia familiar de otros trastornos mentales y del comportamiento|Z04.6: Contacto para reconocimiento médico psiquiátrico general, solicitado por la autoridad|Z91.19: Incumplimiento del paciente con otro tratamiento y régimen médico||||||||||||||||||F20
|F60.1: Trastorno esquizoide de personalidad|Z81.8: Historia familiar de otros trastornos mentales y del comportamiento|Z91.19: Incumplimiento del paciente con otro tratamiento y régimen médico|Z88.0: Estado de alergia a penicilina|Z88.8: Estado de alergia a otros fármacos, medicamentos y sustancias biológicas||||||||||||||||F20
F31.2: Trastorno bipolar, episodio actual maníaco, grave, con rasgos psicóticos|F25.9: Trastorno esquizoafectivo, no especificado||||||||||||||||||||F20
I13.0: Enfermedad cardiaca y renal crónica hipertensiva con insuficiencia cardiaca y enfermedad renal crónica estadios 1 a 4 o enfermedad renal crónica no especificada|I50.9: Insuficiencia cardiaca, no especificada|N18.9: Enfermedad renal crónica, no especificada|J44.1: Enfermedad pulmonar obstructiva crónica con exacerbación (aguda)|J96.00: Insuficiencia respiratoria aguda no especificada si con hipoxia o con hipercapnia||F12.10: Abuso de cannabis, sin complicaciones|F10.10: Abuso de alcohol, sin complicaciones|G94: Otros trastornos del cerebro en enfermedades clasificadas bajo otro concepto|I67.2: Aterosclerosis cerebral|Z86.79: Historia personal de otras enfermedades del aparato circulatorio|E11.9: Diabetes mellitus tipo 2 sin complicaciones|Z60.2: Problemas relacionados con vivir solo|||||||||F20
F05: Delirio debido a afección fisiológica conocida|J15.212: Neumonía debida a Staphylococcus aureus resistente a meticilina|J96.00: Insuficiencia respiratoria aguda no especificada si con hipoxia o con hipercapnia||E11.8: Diabetes mellitus tipo 2 con complicaciones no especificadas|E43: Malnutrición calórico-proteica grave no especificada|I69.953: Hemiplejia y hemiparesia tras enfermedad cerebrovascular no especificada con afectación de lado derecho no dominante|I69.922: Disartria tras enfermedad cerebrovascular no especificada|R47.01: Afasia|Z59.3: Problemas relacionados con la vida en una institución residencial||||||||||||F20
|E11.9: Diabetes mellitus tipo 2 sin complicaciones|I87.2: Insuficiencia venosa (crónica) (periférica)|Z60.2: Problemas relacionados con vivir solo||||||||||||||||||F22
|G40.901: Epilepsia, no especificada, no intratable, con estado de mal epiléptico|F10.20: Dependencia de alcohol, sin complicaciones|F10.231: Dependencia de alcohol con delirio por abstinencia|J69.0: Neumonitis debida a inhalación de alimentos y vómito|J96.00: Insuficiencia respiratoria aguda no especificada si con hipoxia o con hipercapnia|E11.9: Diabetes mellitus tipo 2 sin complicaciones|Z86.79: Historia personal de otras enfermedades del aparato circulatorio||||||||||||||F20
|Z56.0: Desempleo, no especificado||||||||||||||||||||F20
|F11.10: Abuso de opiáceos, sin complicaciones|Z91.19: Incumplimiento del paciente con otro tratamiento y régimen médico|Z81.8: Historia familiar de otros trastornos mentales y del comportamiento|Z86.11: Historia personal de tuberculosis|||||||||||||||||F20
|F12.10: Abuso de cannabis, sin complicaciones|F14.10: Abuso de cocaína, sin complicaciones|F11.10: Abuso de opiáceos, sin complicaciones|Z91.19: Incumplimiento del paciente con otro tratamiento y régimen médico|||||||||||||||||F20
|F12.10: Abuso de cannabis, sin complicaciones|F14.10: Abuso de cocaína, sin complicaciones|F11.10: Abuso de opiáceos, sin complicaciones||||||||||||||||||F20
|F12.10: Abuso de cannabis, sin complicaciones|S41.009A: Herida abierta no especificada de hombro no especificado, contacto inicial||Z91.19: Incumplimiento del paciente con otro tratamiento y régimen médico|||||||||||||||||F20
C44.300: Neoplasia maligna no especificada de piel de parte no especificada de la cara|||||||||||||||||||||F20
H26.9: Catarata no especificada|E11.9: Diabetes mellitus tipo 2 sin complicaciones||||||||||||||||||||F20
|E11.618: Diabetes mellitus tipo 2 con otra artropatía diabética|F17.200: Dependencia de nicotina no especificada, sin complicaciones|T20.00XS: Quemadura de grado no especificado de cabeza, cara y cuello de localización no especificada, secuela|Z79.4: Uso prolongado (actual) de insulina|Z60.2: Problemas relacionados con vivir solo||||||||||||||||F20
|E78.0: Hipercolesterolemia pura|I10: Hipertensión esencial (primaria)|E03.9: Hipotiroidismo, no especificado|Z63.5: Ruptura familiar por separación y divorcio|||||||||||||||||F22
|I10: Hipertensión esencial (primaria)|E78.0: Hipercolesterolemia pura|E03.9: Hipotiroidismo, no especificado|Z91.19: Incumplimiento del paciente con otro tratamiento y régimen médico|Z04.6: Contacto para reconocimiento médico psiquiátrico general, solicitado por la autoridad||||||||||||||||F22
J18.9: Neumonía, microorganismo no especificado|J96.00: Insuficiencia respiratoria aguda no especificada si con hipoxia o con hipercapnia|E11.8: Diabetes mellitus tipo 2 con complicaciones no especificadas|F17.200: Dependencia de nicotina no especificada, sin complicaciones||||||||||||||||||F20
|F60.1: Trastorno esquizoide de personalidad||||||||||||||||||||F29
F30.2: Episodio maníaco, grave, con síntomas psicóticos||E78.0: Hipercolesterolemia pura|R78.89: Hallazgo de otras sustancias especificadas, que no se encuentran normalmente en sangre|G25.0: Temblor esencial|||||||||||||||||F22
I50.9: Insuficiencia cardiaca, no especificada|I48.91: Fibrilación auricular no especificada|I48.92: Flutter auricular no especificado|J44.0: Enfermedad pulmonar obstructiva crónica con infección (aguda) de las vías respiratorias inferiores|J96.00: Insuficiencia respiratoria aguda no especificada si con hipoxia o con hipercapnia|B37.0: Estomatitis candidiásica|G30.9: Enfermedad de Alzheimer, no especificada|F02.80: Demencia en otras enfermedades clasificadas bajo otro concepto, gravedad no especificada, sin alteración del comportamiento, alteración psicótica, alteración del estado de ánimo ni ansiedad||E13.9: Otra diabetes mellitus especificada sin complicaciones||R55: Síncope y colapso|K92.1: Melena|||||||||F20
J18.9: Neumonía, microorganismo no especificado|J96.00: Insuficiencia respiratoria aguda no especificada si con hipoxia o con hipercapnia|G30.9: Enfermedad de Alzheimer, no especificada|F02.80: Demencia en otras enfermedades clasificadas bajo otro concepto, gravedad no especificada, sin alteración del comportamiento, alteración psicótica, alteración del estado de ánimo ni ansiedad|J42: Bronquitis crónica no especificada|I48.91: Fibrilación auricular no especificada|I48.92: Flutter auricular no especificado|N40.0: Hiperplasia prostática benigna sin síntomas de tracto urinario inferior||Z87.11: Historia personal de enfermedad ulcerosa péptica|Z86.010: Historia personal de pólipos colónicos|||||||||||F20
J18.9: Neumonía, microorganismo no especificado|J96.20: Insuficiencia respiratoria aguda y crónica no especificada si con hipoxia o con hipercapnia|Z99.81: Dependencia de oxígeno suplementario|K71.6: Hepatopatía tóxica con hepatitis, no clasificada bajo otro concepto||N39.0: Infección de tracto urinario, localización no especificada|K56.69: Otros tipos de obstrucción intestinal|Q43.4: Duplicación del intestino|G30.9: Enfermedad de Alzheimer, no especificada|F02.80: Demencia en otras enfermedades clasificadas bajo otro concepto, gravedad no especificada, sin alteración del comportamiento, alteración psicótica, alteración del estado de ánimo ni ansiedad||I48.91: Fibrilación auricular no especificada|K80.20: Cálculo de vesícula biliar sin colecistitis sin obstrucción|||||||||F20
|Z81.8: Historia familiar de otros trastornos mentales y del comportamiento|Z91.19: Incumplimiento del paciente con otro tratamiento y régimen médico|||||||||||||||||||F22
|D25.9: Leiomioma de útero, no especificado|Z81.8: Historia familiar de otros trastornos mentales y del comportamiento|Z60.2: Problemas relacionados con vivir solo|Z91.19: Incumplimiento del paciente con otro tratamiento y régimen médico|||||||||||||||||F22
F25.9: Trastorno esquizoafectivo, no especificado|F60.89: Otros tipos de trastornos específicos de personalidad|B18.2: Hepatitis vírica crónica tipo C|G25.9: Trastorno extrapiramidal y del movimiento, no especificado||||||||||||||||||F20
J01.90: Sinusitis aguda, no especificada|||||||||||||||||||||F20
|T50.901A: Envenenamiento por fármacos, medicamentos y sustancias biológicas no especificados, accidental (no intencionado), contacto inicial||I80.00: Flebitis y tromboflebitis de vasos superficiales de extremidad inferior no especificada|Z81.8: Historia familiar de otros trastornos mentales y del comportamiento|||||||||||||||||F20
|F12.10: Abuso de cannabis, sin complicaciones|Z63.5: Ruptura familiar por separación y divorcio|||||||||||||||||||F20
I35.0: Estenosis (de la válvula) aórtica no reumática|Q23.1: Insuficiencia congénita de la válvula aórtica|I34.0: Insuficiencia (de la válvula) mitral no reumática|I71.2: Aneurisma aórtico torácico, sin rotura|Q21.1: Comunicación interauricular|I51.7: Cardiomegalia||F32.9: Trastorno depresivo mayor, episodio único, no especificado|M47.817: Espondilosis sin mielopatía ni radiculopatía, región lumbosacra|Z89.029: Ausencia adquirida de dedo (-s) de mano no especificada|I97.710: Parada cardiaca intraoperatoria durante cirugía cardiaca|I49.8: Otras arritmias cardiacas especificadas|I45.10: Bloqueo de rama derecha no especificado|||||||||F20
|Z86.718: Historia personal de otro tipo de trombosis y embolia venosas|Z79.01: Uso prolongado (actual) de anticoagulantes|Z04.6: Contacto para reconocimiento médico psiquiátrico general, solicitado por la autoridad|Z60.2: Problemas relacionados con vivir solo|Z87.891: Historia personal de dependencia a nicotina|Z65.3: Problemas relacionados con otras circunstancias legales|||||||||||||||F22
|F70: Discapacidad intelectual leve|F60.89: Otros tipos de trastornos específicos de personalidad|Z91.19: Incumplimiento del paciente con otro tratamiento y régimen médico||||||||||||||||||F23
|F60.0: Trastorno de personalidad paranoide|I10: Hipertensión esencial (primaria)|E11.311: Diabetes mellitus tipo 2 con retinopatía diabética no especificada con edema macular|E11.319: Diabetes mellitus tipo 2 con retinopatía diabética no especificada sin edema macular|H33.20: Desprendimiento de retina seroso, ojo no especificado|Z60.2: Problemas relacionados con vivir solo|||||||||||||||F22
E11.618: Diabetes mellitus tipo 2 con otra artropatía diabética|M86.9: Osteomielitis, no especificada|B95.61: Infección por Staphylococcus aureus sensible a meticilina como causa de enfermedades clasificadas bajo otro concepto|I10: Hipertensión esencial (primaria)||F10.10: Abuso de alcohol, sin complicaciones|F17.200: Dependencia de nicotina no especificada, sin complicaciones|||||||||||||||F22
|F10.10: Abuso de alcohol, sin complicaciones|L40.0: Psoriasis vulgar|R78.89: Hallazgo de otras sustancias especificadas, que no se encuentran normalmente en sangre|E78.2: Hiperlipidemia mixta|Z91.19: Incumplimiento del paciente con otro tratamiento y régimen médico||||||||||||||||F20
|E78.2: Hiperlipidemia mixta|R78.89: Hallazgo de otras sustancias especificadas, que no se encuentran normalmente en sangre|F12.10: Abuso de cannabis, sin complicaciones|F10.10: Abuso de alcohol, sin complicaciones|Z81.8: Historia familiar de otros trastornos mentales y del comportamiento||||||||||||||||F20
I42.5: Otras miocardiopatías restrictivas|I50.9: Insuficiencia cardiaca, no especificada|I48.91: Fibrilación auricular no especificada||F10.10: Abuso de alcohol, sin complicaciones|F17.200: Dependencia de nicotina no especificada, sin complicaciones|E78.0: Hipercolesterolemia pura|R78.89: Hallazgo de otras sustancias especificadas, que no se encuentran normalmente en sangre||||||||||||||F20
K25.0: Úlcera gástrica aguda con hemorragia|D50.0: Anemia ferropénica secundaria a pérdida de sangre (crónica)|M45.9: Espondilitis anquilosante de localizaciones no especificadas de la columna vertebral|F34.1: Trastorno distímico||Z87.891: Historia personal de dependencia a nicotina||||||||||||||||F20
|E03.9: Hipotiroidismo, no especificado|E78.2: Hiperlipidemia mixta|Z91.19: Incumplimiento del paciente con otro tratamiento y régimen médico|N39.0: Infección de tracto urinario, localización no especificada|E66.9: Obesidad, no especificada||||||||||||||||F20
|F60.9: Trastorno de personalidad, no especificado|I48.91: Fibrilación auricular no especificada|I42.5: Otras miocardiopatías restrictivas|Z79.01: Uso prolongado (actual) de anticoagulantes|Z63.5: Ruptura familiar por separación y divorcio|Z60.2: Problemas relacionados con vivir solo|||||||||||||||F22
|F21: Trastorno esquizotípico|E78.0: Hipercolesterolemia pura|E22.8: Otros tipos de hiperfunción de hipófisis||Z87.891: Historia personal de dependencia a nicotina|Z60.2: Problemas relacionados con vivir solo|||||||||||||||F29
F25.9: Trastorno esquizoafectivo, no especificado|Z56.0: Desempleo, no especificado||||||||||||||||||||F20
F25.9: Trastorno esquizoafectivo, no especificado|N39.0: Infección de tracto urinario, localización no especificada|Z91.19: Incumplimiento del paciente con otro tratamiento y régimen médico|Z56.0: Desempleo, no especificado|Z63.79: Otros acontecimientos de la vida que generan estrés en la familia y el hogar|||||||||||||||||F20
I71.4: Aneurisma aórtico abdominal, sin rotura|C67.9: Neoplasia maligna de vejiga, no especificada||||||||||||||||||||F20
F25.9: Trastorno esquizoafectivo, no especificado|G56.00: Síndrome del túnel carpiano, extremidad superior no especificada||||||||||||||||||||F20
N48.30: Priapismo, no especificado|||||||||||||||||||||F20
C16.3: Neoplasia maligna de antro pilórico|K92.0: Hematemesis|I10: Hipertensión esencial (primaria)||E11.9: Diabetes mellitus tipo 2 sin complicaciones|Z85.028: Historia personal de otra neoplasia maligna de estómago|Z90.3: Ausencia adquirida (de parte) del estómago|||||||||||||||F20
D50.9: Anemia ferropénica, no especificada||K80.20: Cálculo de vesícula biliar sin colecistitis sin obstrucción|E11.9: Diabetes mellitus tipo 2 sin complicaciones|F17.200: Dependencia de nicotina no especificada, sin complicaciones|||||||||||||||||F20
H25.9: Catarata senil, no especificada|E11.311: Diabetes mellitus tipo 2 con retinopatía diabética no especificada con edema macular|E11.319: Diabetes mellitus tipo 2 con retinopatía diabética no especificada sin edema macular|||||||||||||||||||F20
H25.9: Catarata senil, no especificada|H43.13: Hemorragia de vítreo, bilateral|E11.9: Diabetes mellitus tipo 2 sin complicaciones|Z96.1: Presencia de lente intraocular||||||||||||||||||F20
C18.7: Neoplasia maligna de colon sigmoide|C78.7: Neoplasia maligna secundaria de hígado y vías biliares intrahepáticas|C78.00: Neoplasia maligna secundaria de pulmón no especificado|F17.200: Dependencia de nicotina no especificada, sin complicaciones||D50.9: Anemia ferropénica, no especificada||||||||||||||||F20
|Z87.891: Historia personal de dependencia a nicotina|Z04.6: Contacto para reconocimiento médico psiquiátrico general, solicitado por la autoridad|Z60.2: Problemas relacionados con vivir solo||||||||||||||||||F22
F25.9: Trastorno esquizoafectivo, no especificado|F60.89: Otros tipos de trastornos específicos de personalidad|Z21: Estado de infección asintomática por virus de inmunodeficiencia humana [VIH]|Z81.8: Historia familiar de otros trastornos mentales y del comportamiento|Z91.19: Incumplimiento del paciente con otro tratamiento y régimen médico|||||||||||||||||F20
K80.20: Cálculo de vesícula biliar sin colecistitis sin obstrucción|B18.2: Hepatitis vírica crónica tipo C||F60.9: Trastorno de personalidad, no especificado|F17.200: Dependencia de nicotina no especificada, sin complicaciones|Z21: Estado de infección asintomática por virus de inmunodeficiencia humana [VIH]|Z72.51: Conducta heterosexual de alto riesgo|||||||||||||||F20
|Z81.8: Historia familiar de otros trastornos mentales y del comportamiento|Z60.2: Problemas relacionados con vivir solo|Z91.19: Incumplimiento del paciente con otro tratamiento y régimen médico||||||||||||||||||F22
|L21.9: Dermatitis seborreica, no especificada|E78.4: Otros tipos de hiperlipidemia|Z59.3: Problemas relacionados con la vida en una institución residencial||||||||||||||||||F20
C18.7: Neoplasia maligna de colon sigmoide|K63.1: Perforación de intestino (no traumática)|K65.0: Peritonitis (aguda) generalizada|C78.7: Neoplasia maligna secundaria de hígado y vías biliares intrahepáticas|C78.00: Neoplasia maligna secundaria de pulmón no especificado|C77.2: Neoplasia maligna secundaria y no especificada de ganglios linfáticos intraabdominales|E11.9: Diabetes mellitus tipo 2 sin complicaciones||N40.0: Hiperplasia prostática benigna sin síntomas de tracto urinario inferior|||||||||||||F20
D17.79: Neoplasia lipomatosa benigna de otros sitios|E78.0: Hipercolesterolemia pura||||||||||||||||||||F20
|F12.10: Abuso de cannabis, sin complicaciones|Z59.3: Problemas relacionados con la vida en una institución residencial|||||||||||||||||||F20
I71.01: Disección de aorta torácica|I74.11: Embolia y trombosis de aorta torácica|I10: Hipertensión esencial (primaria)|E66.01: Obesidad mórbida (severa) por exceso de calorías|E67.8: Otros tipos de hiperalimentación especificados||Z87.891: Historia personal de dependencia a nicotina|||||||||||||||F20
G93.41: Encefalopatía metabólica|E67.8: Otros tipos de hiperalimentación especificados|E66.01: Obesidad mórbida (severa) por exceso de calorías|J98.8: Otros trastornos respiratorios especificados|I10: Hipertensión esencial (primaria)|I71.01: Disección de aorta torácica|I74.11: Embolia y trombosis de aorta torácica||Z87.891: Historia personal de dependencia a nicotina|||||||||||||F20
|K52.89: Otras gastroenteritis y colitis no infecciosas especificadas|N39.0: Infección de tracto urinario, localización no especificada|B96.4: Proteus (mirabilis) (morganii) como causa de enfermedades clasificadas bajo otro concepto|B96.5: Pseudomonas (aeruginosa) (mallei) (pseudomallei) como causa de enfermedades clasificadas bajo otro concepto|I48.91: Fibrilación auricular no especificada|J43.9: Enfisema, no especificado|F17.200: Dependencia de nicotina no especificada, sin complicaciones|I95.1: Hipotensión ortostática|R78.81: Bacteriemia|B95.7: Otros estafilococos como causa de enfermedades clasificadas bajo otro concepto|Z81.8: Historia familiar de otros trastornos mentales y del comportamiento||||||||||F20
C34.90: Neoplasia maligna de parte no especificada, bronquio o pulmón no especificados|C79.31: Neoplasia maligna secundaria de cerebro|R55: Síncope y colapso|N18.9: Enfermedad renal crónica, no especificada|D52.0: Anemia por carencia dietética de ácido fólico||F10.10: Abuso de alcohol, sin complicaciones|K44.9: Hernia diafragmática sin obstrucción ni gangrena|N31.9: Disfunción neuromuscular de vejiga, no especificada|Z87.891: Historia personal de dependencia a nicotina||||||||||||F20
C79.31: Neoplasia maligna secundaria de cerebro|R40.20: Coma no especificado|C34.10: Neoplasia maligna de lóbulo superior, bronquio y pulmón no especificados|J98.8: Otros trastornos respiratorios especificados|N17.9: Fallo renal agudo, no especificado|N18.9: Enfermedad renal crónica, no especificada||Z87.891: Historia personal de dependencia a nicotina|F10.10: Abuso de alcohol, sin complicaciones|||||||||||||F20
F25.9: Trastorno esquizoafectivo, no especificado|M25.519: Dolor en hombro no especificado|V61.0: Conductor de vehículo de transporte pesado lesionado en colisión con vehículo a pedales en un accidente no de tráfico|Z59.3: Problemas relacionados con la vida en una institución residencial||||||||||||||||||F20
|Z59.3: Problemas relacionados con la vida en una institución residencial||||||||||||||||||||F20
|F17.200: Dependencia de nicotina no especificada, sin complicaciones|R32: Incontinencia urinaria no especificada|Z63.72: Alcoholismo y drogadicción en la familia|Z81.8: Historia familiar de otros trastornos mentales y del comportamiento|||||||||||||||||F20
J18.9: Neumonía, microorganismo no especificado|J96.00: Insuficiencia respiratoria aguda no especificada si con hipoxia o con hipercapnia|J42: Bronquitis crónica no especificada||H40.9: Glaucoma no especificado|F17.200: Dependencia de nicotina no especificada, sin complicaciones|Z59.3: Problemas relacionados con la vida en una institución residencial|||||||||||||||F20
Z48.817: Contacto para cuidados posquirúrgicos de cirugía en piel y tejido subcutáneo||G40.901: Epilepsia, no especificada, no intratable, con estado de mal epiléptico|K44.9: Hernia diafragmática sin obstrucción ni gangrena|E41: Marasmo nutricional|||||||||||||||||F20
N39.0: Infección de tracto urinario, localización no especificada|B96.89: Otros agentes bacterianos como causa de enfermedades clasificadas bajo otro concepto|G40.901: Epilepsia, no especificada, no intratable, con estado de mal epiléptico||E78.4: Otros tipos de hiperlipidemia|I67.81: Insuficiencia cerebrovascular aguda|K22.70: Esófago de Barrett sin displasia|E83.110: Hemocromatosis hereditaria|Z86.61: Historia personal de infecciones del sistema nervioso central|Z16.11: Resistencia a penicilinas||||||||||||F20
D11.9: Neoplasia benigna de glándula salival mayor, no especificada|E11.9: Diabetes mellitus tipo 2 sin complicaciones||||||||||||||||||||F20
S72.143A: Fractura intertrocantérea desplazada de fémur no especificado, contacto inicial por fractura cerrada||G40.901: Epilepsia, no especificada, no intratable, con estado de mal epiléptico|||||||||||||||||||F20
F25.9: Trastorno esquizoafectivo, no especificado|Z59.3: Problemas relacionados con la vida en una institución residencial||||||||||||||||||||F20
F25.9: Trastorno esquizoafectivo, no especificado|K44.9: Hernia diafragmática sin obstrucción ni gangrena|F17.200: Dependencia de nicotina no especificada, sin complicaciones|Z86.73: Historia personal de ataque isquémico transitorio (AIT) e infarto cerebral sin déficits residuales|Z59.3: Problemas relacionados con la vida en una institución residencial|||||||||||||||||F20
F25.9: Trastorno esquizoafectivo, no especificado|G31.84: Deterioro cognitivo leve de etiología incierta o desconocida|F05: Delirio debido a afección fisiológica conocida|Z86.73: Historia personal de ataque isquémico transitorio (AIT) e infarto cerebral sin déficits residuales|H91.90: Pérdida de audición no especificada, oído no especificado|E78.4: Otros tipos de hiperlipidemia|Z59.3: Problemas relacionados con la vida en una institución residencial|||||||||||||||F20
C34.10: Neoplasia maligna de lóbulo superior, bronquio y pulmón no especificados|C77.2: Neoplasia maligna secundaria y no especificada de ganglios linfáticos intraabdominales|D63.0: Anemia en enfermedad neoplásica|E11.9: Diabetes mellitus tipo 2 sin complicaciones|D35.00: Neoplasia benigna de glándula suprarrenal no especificada||K21.9: Enfermedad por reflujo gastroesofágico sin esofagitis|K22.70: Esófago de Barrett sin displasia|K80.20: Cálculo de vesícula biliar sin colecistitis sin obstrucción|N28.1: Quiste de riñón, adquirido|N20.0: Cálculo del riñón|K44.9: Hernia diafragmática sin obstrucción ni gangrena|Q43.4: Duplicación del intestino|||||||||F20
|E11.9: Diabetes mellitus tipo 2 sin complicaciones|E78.4: Otros tipos de hiperlipidemia|Z59.3: Problemas relacionados con la vida en una institución residencial||||||||||||||||||F20
E87.1: Hiposmolaridad e hiponatremia|G40.309: Epilepsia y síndromes epilépticos generalizados idiopáticos, no intratables, sin estado de mal epiléptico|E22.2: Síndrome de secreción inadecuada de hormona antidiurética||E11.9: Diabetes mellitus tipo 2 sin complicaciones|||||||||||||||||F20
|E11.9: Diabetes mellitus tipo 2 sin complicaciones|E78.4: Otros tipos de hiperlipidemia|R50.2: Fiebre provocada por fármaco|Z59.3: Problemas relacionados con la vida en una institución residencial|||||||||||||||||F20
J20.9: Bronquitis aguda, no especificada|J96.00: Insuficiencia respiratoria aguda no especificada si con hipoxia o con hipercapnia|I10: Hipertensión esencial (primaria)||Z59.3: Problemas relacionados con la vida en una institución residencial|||||||||||||||||F20
J18.9: Neumonía, microorganismo no especificado|J96.00: Insuficiencia respiratoria aguda no especificada si con hipoxia o con hipercapnia|R55: Síncope y colapso|S06.360A: Hemorragia traumática de cerebro, no especificada, sin pérdida de conciencia, contacto inicial||D50.9: Anemia ferropénica, no especificada|N32.3: Divertículo de vejiga|K22.70: Esófago de Barrett sin displasia|N43.3: Hidrocele, no especificado|N40.0: Hiperplasia prostática benigna sin síntomas de tracto urinario inferior|G31.84: Deterioro cognitivo leve de etiología incierta o desconocida|B94.8: Secuelas de otras enfermedades infecciosas y parasitarias especificadas||||||||||F20
R55: Síncope y colapso|S06.0X0A: Conmoción sin pérdida de conciencia, contacto inicial||A52.3: Neurosífilis no especificada|F02.80: Demencia en otras enfermedades clasificadas bajo otro concepto, gravedad no especificada, sin alteración del comportamiento, alteración psicótica, alteración del estado de ánimo ni ansiedad|G31.84: Deterioro cognitivo leve de etiología incierta o desconocida|M47.812: Espondilosis sin mielopatía ni radiculopatía, región cervical||N40.0: Hiperplasia prostática benigna sin síntomas de tracto urinario inferior|N32.3: Divertículo de vejiga|K22.70: Esófago de Barrett sin displasia|D50.9: Anemia ferropénica, no especificada|F10.10: Abuso de alcohol, sin complicaciones|||||||||F20
J18.9: Neumonía, microorganismo no especificado|J96.00: Insuficiencia respiratoria aguda no especificada si con hipoxia o con hipercapnia|N17.9: Fallo renal agudo, no especificado|D50.9: Anemia ferropénica, no especificada||A52.3: Neurosífilis no especificada|Z59.3: Problemas relacionados con la vida en una institución residencial|F10.10: Abuso de alcohol, sin complicaciones|Z87.891: Historia personal de dependencia a nicotina|||||||||||||F20
T17.300A: Cuerpo extraño no especificado en laringe que produce asfixia, contacto inicial||G31.84: Deterioro cognitivo leve de etiología incierta o desconocida|Z59.3: Problemas relacionados con la vida en una institución residencial||||||||||||||||||F20
|I67.2: Aterosclerosis cerebral|Z81.8: Historia familiar de otros trastornos mentales y del comportamiento|Z59.3: Problemas relacionados con la vida en una institución residencial|Z91.19: Incumplimiento del paciente con otro tratamiento y régimen médico|||||||||||||||||F20
A41.9: Sepsis, microorganismo no especificado|R65.20: Sepsis grave sin shock séptico|N17.9: Fallo renal agudo, no especificado|J96.00: Insuficiencia respiratoria aguda no especificada si con hipoxia o con hipercapnia|C18.5: Neoplasia maligna de ángulo esplénico|N40.0: Hiperplasia prostática benigna sin síntomas de tracto urinario inferior|I10: Hipertensión esencial (primaria)||K44.9: Hernia diafragmática sin obstrucción ni gangrena|N28.1: Quiste de riñón, adquirido||||||||||||F20
I10: Hipertensión esencial (primaria)||I69.959: Hemiplejia y hemiparesia tras enfermedad cerebrovascular no especificada con afectación de lado no especificado|||||||||||||||||||F20
|F60.1: Trastorno esquizoide de personalidad|Z81.8: Historia familiar de otros trastornos mentales y del comportamiento|Z04.6: Contacto para reconocimiento médico psiquiátrico general, solicitado por la autoridad|Z91.19: Incumplimiento del paciente con otro tratamiento y régimen médico|Z88.8: Estado de alergia a otros fármacos, medicamentos y sustancias biológicas||||||||||||||||F20
J18.9: Neumonía, microorganismo no especificado||E66.9: Obesidad, no especificada|F14.10: Abuso de cocaína, sin complicaciones|F17.200: Dependencia de nicotina no especificada, sin complicaciones|||||||||||||||||F20
J18.9: Neumonía, microorganismo no especificado|J96.00: Insuficiencia respiratoria aguda no especificada si con hipoxia o con hipercapnia||F10.20: Dependencia de alcohol, sin complicaciones|F17.200: Dependencia de nicotina no especificada, sin complicaciones|F12.10: Abuso de cannabis, sin complicaciones|F14.10: Abuso de cocaína, sin complicaciones|E66.9: Obesidad, no especificada|Z87.01: Historia personal de neumonía (recurrente)|||||||||||||F20
|Z63.5: Ruptura familiar por separación y divorcio|Z56.0: Desempleo, no especificado|Z81.8: Historia familiar de otros trastornos mentales y del comportamiento|Z91.19: Incumplimiento del paciente con otro tratamiento y régimen médico|||||||||||||||||F20
K50.10: Enfermedad de Crohn de intestino grueso sin complicaciones||F17.200: Dependencia de nicotina no especificada, sin complicaciones|||||||||||||||||||F20
|F21: Trastorno esquizotípico|K50.90: Enfermedad de Crohn, no especificada, sin complicaciones|||||||||||||||||||F20
|F12.10: Abuso de cannabis, sin complicaciones|N83.20: Quistes ováricos no especificados|G24.01: Discinesia subaguda inducida por fármacos|Z91.19: Incumplimiento del paciente con otro tratamiento y régimen médico|Z81.8: Historia familiar de otros trastornos mentales y del comportamiento|Z04.6: Contacto para reconocimiento médico psiquiátrico general, solicitado por la autoridad|||||||||||||||F20
F32.1: Trastorno depresivo mayor, episodio único, moderado||K44.9: Hernia diafragmática sin obstrucción ni gangrena|K21.9: Enfermedad por reflujo gastroesofágico sin esofagitis|Z90.79: Ausencia adquirida de otro (-s) órgano (-s) genital (-es)|||||||||||||||||F20
|N39.0: Infección de tracto urinario, localización no especificada|Z88.8: Estado de alergia a otros fármacos, medicamentos y sustancias biológicas|||||||||||||||||||F23
|Z81.8: Historia familiar de otros trastornos mentales y del comportamiento|Z91.19: Incumplimiento del paciente con otro tratamiento y régimen médico|||||||||||||||||||F20
|J96.00: Insuficiencia respiratoria aguda no especificada si con hipoxia o con hipercapnia|R40.20: Coma no especificado|J69.0: Neumonitis debida a inhalación de alimentos y vómito|R57.1: Shock hipovolémico|E66.9: Obesidad, no especificada||||||||||||||||F20
F05: Delirio debido a afección fisiológica conocida||E11.9: Diabetes mellitus tipo 2 sin complicaciones|I25.5: Miocardiopatía isquémica|N18.6: Enfermedad renal en estadio terminal|F17.200: Dependencia de nicotina no especificada, sin complicaciones|F10.10: Abuso de alcohol, sin complicaciones|Z99.2: Dependencia de diálisis renal|Z90.89: Ausencia adquirida de otros órganos|Z79.4: Uso prolongado (actual) de insulina|Z88.0: Estado de alergia a penicilina|Z60.2: Problemas relacionados con vivir solo||||||||||F23
E11.618: Diabetes mellitus tipo 2 con otra artropatía diabética||N18.6: Enfermedad renal en estadio terminal|I25.5: Miocardiopatía isquémica|F17.200: Dependencia de nicotina no especificada, sin complicaciones|F10.10: Abuso de alcohol, sin complicaciones|Z79.4: Uso prolongado (actual) de insulina|Z88.0: Estado de alergia a penicilina|Z60.2: Problemas relacionados con vivir solo|||||||||||||F23
J18.9: Neumonía, microorganismo no especificado|J96.10: Insuficiencia respiratoria crónica no especificada si con hipoxia o con hipercapnia|I27.2: Otra hipertensión pulmonar secundaria|J44.9: Enfermedad pulmonar obstructiva crónica, no especificada|F17.200: Dependencia de nicotina no especificada, sin complicaciones|E66.01: Obesidad mórbida (severa) por exceso de calorías||E78.4: Otros tipos de hiperlipidemia|E67.8: Otros tipos de hiperalimentación especificados|G47.30: Apnea del sueño, no especificada|Z59.3: Problemas relacionados con la vida en una institución residencial|||||||||||F20
J96.20: Insuficiencia respiratoria aguda y crónica no especificada si con hipoxia o con hipercapnia|E66.01: Obesidad mórbida (severa) por exceso de calorías||F17.200: Dependencia de nicotina no especificada, sin complicaciones||||||||||||||||||F20
J96.20: Insuficiencia respiratoria aguda y crónica no especificada si con hipoxia o con hipercapnia|E67.8: Otros tipos de hiperalimentación especificados||F17.200: Dependencia de nicotina no especificada, sin complicaciones||||||||||||||||||F20
A04.5: Enteritis debida a Campylobacter|N17.9: Fallo renal agudo, no especificado||E78.4: Otros tipos de hiperlipidemia|K76.0: Hígado graso (degeneración grasa) de hígado, no clasificado bajo otro concepto|F17.200: Dependencia de nicotina no especificada, sin complicaciones||||||||||||||||F20
E11.8: Diabetes mellitus tipo 2 con complicaciones no especificadas|A41.9: Sepsis, microorganismo no especificado|R65.20: Sepsis grave sin shock séptico|N17.9: Fallo renal agudo, no especificado|J98.8: Otros trastornos respiratorios especificados|I25.5: Miocardiopatía isquémica|I48.91: Fibrilación auricular no especificada|I10: Hipertensión esencial (primaria)||F02.80: Demencia en otras enfermedades clasificadas bajo otro concepto, gravedad no especificada, sin alteración del comportamiento, alteración psicótica, alteración del estado de ánimo ni ansiedad|C61: Neoplasia maligna de próstata|||||||||||F20
I70.229: Aterosclerosis de arterias nativas de extremidades con dolor en reposo, extremidad no especificada|I48.91: Fibrilación auricular no especificada||F05: Delirio debido a afección fisiológica conocida|Z86.79: Historia personal de otras enfermedades del aparato circulatorio|Z86.19: Historia personal de otras enfermedades infecciosas y parasitarias||||||||||||||||F22
|L25.9: Dermatitis de contacto no especificada, causa no especificada|L98.8: Otros trastornos especificados de la piel y del tejido subcutáneo|F10.10: Abuso de alcohol, sin complicaciones|F12.10: Abuso de cannabis, sin complicaciones|Z81.8: Historia familiar de otros trastornos mentales y del comportamiento|Z56.0: Desempleo, no especificado|||||||||||||||F22
|R45.851: Ideaciones suicidas|Z63.5: Ruptura familiar por separación y divorcio|Z91.19: Incumplimiento del paciente con otro tratamiento y régimen médico||||||||||||||||||F20
M20.10: Hallux valgus (adquirido), pie no especificado||F70: Discapacidad intelectual leve|||||||||||||||||||F20
C34.80: Neoplasia maligna de localizaciones contiguas de bronquio y pulmón no especificados|J18.9: Neumonía, microorganismo no especificado|J96.00: Insuficiencia respiratoria aguda no especificada si con hipoxia o con hipercapnia||I44.4: Bloqueo fascicular anterior izquierdo|||||||||||||||||F20
T42.4X1A: Envenenamiento por benzodiacepinas, accidental (no intencionado), contacto inicial|T43.601A: Envenenamiento por psicoestimulantes no especificados, accidental (no intencionado), contacto inicial|T43.201A: Envenenamiento por antidepresivos no especificados, accidental (no intencionado), contacto inicial|J96.00: Insuficiencia respiratoria aguda no especificada si con hipoxia o con hipercapnia||I10: Hipertensión esencial (primaria)|E66.9: Obesidad, no especificada|||||||||||||||F20
D50.0: Anemia ferropénica secundaria a pérdida de sangre (crónica)|E11.9: Diabetes mellitus tipo 2 sin complicaciones||E03.9: Hipotiroidismo, no especificado|K80.20: Cálculo de vesícula biliar sin colecistitis sin obstrucción|E66.9: Obesidad, no especificada|E78.0: Hipercolesterolemia pura|F32.9: Trastorno depresivo mayor, episodio único, no especificado||||||||||||||F20
K80.18: Cálculo de vesícula biliar con otro tipo de colecistitis sin obstrucción|D13.4: Neoplasia benigna de hígado|E11.9: Diabetes mellitus tipo 2 sin complicaciones|E03.9: Hipotiroidismo, no especificado||Z86.73: Historia personal de ataque isquémico transitorio (AIT) e infarto cerebral sin déficits residuales|Z88.8: Estado de alergia a otros fármacos, medicamentos y sustancias biológicas|||||||||||||||F20
|Z91.19: Incumplimiento del paciente con otro tratamiento y régimen médico|Z89.209: Ausencia adquirida de extremidad superior no especificada, nivel no especificado|||||||||||||||||||F20
F25.9: Trastorno esquizoafectivo, no especificado|G20: Enfermedad de Parkinson|E11.9: Diabetes mellitus tipo 2 sin complicaciones|I10: Hipertensión esencial (primaria)|H40.9: Glaucoma no especificado|E66.9: Obesidad, no especificada|I25.10: Enfermedad cardiaca aterosclerótica de arteria coronaria nativa sin angina de pecho|H91.90: Pérdida de audición no especificada, oído no especificado|Z04.6: Contacto para reconocimiento médico psiquiátrico general, solicitado por la autoridad|Z59.3: Problemas relacionados con la vida en una institución residencial||||||||||||F20
|I10: Hipertensión esencial (primaria)|E78.0: Hipercolesterolemia pura|D35.2: Neoplasia benigna de hipófisis|D64.9: Anemia, no especificada|Z91.19: Incumplimiento del paciente con otro tratamiento y régimen médico||||||||||||||||F22
E11.00: Diabetes mellitus tipo 2 con hiperosmolaridad sin coma hiperglucémico hiperosmolar no cetósico (CHHNC)|I11.9: Enfermedad cardiaca hipertensiva sin insuficiencia cardiaca|I48.91: Fibrilación auricular no especificada|J43.9: Enfisema, no especificado||K26.9: Úlcera duodenal, no especificada como aguda ni como crónica, sin hemorragia ni perforación|G20: Enfermedad de Parkinson|H54.10: Ceguera, un ojo, baja visión en el otro ojo, ojo no especificado|Z79.01: Uso prolongado (actual) de anticoagulantes|Z88.0: Estado de alergia a penicilina|Z88.1: Estado de alergia a otros antibióticos|Z87.891: Historia personal de dependencia a nicotina||||||||||F22
I11.0: Enfermedad cardíaca hipertensiva con insuficiencia cardiaca|I50.9: Insuficiencia cardiaca, no especificada|I50.20: Insuficiencia cardiaca sistólica (congestiva), no especificada|I48.91: Fibrilación auricular no especificada|R33.9: Retención urinaria, no especificada|J43.9: Enfisema, no especificado|G20: Enfermedad de Parkinson|E11.9: Diabetes mellitus tipo 2 sin complicaciones|K26.9: Úlcera duodenal, no especificada como aguda ni como crónica, sin hemorragia ni perforación||H54.0: Ceguera, ambos ojos|Z88.0: Estado de alergia a penicilina|Z87.891: Historia personal de dependencia a nicotina|||||||||F22
I11.0: Enfermedad cardíaca hipertensiva con insuficiencia cardiaca|I50.9: Insuficiencia cardiaca, no especificada|I48.91: Fibrilación auricular no especificada|J96.10: Insuficiencia respiratoria crónica no especificada si con hipoxia o con hipercapnia|J43.9: Enfisema, no especificado|E11.9: Diabetes mellitus tipo 2 sin complicaciones|G20: Enfermedad de Parkinson||H54.0: Ceguera, ambos ojos|Z79.01: Uso prolongado (actual) de anticoagulantes||||||||||||F22
|Z65.8: Otros problemas especificados relacionados con circunstancias psicosociales|Z81.8: Historia familiar de otros trastornos mentales y del comportamiento|||||||||||||||||||F20
|Z81.8: Historia familiar de otros trastornos mentales y del comportamiento|Z65.8: Otros problemas especificados relacionados con circunstancias psicosociales|||||||||||||||||||F20
|Z81.8: Historia familiar de otros trastornos mentales y del comportamiento|Z91.19: Incumplimiento del paciente con otro tratamiento y régimen médico|Z65.8: Otros problemas especificados relacionados con circunstancias psicosociales||||||||||||||||||F20
M16.9: Artrosis de cadera no especificada|J44.9: Enfermedad pulmonar obstructiva crónica, no especificada|K21.9: Enfermedad por reflujo gastroesofágico sin esofagitis|||||||||||||||||||F20
|G31.84: Deterioro cognitivo leve de etiología incierta o desconocida|Z60.2: Problemas relacionados con vivir solo|Z91.19: Incumplimiento del paciente con otro tratamiento y régimen médico||||||||||||||||||F20
I13.0: Enfermedad cardiaca y renal crónica hipertensiva con insuficiencia cardiaca y enfermedad renal crónica estadios 1 a 4 o enfermedad renal crónica no especificada|I50.9: Insuficiencia cardiaca, no especificada|D64.9: Anemia, no especificada|R09.2: Paro respiratorio|I50.1: Insuficiencia ventricular izquierda, no especificada|D13.1: Neoplasia benigna de estómago|E66.9: Obesidad, no especificada|E11.9: Diabetes mellitus tipo 2 sin complicaciones|Z59.3: Problemas relacionados con la vida en una institución residencial|||||||||||||F20
|Z63.5: Ruptura familiar por separación y divorcio|Z04.6: Contacto para reconocimiento médico psiquiátrico general, solicitado por la autoridad|Z60.2: Problemas relacionados con vivir solo|Z62.891: Rivalidad entre hermanos|||||||||||||||||F20
H25.9: Catarata senil, no especificada||Z59.3: Problemas relacionados con la vida en una institución residencial|||||||||||||||||||F20
|F10.10: Abuso de alcohol, sin complicaciones|F12.20: Dependencia de cannabis, sin complicaciones|Z91.19: Incumplimiento del paciente con otro tratamiento y régimen médico|Z81.8: Historia familiar de otros trastornos mentales y del comportamiento|Z63.72: Alcoholismo y drogadicción en la familia||||||||||||||||F20
|Z60.2: Problemas relacionados con vivir solo|Z81.8: Historia familiar de otros trastornos mentales y del comportamiento|Z91.19: Incumplimiento del paciente con otro tratamiento y régimen médico||||||||||||||||||F20
K56.3: Íleo por cálculo biliar|I10: Hipertensión esencial (primaria)|E11.9: Diabetes mellitus tipo 2 sin complicaciones||Z59.3: Problemas relacionados con la vida en una institución residencial|||||||||||||||||F20
|E78.2: Hiperlipidemia mixta||||||||||||||||||||F20
|E11.9: Diabetes mellitus tipo 2 sin complicaciones|E66.9: Obesidad, no especificada|E78.2: Hiperlipidemia mixta|Z91.19: Incumplimiento del paciente con otro tratamiento y régimen médico|||||||||||||||||F20
K51.00: Pancolitis ulcerosa (crónica) sin complicaciones||Z79.82: Uso prolongado (actual) de aspirina|E40: Kwashiorkor||||||||||||||||||F22
|Z81.8: Historia familiar de otros trastornos mentales y del comportamiento|Z60.2: Problemas relacionados con vivir solo|Z91.19: Incumplimiento del paciente con otro tratamiento y régimen médico||||||||||||||||||F20
H44.23: Miopía degenerativa, bilateral|I69.998: Otras secuelas tras enfermedad cerebrovascular no especificada|H54.10: Ceguera, un ojo, baja visión en el otro ojo, ojo no especificado||Z04.6: Contacto para reconocimiento médico psiquiátrico general, solicitado por la autoridad|Z63.5: Ruptura familiar por separación y divorcio|Z91.19: Incumplimiento del paciente con otro tratamiento y régimen médico|Z90.79: Ausencia adquirida de otro (-s) órgano (-s) genital (-es)|Z90.710: Ausencia adquirida de ambos, de cuello uterino y de útero|||||||||||||F22
|F70: Discapacidad intelectual leve|F50.8: Otros trastornos de la conducta alimentaria|||||||||||||||||||F20
|K04.7: Absceso periapical sin sinus|J32.0: Sinusitis crónica maxilar|J45.909: Asma no especificada, sin complicaciones|G40.901: Epilepsia, no especificada, no intratable, con estado de mal epiléptico|Z91.19: Incumplimiento del paciente con otro tratamiento y régimen médico|Z88.6: Estado de alergia a analgésico|||||||||||||||F20
|F70: Discapacidad intelectual leve|J45.909: Asma no especificada, sin complicaciones|G40.901: Epilepsia, no especificada, no intratable, con estado de mal epiléptico|Z91.19: Incumplimiento del paciente con otro tratamiento y régimen médico|Z81.8: Historia familiar de otros trastornos mentales y del comportamiento|Z88.6: Estado de alergia a analgésico|Z88.5: Estado de alergia a narcótico||||||||||||||F20
|F70: Discapacidad intelectual leve|J45.909: Asma no especificada, sin complicaciones|G40.901: Epilepsia, no especificada, no intratable, con estado de mal epiléptico|Z91.19: Incumplimiento del paciente con otro tratamiento y régimen médico|Z04.6: Contacto para reconocimiento médico psiquiátrico general, solicitado por la autoridad|Z81.8: Historia familiar de otros trastornos mentales y del comportamiento|Z88.6: Estado de alergia a analgésico|Z88.5: Estado de alergia a narcótico|||||||||||||F20
|F70: Discapacidad intelectual leve|F10.10: Abuso de alcohol, sin complicaciones|F15.10: Abuso de otro estimulante, sin complicaciones|J45.909: Asma no especificada, sin complicaciones|G40.901: Epilepsia, no especificada, no intratable, con estado de mal epiléptico|Z91.19: Incumplimiento del paciente con otro tratamiento y régimen médico|Z81.8: Historia familiar de otros trastornos mentales y del comportamiento|Z88.6: Estado de alergia a analgésico|Z88.5: Estado de alergia a narcótico||||||||||||F20
|F70: Discapacidad intelectual leve|J45.909: Asma no especificada, sin complicaciones|G40.901: Epilepsia, no especificada, no intratable, con estado de mal epiléptico|Z91.19: Incumplimiento del paciente con otro tratamiento y régimen médico|Z81.8: Historia familiar de otros trastornos mentales y del comportamiento|Z77.9: Otro contacto y (sospecha de) exposición peligrosa para la salud|||||||||||||||F20
F70: Discapacidad intelectual leve|||||||||||||||||||||F20
F25.9: Trastorno esquizoafectivo, no especificado|S92.309A: Fractura de metatarsiano(s) no especificado de pie no especificado, contacto inicial por fractura cerrada|Z63.5: Ruptura familiar por separación y divorcio|Z60.2: Problemas relacionados con vivir solo|Z91.041: Estado de alergia a contrastes radiográficos|||||||||||||||||F20
D17.1: Neoplasia lipomatosa benigna de piel y tejido subcutáneo de tronco|K44.9: Hernia diafragmática sin obstrucción ni gangrena|J45.909: Asma no especificada, sin complicaciones|||||||||||||||||||F20
J43.9: Enfisema, no especificado|K44.9: Hernia diafragmática sin obstrucción ni gangrena||||||||||||||||||||F20
J43.9: Enfisema, no especificado|J98.8: Otros trastornos respiratorios especificados|J96.00: Insuficiencia respiratoria aguda no especificada si con hipoxia o con hipercapnia||K44.9: Hernia diafragmática sin obstrucción ni gangrena|K21.9: Enfermedad por reflujo gastroesofágico sin esofagitis|Z87.891: Historia personal de dependencia a nicotina|||||||||||||||F20
S06.0X9A: Conmoción, con pérdida de conciencia de duración no especificada, contacto inicial|S00.10XA: Contusión de párpado y área periocular no especificada, contacto inicial|S42.293A: Otro tipo de fractura desplazada de extremo superior de húmero no especificado, contacto inicial por fractura cerrada|S70.10XA: Contusión de muslo no especificado, contacto inicial||F05: Delirio debido a afección fisiológica conocida|J18.9: Neumonía, microorganismo no especificado||N39.0: Infección de tracto urinario, localización no especificada|L68.0: Hirsutismo|K80.20: Cálculo de vesícula biliar sin colecistitis sin obstrucción|Z85.3: Historia personal de neoplasia maligna de mama|Z90.10: Ausencia adquirida de mama y pezón no especificados|||||||||F20
F21: Trastorno esquizotípico|F50.00: Anorexia nerviosa, no especificada|Z81.8: Historia familiar de otros trastornos mentales y del comportamiento|||||||||||||||||||F60.1
I25.10: Enfermedad cardiaca aterosclerótica de arteria coronaria nativa sin angina de pecho|I20.0: Angina inestable|E78.0: Hipercolesterolemia pura|I10: Hipertensión esencial (primaria)|Z87.891: Historia personal de dependencia a nicotina|Z79.82: Uso prolongado (actual) de aspirina|Z82.0: Historia familiar de epilepsia y otras enfermedades del sistema nervioso|I65.29: Oclusión y estenosis de arteria carótida, no especificada||I97.710: Parada cardiaca intraoperatoria durante cirugía cardiaca|I48.91: Fibrilación auricular no especificada|I49.5: Síndrome del seno enfermo|N99.89: Otras complicaciones y trastornos posprocedimiento del aparato genitourinario|||||||||F22
F25.9: Trastorno esquizoafectivo, no especificado|M10.00: Gota idiopática, localización no especificada|L73.2: Hidradenitis supurativa|F10.10: Abuso de alcohol, sin complicaciones|F12.10: Abuso de cannabis, sin complicaciones|Z81.8: Historia familiar de otros trastornos mentales y del comportamiento||||||||||||||||F20
|S72.099A: Otra fractura de cabeza y cuello de fémur no especificado, contacto inicial por fractura cerrada|||Z04.6: Contacto para reconocimiento médico psiquiátrico general, solicitado por la autoridad|Z60.2: Problemas relacionados con vivir solo||||||||||||||||F22
F25.9: Trastorno esquizoafectivo, no especificado|F10.10: Abuso de alcohol, sin complicaciones|Z81.8: Historia familiar de otros trastornos mentales y del comportamiento|||||||||||||||||||F20
R06.00: Disnea no especificada|E67.8: Otros tipos de hiperalimentación especificados||E11.9: Diabetes mellitus tipo 2 sin complicaciones|E78.0: Hipercolesterolemia pura|R78.89: Hallazgo de otras sustancias especificadas, que no se encuentran normalmente en sangre|E05.90: Tirotoxicosis, no especificada sin crisis tirotóxica ni tormenta tiroidea|||||||||||||||F20
F25.9: Trastorno esquizoafectivo, no especificado|F60.9: Trastorno de personalidad, no especificado|E88.81: Síndrome metabólico|F10.10: Abuso de alcohol, sin complicaciones|Z91.19: Incumplimiento del paciente con otro tratamiento y régimen médico|||||||||||||||||F20
F25.9: Trastorno esquizoafectivo, no especificado|F10.10: Abuso de alcohol, sin complicaciones|F60.9: Trastorno de personalidad, no especificado|E88.81: Síndrome metabólico||||||||||||||||||F20
F25.9: Trastorno esquizoafectivo, no especificado|F60.9: Trastorno de personalidad, no especificado|E88.81: Síndrome metabólico|R78.89: Hallazgo de otras sustancias especificadas, que no se encuentran normalmente en sangre|E03.9: Hipotiroidismo, no especificado|||||||||||||||||F20
C34.30: Neoplasia maligna de lóbulo inferior, bronquio o pulmón no especificados|J43.9: Enfisema, no especificado||F17.200: Dependencia de nicotina no especificada, sin complicaciones|F10.10: Abuso de alcohol, sin complicaciones|H91.90: Pérdida de audición no especificada, oído no especificado||||||||||||||||F20
D63.0: Anemia en enfermedad neoplásica|C56.9: Neoplasia maligna de ovario no especificado|Z90.79: Ausencia adquirida de otro (-s) órgano (-s) genital (-es)||F17.200: Dependencia de nicotina no especificada, sin complicaciones|F34.1: Trastorno distímico||||||||||||||||F20
C78.6: Neoplasia maligna secundaria de retroperitoneo y peritoneo|K66.1: Hemoperitoneo|D62: Anemia poshemorrágica aguda|R57.1: Shock hipovolémico|D69.51: Púrpura postransfusional|C56.9: Neoplasia maligna de ovario no especificado|Z90.79: Ausencia adquirida de otro (-s) órgano (-s) genital (-es)|||||||||||||||F20
|E66.01: Obesidad mórbida (severa) por exceso de calorías|E78.4: Otros tipos de hiperlipidemia|||||||||||||||||||F20
|E66.01: Obesidad mórbida (severa) por exceso de calorías|E78.2: Hiperlipidemia mixta|||||||||||||||||||F20
|Z91.19: Incumplimiento del paciente con otro tratamiento y régimen médico|E66.01: Obesidad mórbida (severa) por exceso de calorías|E78.0: Hipercolesterolemia pura|Z04.6: Contacto para reconocimiento médico psiquiátrico general, solicitado por la autoridad|||||||||||||||||F20
I50.20: Insuficiencia cardiaca sistólica (congestiva), no especificada|I42.5: Otras miocardiopatías restrictivas|N18.9: Enfermedad renal crónica, no especificada|E03.9: Hipotiroidismo, no especificado||E11.9: Diabetes mellitus tipo 2 sin complicaciones|F10.10: Abuso de alcohol, sin complicaciones|K80.20: Cálculo de vesícula biliar sin colecistitis sin obstrucción|Z87.891: Historia personal de dependencia a nicotina|||||||||||||F20
|F60.89: Otros tipos de trastornos específicos de personalidad|V61.0: Conductor de vehículo de transporte pesado lesionado en colisión con vehículo a pedales en un accidente no de tráfico|Z60.2: Problemas relacionados con vivir solo|E78.4: Otros tipos de hiperlipidemia|Z91.19: Incumplimiento del paciente con otro tratamiento y régimen médico||||||||||||||||F23
|E78.0: Hipercolesterolemia pura|N39.0: Infección de tracto urinario, localización no especificada|Z04.6: Contacto para reconocimiento médico psiquiátrico general, solicitado por la autoridad||||||||||||||||||F22
F25.9: Trastorno esquizoafectivo, no especificado|F10.10: Abuso de alcohol, sin complicaciones|Z56.0: Desempleo, no especificado|Z63.72: Alcoholismo y drogadicción en la familia|Z88.6: Estado de alergia a analgésico|Z91.19: Incumplimiento del paciente con otro tratamiento y régimen médico||||||||||||||||F20
|V61.0: Conductor de vehículo de transporte pesado lesionado en colisión con vehículo a pedales en un accidente no de tráfico|Z88.0: Estado de alergia a penicilina|||||||||||||||||||F23
|F60.1: Trastorno esquizoide de personalidad|G93.0: Quistes cerebrales|F12.10: Abuso de cannabis, sin complicaciones|Z59.0: Persona sin hogar|Z91.19: Incumplimiento del paciente con otro tratamiento y régimen médico||||||||||||||||F20
I26.99: Otra embolia pulmonar sin cor pulmonale agudo|I82.419: Embolia y trombosis agudas de vena femoral no especificada|J96.00: Insuficiencia respiratoria aguda no especificada si con hipoxia o con hipercapnia|E87.6: Hipopotasemia||H91.90: Pérdida de audición no especificada, oído no especificado|I10: Hipertensión esencial (primaria)|E11.9: Diabetes mellitus tipo 2 sin complicaciones||||||||||||||F20
|F10.10: Abuso de alcohol, sin complicaciones|R60.0: Edema localizado||Z91.19: Incumplimiento del paciente con otro tratamiento y régimen médico|Z81.8: Historia familiar de otros trastornos mentales y del comportamiento||||||||||||||||F20
D17.1: Neoplasia lipomatosa benigna de piel y tejido subcutáneo de tronco||E66.9: Obesidad, no especificada|||||||||||||||||||F20
S06.6X0A: Hemorragia subaracnoidea traumática sin pérdida de conciencia, contacto inicial|S06.5X0A: Hemorragia subdural traumática sin pérdida de conciencia, contacto inicial||G40.901: Epilepsia, no especificada, no intratable, con estado de mal epiléptico||F10.20: Dependencia de alcohol, sin complicaciones|J18.9: Neumonía, microorganismo no especificado|||||||||||||||F20
I21.09: Infarto agudo de miocardio con elevación de ST (IAMCEST) (IMEST) (STEMI) con implicación de otra arteria coronaria de la cara anterior|I25.10: Enfermedad cardiaca aterosclerótica de arteria coronaria nativa sin angina de pecho|F17.200: Dependencia de nicotina no especificada, sin complicaciones|E78.0: Hipercolesterolemia pura|B18.2: Hepatitis vírica crónica tipo C|||||||||||||||||F20
|F12.10: Abuso de cannabis, sin complicaciones|Z81.8: Historia familiar de otros trastornos mentales y del comportamiento|Z59.8: Otros problemas relacionados con la vivienda y circunstancias económicas||||||||||||||||||F23
|F60.9: Trastorno de personalidad, no especificado|G40.901: Epilepsia, no especificada, no intratable, con estado de mal epiléptico|Z60.2: Problemas relacionados con vivir solo|Z91.19: Incumplimiento del paciente con otro tratamiento y régimen médico|||||||||||||||||F20
F25.9: Trastorno esquizoafectivo, no especificado|B18.2: Hepatitis vírica crónica tipo C|E78.2: Hiperlipidemia mixta|I10: Hipertensión esencial (primaria)|Z86.19: Historia personal de otras enfermedades infecciosas y parasitarias|F10.10: Abuso de alcohol, sin complicaciones||||||||||||||||F20
F25.9: Trastorno esquizoafectivo, no especificado|F10.10: Abuso de alcohol, sin complicaciones|I10: Hipertensión esencial (primaria)|E78.4: Otros tipos de hiperlipidemia|Z91.19: Incumplimiento del paciente con otro tratamiento y régimen médico|B18.2: Hepatitis vírica crónica tipo C||||||||||||||||F20
F25.9: Trastorno esquizoafectivo, no especificado|E78.2: Hiperlipidemia mixta|I10: Hipertensión esencial (primaria)|B18.2: Hepatitis vírica crónica tipo C|Z86.19: Historia personal de otras enfermedades infecciosas y parasitarias|||||||||||||||||F20
|H91.90: Pérdida de audición no especificada, oído no especificado|N40.0: Hiperplasia prostática benigna sin síntomas de tracto urinario inferior|Z60.2: Problemas relacionados con vivir solo|Z91.19: Incumplimiento del paciente con otro tratamiento y régimen médico|Z88.8: Estado de alergia a otros fármacos, medicamentos y sustancias biológicas||||||||||||||||F22
F42: Trastorno obsesivo-compulsivo||H91.90: Pérdida de audición no especificada, oído no especificado|N40.0: Hiperplasia prostática benigna sin síntomas de tracto urinario inferior|Z88.8: Estado de alergia a otros fármacos, medicamentos y sustancias biológicas|||||||||||||||||F22
C67.9: Neoplasia maligna de vejiga, no especificada|R31.0: Hematuria macroscópica|E11.00: Diabetes mellitus tipo 2 con hiperosmolaridad sin coma hiperglucémico hiperosmolar no cetósico (CHHNC)|D62: Anemia poshemorrágica aguda||||||||||||||||||F20
C67.0: Neoplasia maligna de trígono de vejiga||E11.9: Diabetes mellitus tipo 2 sin complicaciones|||||||||||||||||||F20
|M12.9: Artropatía no especificada|Z60.2: Problemas relacionados con vivir solo|||||||||||||||||||F20
D50.9: Anemia ferropénica, no especificada|N39.0: Infección de tracto urinario, localización no especificada|B96.21: Escherichia coli [E. coli] [STEC] O157 productor de toxina Shiga como causa de enfermedades clasificadas bajo otro concepto|K86.2: Quiste de páncreas|R16.1: Esplenomegalia, no clasificada bajo otro concepto|G40.901: Epilepsia, no especificada, no intratable, con estado de mal epiléptico|K71.6: Hepatopatía tóxica con hepatitis, no clasificada bajo otro concepto|F10.21: Dependencia de alcohol, en remisión||F79: Discapacidad intelectual no especificada|K40.90: Hernia inguinal unilateral, sin obstrucción ni gangrena, no especificada como recidivada|M15.9: Poliartrosis no especificada|N17.9: Fallo renal agudo, no especificado|Z87.81: Historia personal de fractura (consolidada) traumática|Z87.81: Historia personal de fractura (consolidada) traumática|||||||F20
I70.25: Aterosclerosis de arterias nativas de otras extremidades con ulceración|L97.909: Úlcera crónica no debida a presión de parte no especificada de pierna no especificada, de gravedad no especificada|E43: Malnutrición calórico-proteica grave no especificada|E86.0: Deshidratación|N17.9: Fallo renal agudo, no especificado|T18.3XXA: Cuerpo extraño en intestino delgado, contacto inicial|K92.1: Melena|||B37.0: Estomatitis candidiásica|B37.42: Balanitis por cándidas|Z59.5: Pobreza extrema||||||||||F20
E11.618: Diabetes mellitus tipo 2 con otra artropatía diabética|L97.209: Úlcera crónica no debida a presión de pantorrilla no especificada, de gravedad no especificada|N18.9: Enfermedad renal crónica, no especificada|||||||||||||||||||F20
|N39.0: Infección de tracto urinario, localización no especificada|E78.0: Hipercolesterolemia pura|||||||||||||||||||F20
D37.1: Neoplasia de comportamiento incierto de estómago|K52.2: Gastroenteritis y colitis alérgicas y dietéticas|R39.81: Incontinencia urinaria funcional|K80.20: Cálculo de vesícula biliar sin colecistitis sin obstrucción|N40.1: Hiperplasia prostática benigna con síntomas de tracto urinario inferior|R33.8: Otro tipo de retención urinaria||F17.200: Dependencia de nicotina no especificada, sin complicaciones||||||||||||||F60.1
D37.1: Neoplasia de comportamiento incierto de estómago|L72.3: Quiste sebáceo|T81.719A: Complicación de arteria no especificada después de un procedimiento no clasificado bajo otro concepto, contacto inicial|I80.9: Flebitis y tromboflebitis de localización no especificada|K68.11: Absceso retroperitoneal posprocedimiento|I26.90: Embolia pulmonar séptica sin cor pulmonale agudo||F17.200: Dependencia de nicotina no especificada, sin complicaciones||||||||||||||F60.1
K61.0: Absceso anal|M72.6: Fascitis necrotizante|I96: Gangrena, no clasificada bajo otro concepto|B96.21: Escherichia coli [E. coli] [STEC] O157 productor de toxina Shiga como causa de enfermedades clasificadas bajo otro concepto||I87.2: Insuficiencia venosa (crónica) (periférica)||||||||||||||||F22
K56.0: Íleo paralítico||J18.9: Neumonía, microorganismo no especificado||F10.20: Dependencia de alcohol, sin complicaciones|Z87.891: Historia personal de dependencia a nicotina||||||||||||||||F20
|E11.9: Diabetes mellitus tipo 2 sin complicaciones|F12.10: Abuso de cannabis, sin complicaciones|E78.0: Hipercolesterolemia pura|J45.909: Asma no especificada, sin complicaciones|Z81.8: Historia familiar de otros trastornos mentales y del comportamiento|Z63.5: Ruptura familiar por separación y divorcio|Z98.51: Estado de ligadura de trompas (de Falopio)||||||||||||||F22
D49.0: Neoplasia de comportamiento no especificado de aparato digestivo|I10: Hipertensión esencial (primaria)|E11.9: Diabetes mellitus tipo 2 sin complicaciones||Z59.3: Problemas relacionados con la vida en una institución residencial|||||||||||||||||F22
M17.9: Artrosis de rodilla no especificada|J45.909: Asma no especificada, sin complicaciones||||||||||||||||||||F20
S05.10XA: Contusión de globo ocular y tejidos orbitarios de ojo no especificado, contacto inicial||K76.0: Hígado graso (degeneración grasa) de hígado, no clasificado bajo otro concepto|F10.27: Dependencia de alcohol, con demencia persistente inducida por alcohol||K22.70: Esófago de Barrett sin displasia|F10.10: Abuso de alcohol, sin complicaciones|F17.200: Dependencia de nicotina no especificada, sin complicaciones||||||||||||||F20
K80.00: Cálculo de vesícula biliar con colecistitis aguda sin obstrucción||E11.9: Diabetes mellitus tipo 2 sin complicaciones|I25.10: Enfermedad cardiaca aterosclerótica de arteria coronaria nativa sin angina de pecho|I25.5: Miocardiopatía isquémica|Z86.73: Historia personal de ataque isquémico transitorio (AIT) e infarto cerebral sin déficits residuales|Z98.61: Estado de angioplastia coronaria|||||||||||||||F20
M48.50XA: Vértebra colapsada, no clasificada bajo otro concepto, localización no especificada, contacto inicial por fractura||M45.9: Espondilitis anquilosante de localizaciones no especificadas de la columna vertebral|E66.2: Obesidad mórbida (severa) con hipoventilación alveolar|I34.0: Insuficiencia (de la válvula) mitral no reumática|F25.9: Trastorno esquizoafectivo, no especificado||||||||||||||||F20
D78.11: Punción y desgarro accidental del bazo durante un procedimiento sobre el bazo|D62: Anemia poshemorrágica aguda|D78.01: Hemorragia intraoperatoria y hematoma del bazo complicando un procedimiento sobre el bazo|I50.1: Insuficiencia ventricular izquierda, no especificada|I05.2: Estenosis mitral reumática con insuficiencia|I07.1: Insuficiencia tricuspídea reumática|I27.2: Otra hipertensión pulmonar secundaria|F25.9: Trastorno esquizoafectivo, no especificado|I10: Hipertensión esencial (primaria)|I48.91: Fibrilación auricular no especificada|I45.10: Bloqueo de rama derecha no especificado|E01.2: Bocio (endémico) relacionado con carencia de yodo, no especificado||||||||||F20
K68.11: Absceso retroperitoneal posprocedimiento|L03.319: Celulitis de tronco, no especificado|B95.1: Estreptococo, grupo B, como causa de enfermedades clasificadas bajo otro concepto|I89.8: Otros trastornos no infecciosos especificados de vasos y ganglios linfáticos|I50.9: Insuficiencia cardiaca, no especificada|J98.8: Otros trastornos respiratorios especificados|I10: Hipertensión esencial (primaria)|E66.9: Obesidad, no especificada|I48.91: Fibrilación auricular no especificada|E01.2: Bocio (endémico) relacionado con carencia de yodo, no especificado|F25.9: Trastorno esquizoafectivo, no especificado|I05.0: Estenosis mitral reumática|V02.61: V02.61|||||||||F20
|G31.84: Deterioro cognitivo leve de etiología incierta o desconocida|S22.39XA: Fractura de una costilla, lado no especificado, contacto inicial por fractura cerrada|V61.0: Conductor de vehículo de transporte pesado lesionado en colisión con vehículo a pedales en un accidente no de tráfico||||||||||||||||||F22
|E11.9: Diabetes mellitus tipo 2 sin complicaciones|Z91.19: Incumplimiento del paciente con otro tratamiento y régimen médico|Z04.6: Contacto para reconocimiento médico psiquiátrico general, solicitado por la autoridad||||||||||||||||||F22
|Z81.8: Historia familiar de otros trastornos mentales y del comportamiento||||||||||||||||||||F22
F43.23: Trastorno adaptativo mixto, con ansiedad y depresión||M48.50XA: Vértebra colapsada, no clasificada bajo otro concepto, localización no especificada, contacto inicial por fractura|M43.00: Espondilolisis, localización no especificada|E05.90: Tirotoxicosis, no especificada sin crisis tirotóxica ni tormenta tiroidea|L27.0: Erupción cutánea generalizada debida a drogas y medicamentos ingeridos|R60.0: Edema localizado||Z60.2: Problemas relacionados con vivir solo|Z91.19: Incumplimiento del paciente con otro tratamiento y régimen médico||||||||||||F20
|K58.9: Síndrome de intestino irritable sin diarrea|Z91.19: Incumplimiento del paciente con otro tratamiento y régimen médico|Z60.2: Problemas relacionados con vivir solo||||||||||||||||||F20
|D18.03: Hemangioma de estructuras intraabdominales||||||||||||||||||||F23
Z51.89: Contacto para otros cuidados posteriores especificados|L89.139: Úlcera por presión en la parte inferior derecha de espalda, estadio no especificado|L89.509: Úlcera por presión en tobillo no especificado, estadio no especificado|Z48.89: Contacto para otros cuidados posquirúrgicos especificados||G56.20: Lesión de nervio cubital, extremidad superior no especificada|Z93.0: Estado de traqueostomía|||||||||||||||F20
T85.398A: Otra complicación mecánica de otras prótesis, implantes e injertos oculares, contacto inicial|B95.62: Infección por Staphylococcus aureus resistente a meticilina como causa de enfermedades clasificadas bajo otro concepto||||||||||||||||||||F20
Z47.2: Contacto para extracción de dispositivo de fijación interna|Z87.81: Historia personal de fractura (consolidada) traumática||||||||||||||||||||F20
S12.000K: Fractura no especificada desplazada de primera vértebra cervical, contacto sucesivo por fractura con fracaso de consolidación|M84.369S: Fractura por estrés, tibia y peroné no especificados, secuela||||||||||||||||||||F20
S42.009P: Fractura de parte no especificada de clavícula no especificada, contacto sucesivo por fractura con unión defectuosa|M84.369S: Fractura por estrés, tibia y peroné no especificados, secuela||||||||||||||||||||F20
|F12.10: Abuso de cannabis, sin complicaciones|Z91.19: Incumplimiento del paciente con otro tratamiento y régimen médico|L85.3: Xerosis de cutis|Z04.6: Contacto para reconocimiento médico psiquiátrico general, solicitado por la autoridad|||||||||||||||||F20
|F12.10: Abuso de cannabis, sin complicaciones|Z91.19: Incumplimiento del paciente con otro tratamiento y régimen médico|Z81.8: Historia familiar de otros trastornos mentales y del comportamiento||||||||||||||||||F20
|F17.200: Dependencia de nicotina no especificada, sin complicaciones|Z04.6: Contacto para reconocimiento médico psiquiátrico general, solicitado por la autoridad|Z91.19: Incumplimiento del paciente con otro tratamiento y régimen médico||||||||||||||||||F20
|F71: Discapacidad intelectual moderada|F10.10: Abuso de alcohol, sin complicaciones|Z91.19: Incumplimiento del paciente con otro tratamiento y régimen médico|Z04.6: Contacto para reconocimiento médico psiquiátrico general, solicitado por la autoridad|Z60.2: Problemas relacionados con vivir solo|Z59.1: Vivienda inadecuada|||||||||||||||F20
G40.201: Epilepsia (focal) (parcial) sintomática relacionada con la localización y síndromes epilépticos con crisis parciales complejas, no intratable, con estado de mal epiléptico||E11.9: Diabetes mellitus tipo 2 sin complicaciones|F17.200: Dependencia de nicotina no especificada, sin complicaciones|Z79.4: Uso prolongado (actual) de insulina|||||||||||||||||F22
C34.90: Neoplasia maligna de parte no especificada, bronquio o pulmón no especificados|C78.7: Neoplasia maligna secundaria de hígado y vías biliares intrahepáticas|C79.51: Neoplasia maligna secundaria de hueso|C77.8: Neoplasia maligna secundaria y no especificada de ganglios linfáticos de regiones múltiples|C79.31: Neoplasia maligna secundaria de cerebro|K25.7: Úlcera gástrica crónica sin hemorragia ni perforación|K44.9: Hernia diafragmática sin obstrucción ni gangrena||N28.1: Quiste de riñón, adquirido|K57.30: Diverticulosis de colon sin perforación ni absceso, sin hemorragia|K64.9: Hemorroides no especificadas|E86.0: Deshidratación|L40.0: Psoriasis vulgar|||||||||F20
F25.9: Trastorno esquizoafectivo, no especificado|F60.9: Trastorno de personalidad, no especificado|Z63.5: Ruptura familiar por separación y divorcio|Z88.8: Estado de alergia a otros fármacos, medicamentos y sustancias biológicas|Z56.0: Desempleo, no especificado|||||||||||||||||F20
F25.9: Trastorno esquizoafectivo, no especificado|F60.9: Trastorno de personalidad, no especificado|F10.10: Abuso de alcohol, sin complicaciones|Z63.5: Ruptura familiar por separación y divorcio|Z88.8: Estado de alergia a otros fármacos, medicamentos y sustancias biológicas|Z91.19: Incumplimiento del paciente con otro tratamiento y régimen médico||||||||||||||||F20
|N39.0: Infección de tracto urinario, localización no especificada|R78.81: Bacteriemia|B95.61: Infección por Staphylococcus aureus sensible a meticilina como causa de enfermedades clasificadas bajo otro concepto|Z16.11: Resistencia a penicilinas|R68.89: Otros síntomas y signos generales|N17.9: Fallo renal agudo, no especificado|N40.1: Hiperplasia prostática benigna con síntomas de tracto urinario inferior|Z87.440: Historia personal de infecciones del tracto urinario||R97.2: Antígeno prostático específico [PSA] elevado|Z59.3: Problemas relacionados con la vida en una institución residencial||||||||||F20
N45.1: Epididimitis|R68.89: Otros síntomas y signos generales|N40.1: Hiperplasia prostática benigna con síntomas de tracto urinario inferior|Z87.440: Historia personal de infecciones del tracto urinario||||||||||||||||||F20
L89.139: Úlcera por presión en la parte inferior derecha de espalda, estadio no especificado|Z74.01: Situación de confinamiento en cama||R68.89: Otros síntomas y signos generales|Z59.3: Problemas relacionados con la vida en una institución residencial|||||||||||||||||F20
R23.3: Equimosis espontánea|L89.139: Úlcera por presión en la parte inferior derecha de espalda, estadio no especificado||K80.20: Cálculo de vesícula biliar sin colecistitis sin obstrucción|N20.0: Cálculo del riñón|D50.0: Anemia ferropénica secundaria a pérdida de sangre (crónica)||||||||||||||||F20
|F14.10: Abuso de cocaína, sin complicaciones|Z91.19: Incumplimiento del paciente con otro tratamiento y régimen médico|Z81.8: Historia familiar de otros trastornos mentales y del comportamiento||||||||||||||||||F20
|F12.10: Abuso de cannabis, sin complicaciones|F14.10: Abuso de cocaína, sin complicaciones|F13.10: Abuso de sedantes, hipnóticos o ansiolíticos, sin complicaciones|Z59.0: Persona sin hogar|Z91.19: Incumplimiento del paciente con otro tratamiento y régimen médico||||||||||||||||F20
|F13.20: Dependencia de sedantes, hipnóticos o ansiolíticos, sin complicaciones|Z59.0: Persona sin hogar|Z91.19: Incumplimiento del paciente con otro tratamiento y régimen médico||||||||||||||||||F20
|F13.20: Dependencia de sedantes, hipnóticos o ansiolíticos, sin complicaciones|F12.10: Abuso de cannabis, sin complicaciones|Q52.8: Otras malformaciones congénitas especificadas de los órganos genitales femeninos|Z91.19: Incumplimiento del paciente con otro tratamiento y régimen médico|||||||||||||||||F20
|F13.20: Dependencia de sedantes, hipnóticos o ansiolíticos, sin complicaciones|F12.10: Abuso de cannabis, sin complicaciones|F14.10: Abuso de cocaína, sin complicaciones||||||||||||||||||F20
S72.099A: Otra fractura de cabeza y cuello de fémur no especificado, contacto inicial por fractura cerrada|||||||||||||||||||||F20
|Z91.19: Incumplimiento del paciente con otro tratamiento y régimen médico|Z81.8: Historia familiar de otros trastornos mentales y del comportamiento|Z88.0: Estado de alergia a penicilina|Z04.6: Contacto para reconocimiento médico psiquiátrico general, solicitado por la autoridad|Z71.89: Otro asesoramiento específico||||||||||||||||F22
C67.9: Neoplasia maligna de vejiga, no especificada|R31.0: Hematuria macroscópica||||||||||||||||||||F20
|E78.4: Otros tipos de hiperlipidemia|K29.40: Gastritis crónica atrófica sin hemorragia|K76.0: Hígado graso (degeneración grasa) de hígado, no clasificado bajo otro concepto|R74.0: Elevación inespecífica de niveles de transaminasas y lactato deshidrogenasa [LDH]||K44.9: Hernia diafragmática sin obstrucción ni gangrena|E88.01: Carencia de alfa-1-antitripsina|Z81.8: Historia familiar de otros trastornos mentales y del comportamiento|Z88.0: Estado de alergia a penicilina||||||||||||F20
|E78.4: Otros tipos de hiperlipidemia|K76.0: Hígado graso (degeneración grasa) de hígado, no clasificado bajo otro concepto|K44.9: Hernia diafragmática sin obstrucción ni gangrena|K29.40: Gastritis crónica atrófica sin hemorragia|E88.01: Carencia de alfa-1-antitripsina|R16.1: Esplenomegalia, no clasificada bajo otro concepto|Z81.8: Historia familiar de otros trastornos mentales y del comportamiento||||||||||||||F20
F25.9: Trastorno esquizoafectivo, no especificado|Z91.19: Incumplimiento del paciente con otro tratamiento y régimen médico|Z81.8: Historia familiar de otros trastornos mentales y del comportamiento|||||||||||||||||||F20
J98.8: Otros trastornos respiratorios especificados|J96.00: Insuficiencia respiratoria aguda no especificada si con hipoxia o con hipercapnia|R00.0: Taquicardia, no especificada||H91.90: Pérdida de audición no especificada, oído no especificado|G31.84: Deterioro cognitivo leve de etiología incierta o desconocida||||||||||||||||F20
|F60.9: Trastorno de personalidad, no especificado|E11.40: Diabetes mellitus tipo 2 con neuropatía diabética, no especificada|E10.42: Diabetes mellitus tipo 1 con polineuropatía diabética|E78.4: Otros tipos de hiperlipidemia|||||||||||||||||F22
|Z65.9: Problema relacionado con circunstancias psicosociales no especificadas||||||||||||||||||||F23
F25.9: Trastorno esquizoafectivo, no especificado|F22: Trastornos delirantes|T14.90: Traumatismo, no especificado|||||||||||||||||||F20
L08.9: Infección local de la piel y del tejido subcutáneo, no especificada|G82.20: Paraplejia, no especificada|S14.109S: Traumatismo no especificado a nivel no especificado de médula espinal cervical, secuela||F32.9: Trastorno depresivo mayor, episodio único, no especificado|E78.4: Otros tipos de hiperlipidemia|Z89.209: Ausencia adquirida de extremidad superior no especificada, nivel no especificado|Z59.3: Problemas relacionados con la vida en una institución residencial||||||||||||||F20
F25.9: Trastorno esquizoafectivo, no especificado|F10.10: Abuso de alcohol, sin complicaciones|F14.10: Abuso de cocaína, sin complicaciones|Z91.19: Incumplimiento del paciente con otro tratamiento y régimen médico|Z81.8: Historia familiar de otros trastornos mentales y del comportamiento|||||||||||||||||F20
F25.9: Trastorno esquizoafectivo, no especificado|F10.10: Abuso de alcohol, sin complicaciones|F14.10: Abuso de cocaína, sin complicaciones|Z81.8: Historia familiar de otros trastornos mentales y del comportamiento||||||||||||||||||F20
|T42.4X1A: Envenenamiento por benzodiacepinas, accidental (no intencionado), contacto inicial||E22.8: Otros tipos de hiperfunción de hipófisis|Z60.2: Problemas relacionados con vivir solo|||||||||||||||||F20
T84.81XA: Embolia por (debida a) prótesis, implantes e injertos ortopédicos internos, contacto inicial||E11.9: Diabetes mellitus tipo 2 sin complicaciones|I10: Hipertensión esencial (primaria)|E66.9: Obesidad, no especificada||E23.0: Hipopituitarismo|E78.0: Hipercolesterolemia pura||||||||||||||F20
|Z81.0: Historia familiar de discapacidad intelectual||||||||||||||||||||F23
C34.90: Neoplasia maligna de parte no especificada, bronquio o pulmón no especificados|C78.00: Neoplasia maligna secundaria de pulmón no especificado|C78.7: Neoplasia maligna secundaria de hígado y vías biliares intrahepáticas|C77.8: Neoplasia maligna secundaria y no especificada de ganglios linfáticos de regiones múltiples|C78.6: Neoplasia maligna secundaria de retroperitoneo y peritoneo|R18.0: Ascitis maligna||H91.90: Pérdida de audición no especificada, oído no especificado|K86.1: Otros tipos de pancreatitis crónica|F17.200: Dependencia de nicotina no especificada, sin complicaciones|Z59.3: Problemas relacionados con la vida en una institución residencial|||||||||||F20
C78.6: Neoplasia maligna secundaria de retroperitoneo y peritoneo|R18.0: Ascitis maligna|C78.7: Neoplasia maligna secundaria de hígado y vías biliares intrahepáticas|C78.00: Neoplasia maligna secundaria de pulmón no especificado|C77.8: Neoplasia maligna secundaria y no especificada de ganglios linfáticos de regiones múltiples|C34.90: Neoplasia maligna de parte no especificada, bronquio o pulmón no especificados|E87.1: Hiposmolaridad e hiponatremia|F17.200: Dependencia de nicotina no especificada, sin complicaciones||H91.90: Pérdida de audición no especificada, oído no especificado|Z59.3: Problemas relacionados con la vida en una institución residencial|Z51.5: Contacto para cuidados paliativos||||||||||F20
|F60.0: Trastorno de personalidad paranoide|F10.10: Abuso de alcohol, sin complicaciones|F12.10: Abuso de cannabis, sin complicaciones|Z04.6: Contacto para reconocimiento médico psiquiátrico general, solicitado por la autoridad|Z91.19: Incumplimiento del paciente con otro tratamiento y régimen médico||||||||||||||||F23
|Z04.6: Contacto para reconocimiento médico psiquiátrico general, solicitado por la autoridad|Z60.2: Problemas relacionados con vivir solo|Z91.19: Incumplimiento del paciente con otro tratamiento y régimen médico|Z82.3: Historia familiar de ictus|Z82.0: Historia familiar de epilepsia y otras enfermedades del sistema nervioso||||||||||||||||F20
|K52.89: Otras gastroenteritis y colitis no infecciosas especificadas|Z81.8: Historia familiar de otros trastornos mentales y del comportamiento|Z04.6: Contacto para reconocimiento médico psiquiátrico general, solicitado por la autoridad|Z91.19: Incumplimiento del paciente con otro tratamiento y régimen médico|||||||||||||||||F20
F25.9: Trastorno esquizoafectivo, no especificado|F18.10: Abuso de inhalantes, sin complicaciones|Z81.8: Historia familiar de otros trastornos mentales y del comportamiento|Z60.2: Problemas relacionados con vivir solo||||||||||||||||||F20
I26.99: Otra embolia pulmonar sin cor pulmonale agudo|J96.00: Insuficiencia respiratoria aguda no especificada si con hipoxia o con hipercapnia|I82.449: Embolia y trombosis agudas de vena tibial no especificada|Q98.4: Síndrome de Klinefelter, no especificado|E29.1: Hipofunción testicular|D75.1: Policitemia secundaria|D18.09: Hemangioma de otras localizaciones|I27.2: Otra hipertensión pulmonar secundaria|E78.0: Hipercolesterolemia pura|E66.9: Obesidad, no especificada|F32.9: Trastorno depresivo mayor, episodio único, no especificado|F25.9: Trastorno esquizoafectivo, no especificado|F17.200: Dependencia de nicotina no especificada, sin complicaciones|||||||||F20
C50.819: Neoplasia maligna de localizaciones contiguas de mama femenina, lado no especificado|C77.3: Neoplasia maligna secundaria y no especificada de ganglios linfáticos de axila y extremidad superior|D05.90: Carcinoma in situ de tipo no especificado de mama no especificada|Z17.0: Estado de receptor de estrógeno positivo [RE+]|Z80.3: Historia familiar de neoplasia maligna de mama|||||||||||||||||F20
N40.1: Hiperplasia prostática benigna con síntomas de tracto urinario inferior|N13.9: Uropatía obstructiva y por reflujo, no especificada|Z87.440: Historia personal de infecciones del tracto urinario||Z90.3: Ausencia adquirida (de parte) del estómago|||||||||||||||||F20
F25.9: Trastorno esquizoafectivo, no especificado|Z91.19: Incumplimiento del paciente con otro tratamiento y régimen médico|F14.10: Abuso de cocaína, sin complicaciones|||||||||||||||||||F20
|K44.9: Hernia diafragmática sin obstrucción ni gangrena|S19.9XXA: Traumatismo no especificado del cuello, contacto inicial|||Z63.5: Ruptura familiar por separación y divorcio|Z04.6: Contacto para reconocimiento médico psiquiátrico general, solicitado por la autoridad|||||||||||||||F22
|G20: Enfermedad de Parkinson|G31.84: Deterioro cognitivo leve de etiología incierta o desconocida|V61.0: Conductor de vehículo de transporte pesado lesionado en colisión con vehículo a pedales en un accidente no de tráfico||||||||||||||||||F20
F42: Trastorno obsesivo-compulsivo|F40.10: Fobia social, no especificada||F13.20: Dependencia de sedantes, hipnóticos o ansiolíticos, sin complicaciones|E78.2: Hiperlipidemia mixta|||||||||||||||||F60.1
I63.30: Infarto cerebral debido a trombosis de arteria cerebral no especificada|I10: Hipertensión esencial (primaria)|G31.84: Deterioro cognitivo leve de etiología incierta o desconocida|||||||||||||||||||F20
|F71: Discapacidad intelectual moderada|E78.4: Otros tipos de hiperlipidemia|M17.9: Artrosis de rodilla no especificada|Z81.8: Historia familiar de otros trastornos mentales y del comportamiento|||||||||||||||||F20
|F60.0: Trastorno de personalidad paranoide|Z91.19: Incumplimiento del paciente con otro tratamiento y régimen médico|||||||||||||||||||F22
F43.0: Reacción aguda de estrés||M50.20: Otro desplazamiento de disco cervical, región cervical no especificada|M51.26: Otros desplazamientos de disco intervertebral, región lumbar||||||||||||||||||F60.1
|D68.51: Resistencia a la proteína C activada|Z60.2: Problemas relacionados con vivir solo|Z81.8: Historia familiar de otros trastornos mentales y del comportamiento|Z86.73: Historia personal de ataque isquémico transitorio (AIT) e infarto cerebral sin déficits residuales|||||||||||||||||F22
|I10: Hipertensión esencial (primaria)|Z85.3: Historia personal de neoplasia maligna de mama|||||||||||||||||||F20
|Z81.8: Historia familiar de otros trastornos mentales y del comportamiento|Z87.11: Historia personal de enfermedad ulcerosa péptica|||||||||||||||||||F20
|F11.20: Dependencia de opiáceos, sin complicaciones|F14.10: Abuso de cocaína, sin complicaciones|F60.89: Otros tipos de trastornos específicos de personalidad||G81.93: Hemiplejia no especificada que afecta a lado derecho no dominante|B94.8: Secuelas de otras enfermedades infecciosas y parasitarias especificadas|Z60.2: Problemas relacionados con vivir solo|Z91.19: Incumplimiento del paciente con otro tratamiento y régimen médico|Z88.0: Estado de alergia a penicilina|Z88.2: Estado de alergia a sulfonamidas|Z86.11: Historia personal de tuberculosis|Z96.649: Presencia de articulación de cadera artificial, no especificada|||||||||F23
|B30.8: Otras conjuntivitis virales|B97.0: Adenovirus como causa de enfermedades clasificadas bajo otro concepto|E78.2: Hiperlipidemia mixta|F17.200: Dependencia de nicotina no especificada, sin complicaciones|Z63.5: Ruptura familiar por separación y divorcio|Z59.3: Problemas relacionados con la vida en una institución residencial|Z81.8: Historia familiar de otros trastornos mentales y del comportamiento|Z91.19: Incumplimiento del paciente con otro tratamiento y régimen médico|||||||||||||F20
F22: Trastornos delirantes||E03.9: Hipotiroidismo, no especificado|M15.9: Poliartrosis no especificada|Z91.19: Incumplimiento del paciente con otro tratamiento y régimen médico|Z63.5: Ruptura familiar por separación y divorcio||||||||||||||||F20
|F12.10: Abuso de cannabis, sin complicaciones|Z81.8: Historia familiar de otros trastornos mentales y del comportamiento|Z86.19: Historia personal de otras enfermedades infecciosas y parasitarias||||||||||||||||||F20
T70.1XXA: Barotrauma sinusal, contacto inicial|R40.4: Alteración transitoria de conciencia||F32.9: Trastorno depresivo mayor, episodio único, no especificado|Z87.891: Historia personal de dependencia a nicotina|||||||||||||||||F20
|E11.9: Diabetes mellitus tipo 2 sin complicaciones|R74.0: Elevación inespecífica de niveles de transaminasas y lactato deshidrogenasa [LDH]|Z04.6: Contacto para reconocimiento médico psiquiátrico general, solicitado por la autoridad||||||||||||||||||F20
F25.9: Trastorno esquizoafectivo, no especificado|G30.9: Enfermedad de Alzheimer, no especificada|F02.81: Demencia en otras enfermedades clasificadas bajo otro concepto, gravedad no especificada, con alteración del comportamiento|F03.90: Demencia no especificada, gravedad no especificada, sin alteración del comportamiento, alteración psicótica, alteración del estado de ánimo ni ansiedad|I10: Hipertensión esencial (primaria)|I67.2: Aterosclerosis cerebral|Z86.718: Historia personal de otro tipo de trombosis y embolia venosas|Z60.2: Problemas relacionados con vivir solo||||||||||||||F20
F25.9: Trastorno esquizoafectivo, no especificado|G30.9: Enfermedad de Alzheimer, no especificada|F02.81: Demencia en otras enfermedades clasificadas bajo otro concepto, gravedad no especificada, con alteración del comportamiento|F03.90: Demencia no especificada, gravedad no especificada, sin alteración del comportamiento, alteración psicótica, alteración del estado de ánimo ni ansiedad|R40.0: Somnolencia||S42.033A: Fractura desplazada de extremo lateral de clavícula no especificada, contacto inicial por fractura cerrada|E03.9: Hipotiroidismo, no especificado|I10: Hipertensión esencial (primaria)|Z86.73: Historia personal de ataque isquémico transitorio (AIT) e infarto cerebral sin déficits residuales|Z59.3: Problemas relacionados con la vida en una institución residencial|Z81.8: Historia familiar de otros trastornos mentales y del comportamiento|Z88.0: Estado de alergia a penicilina|||||||||F20
|F60.0: Trastorno de personalidad paranoide|N39.0: Infección de tracto urinario, localización no especificada|G20: Enfermedad de Parkinson|C61: Neoplasia maligna de próstata|I87.2: Insuficiencia venosa (crónica) (periférica)|Z91.19: Incumplimiento del paciente con otro tratamiento y régimen médico|Z59.3: Problemas relacionados con la vida en una institución residencial|Z88.6: Estado de alergia a analgésico|||||||||||||F22
R55: Síncope y colapso|I35.0: Estenosis (de la válvula) aórtica no reumática|A09: Gastroenteritis y colitis infecciosas, no especificadas|E11.618: Diabetes mellitus tipo 2 con otra artropatía diabética|F79: Discapacidad intelectual no especificada||I87.2: Insuficiencia venosa (crónica) (periférica)|Z95.2: Presencia de válvula cardiaca protésica|Z89.429: Ausencia adquirida de otro (-s) dedo (-s) del pie, lado no especificado|||||||||||||F20
|Z56.0: Desempleo, no especificado|Z65.8: Otros problemas especificados relacionados con circunstancias psicosociales|||||||||||||||||||F20
J20.9: Bronquitis aguda, no especificada|J96.00: Insuficiencia respiratoria aguda no especificada si con hipoxia o con hipercapnia|E11.9: Diabetes mellitus tipo 2 sin complicaciones||G21.11: Parkinsonismo inducido por neurolépticos|||||||||||||||||F20
I70.25: Aterosclerosis de arterias nativas de otras extremidades con ulceración|L97.509: Úlcera crónica no debida a presión de otra parte de pie no especificado, de gravedad no especificada|Z53.29: Procedimiento y tratamiento no realizados debido a decisión del paciente por otras razones|D53.9: Anemia nutricional, no especificada|G31.84: Deterioro cognitivo leve de etiología incierta o desconocida||F17.200: Dependencia de nicotina no especificada, sin complicaciones|F10.10: Abuso de alcohol, sin complicaciones|Z89.619: Ausencia adquirida de pierna por encima de rodilla lado no especificado|||||||||||||F20
I96: Gangrena, no clasificada bajo otro concepto||G60.9: Neuropatía hereditaria e idiopática, no especificada|F17.200: Dependencia de nicotina no especificada, sin complicaciones|D50.9: Anemia ferropénica, no especificada|K44.9: Hernia diafragmática sin obstrucción ni gangrena|K57.30: Diverticulosis de colon sin perforación ni absceso, sin hemorragia|K29.70: Gastritis, no especificada, sin hemorragia|F10.10: Abuso de alcohol, sin complicaciones|||||||||||||F20
F25.9: Trastorno esquizoafectivo, no especificado|F17.200: Dependencia de nicotina no especificada, sin complicaciones|Z88.6: Estado de alergia a analgésico|Z88.8: Estado de alergia a otros fármacos, medicamentos y sustancias biológicas|Z91.19: Incumplimiento del paciente con otro tratamiento y régimen médico|||||||||||||||||F20
G40.901: Epilepsia, no especificada, no intratable, con estado de mal epiléptico|J20.9: Bronquitis aguda, no especificada|E03.9: Hipotiroidismo, no especificado||J45.909: Asma no especificada, sin complicaciones|Z88.0: Estado de alergia a penicilina|Z79.891: Uso prolongado (actual) de analgésicos opiáceos|||||||||||||||F20
|Z91.19: Incumplimiento del paciente con otro tratamiento y régimen médico|Z63.9: Problema relacionado con el grupo de apoyo primario, no especificado|||||||||||||||||||F20
|L28.0: Liquen simple crónico|Z59.3: Problemas relacionados con la vida en una institución residencial|||||||||||||||||||F20
F25.9: Trastorno esquizoafectivo, no especificado|E66.01: Obesidad mórbida (severa) por exceso de calorías|V85.4: Persona lesionada al subir o bajar de vehículo de construcción especial|E78.4: Otros tipos de hiperlipidemia|R45.851: Ideaciones suicidas|Z81.8: Historia familiar de otros trastornos mentales y del comportamiento||||||||||||||||F20
J43.9: Enfisema, no especificado|J98.8: Otros trastornos respiratorios especificados|J96.20: Insuficiencia respiratoria aguda y crónica no especificada si con hipoxia o con hipercapnia|I27.81: Cor pulmonale (crónico)|E78.0: Hipercolesterolemia pura|F34.1: Trastorno distímico|B02.29: Otro tipo de afectación posherpética del sistema nervioso|E88.01: Carencia de alfa-1-antitripsina||R78.89: Hallazgo de otras sustancias especificadas, que no se encuentran normalmente en sangre|I49.8: Otras arritmias cardiacas especificadas|Z87.891: Historia personal de dependencia a nicotina|Z86.718: Historia personal de otro tipo de trombosis y embolia venosas|Z98.49: Estado de extracción de catarata, ojo no especificado|Z98.49: Estado de extracción de catarata, ojo no especificado|||||||F22
|Z04.6: Contacto para reconocimiento médico psiquiátrico general, solicitado por la autoridad|Z59.0: Persona sin hogar|||||||||||||||||||F20
|F12.10: Abuso de cannabis, sin complicaciones|J45.909: Asma no especificada, sin complicaciones|Z91.19: Incumplimiento del paciente con otro tratamiento y régimen médico|Z04.6: Contacto para reconocimiento médico psiquiátrico general, solicitado por la autoridad|Z88.0: Estado de alergia a penicilina|Z56.0: Desempleo, no especificado|||||||||||||||F20
|F12.10: Abuso de cannabis, sin complicaciones|Z91.19: Incumplimiento del paciente con otro tratamiento y régimen médico|J45.909: Asma no especificada, sin complicaciones|Z88.0: Estado de alergia a penicilina|Z04.6: Contacto para reconocimiento médico psiquiátrico general, solicitado por la autoridad|Z56.0: Desempleo, no especificado|||||||||||||||F20
F25.9: Trastorno esquizoafectivo, no especificado|T42.4X1A: Envenenamiento por benzodiacepinas, accidental (no intencionado), contacto inicial||T43.501A: Envenenamiento por antipsicóticos y neurolépticos no especificados, accidental (no intencionado), contacto inicial||Z63.5: Ruptura familiar por separación y divorcio||||||||||||||||F20
G40.901: Epilepsia, no especificada, no intratable, con estado de mal epiléptico|G83.81: Síndrome de Brown-Séquard|E11.9: Diabetes mellitus tipo 2 sin complicaciones||N40.0: Hiperplasia prostática benigna sin síntomas de tracto urinario inferior|F17.200: Dependencia de nicotina no especificada, sin complicaciones||||||||||||||||F22
J13: Neumonía por Streptococcus pneumoniae|J96.00: Insuficiencia respiratoria aguda no especificada si con hipoxia o con hipercapnia|F17.200: Dependencia de nicotina no especificada, sin complicaciones|||||||||||||||||||F20
|F42: Trastorno obsesivo-compulsivo|F60.9: Trastorno de personalidad, no especificado|K76.0: Hígado graso (degeneración grasa) de hígado, no clasificado bajo otro concepto|Z60.2: Problemas relacionados con vivir solo|||||||||||||||||F20
|E05.90: Tirotoxicosis, no especificada sin crisis tirotóxica ni tormenta tiroidea|Z63.9: Problema relacionado con el grupo de apoyo primario, no especificado|||||||||||||||||||F23
F25.9: Trastorno esquizoafectivo, no especificado|G21.11: Parkinsonismo inducido por neurolépticos||Z81.8: Historia familiar de otros trastornos mentales y del comportamiento|Z60.2: Problemas relacionados con vivir solo|||||||||||||||||F20
|F10.10: Abuso de alcohol, sin complicaciones|F12.10: Abuso de cannabis, sin complicaciones|Z91.19: Incumplimiento del paciente con otro tratamiento y régimen médico|Z59.0: Persona sin hogar|||||||||||||||||F20
|F10.10: Abuso de alcohol, sin complicaciones|F12.10: Abuso de cannabis, sin complicaciones|Z59.0: Persona sin hogar||||||||||||||||||F20
S85.169A: Traumatismo no especificado de arteria tibial posterior de pierna no especificada, contacto inicial|S85.809A: Traumatismo no especificado de otros vasos sanguíneos a nivel de pierna, pierna no especificada, contacto inicial||Z87.81: Historia personal de fractura (consolidada) traumática||||||||||||||||||F20
N39.0: Infección de tracto urinario, localización no especificada|L03.119: Celulitis de parte no especificada de las extremidades|B37.0: Estomatitis candidiásica|N28.1: Quiste de riñón, adquirido|I10: Hipertensión esencial (primaria)|E11.40: Diabetes mellitus tipo 2 con neuropatía diabética, no especificada|E10.42: Diabetes mellitus tipo 1 con polineuropatía diabética||Z96.649: Presencia de articulación de cadera artificial, no especificada|||||||||||||F22
S06.6X0A: Hemorragia subaracnoidea traumática sin pérdida de conciencia, contacto inicial|S01.02XA: Desgarro con cuerpo extraño de cuero cabelludo, contacto inicial|S20.219A: Contusión de pared anterior no especificada del tórax, contacto inicial|S27.329A: Contusión de pulmón no especificado, contacto inicial|S27.0XXA: Neumotórax traumático, contacto inicial|S22.20XA: Fractura no especificada de esternón, contacto inicial por fractura cerrada||J95.821: Insuficiencia respiratoria aguda posprocedimiento|J42: Bronquitis crónica no especificada|F25.9: Trastorno esquizoafectivo, no especificado|E11.9: Diabetes mellitus tipo 2 sin complicaciones|E03.9: Hipotiroidismo, no especificado|E66.9: Obesidad, no especificada|||||||||F20
I13.10: Enfermedad cardiaca y renal crónica hipertensiva sin insuficiencia cardiaca, con enfermedad renal crónica en estadio 1 a 4 o enfermedad renal crónica no especificada|N18.9: Enfermedad renal crónica, no especificada|E78.0: Hipercolesterolemia pura||I71.4: Aneurisma aórtico abdominal, sin rotura|N28.0: Isquemia e infarto del riñón|F12.20: Dependencia de cannabis, sin complicaciones|F19.21: Dependencia de otra sustancia psicoactiva, en remisión|F17.200: Dependencia de nicotina no especificada, sin complicaciones|||||||||||||F20
C44.300: Neoplasia maligna no especificada de piel de parte no especificada de la cara||S06.0X0A: Conmoción sin pérdida de conciencia, contacto inicial|||||||||||||||||||F20
S02.0XXA: Fractura de bóveda de cráneo, contacto inicial por fractura cerrada|S22.49XA: Fracturas múltiples de costillas, lado no especificado, contacto inicial por fractura cerrada|J95.821: Insuficiencia respiratoria aguda posprocedimiento|S27.2XXA: Hemoneumotórax traumático, contacto inicial|S12.000A: Fractura no especificada, desplazada de primera vértebra cervical, contacto inicial por fractura cerrada|S32.009A: Fractura no especificada de vértebra lumbar no especificada, contacto inicial por fractura cerrada|S36.899A: Traumatismo no especificado de otros órganos intraabdominales, contacto inicial|T79.7XXA: Enfisema subcutáneo traumático, contacto inicial|M62.82: Rabdomiolisis||I10: Hipertensión esencial (primaria)|||||||||||F20
S82.031A: Fractura transversal desplazada de rótula derecha, contacto inicial por fractura cerrada|W19.XXXA: Caída no especificada, contacto inicial||||||||||||||||||||F20
|Z91.19: Incumplimiento del paciente con otro tratamiento y régimen médico|Z63.5: Ruptura familiar por separación y divorcio|||||||||||||||||||F29
J98.8: Otros trastornos respiratorios especificados|I12.9: Enfermedad renal crónica hipertensiva con enfermedad renal crónica en estadio 1 a 4 o con enfermedad renal crónica no especificada|N18.3: Enfermedad renal crónica, estadio 3 (moderada)|E78.5: Hiperlipidemia, no especificada|J45.909: Asma no especificada, sin complicaciones||E27.1: Insuficiencia suprarrenal primaria|N40.0: Hiperplasia prostática benigna sin síntomas de tracto urinario inferior|Z86.010: Historia personal de pólipos colónicos|Z87.891: Historia personal de dependencia a nicotina|F10.21: Dependencia de alcohol, en remisión|Z90.49: Ausencia adquirida de otras partes especificadas del tracto digestivo|Z59.3: Problemas relacionados con la vida en una institución residencial|Z88.0: Estado de alergia a penicilina|Z88.0: Estado de alergia a penicilina|||||||F22
M96.89: Otras complicaciones y trastornos intraoperatorios y posprocedimiento del aparato musculoesquelético|M40.295: Otras cifosis, región dorsolumbar|M84.48XA: Fractura patológica, otra localización, contacto inicial por fractura|E11.9: Diabetes mellitus tipo 2 sin complicaciones|Z79.84: Uso prolongado (actual) de medicamentos hipoglucemiantes orales|E78.5: Hiperlipidemia, no especificada||Z98.1: Estado de artrodesis||||||||||||||F25
|E11.9: Diabetes mellitus tipo 2 sin complicaciones|E78.5: Hiperlipidemia, no especificada|||||||||||||||||||F25
F25.9: Trastorno esquizoafectivo, no especificado|E11.9: Diabetes mellitus tipo 2 sin complicaciones|E78.4: Otros tipos de hiperlipidemia|Z63.5: Ruptura familiar por separación y divorcio|Z60.2: Problemas relacionados con vivir solo|||||||||||||||||F20
|G31.84: Deterioro cognitivo leve de etiología incierta o desconocida|F70: Discapacidad intelectual leve|E03.9: Hipotiroidismo, no especificado|E78.9: Trastorno del metabolismo de las lipoproteínas, no especificado|Z04.6: Contacto para reconocimiento médico psiquiátrico general, solicitado por la autoridad|Z63.5: Ruptura familiar por separación y divorcio|||||||||||||||F29
|G31.84: Deterioro cognitivo leve de etiología incierta o desconocida|F70: Discapacidad intelectual leve|E78.9: Trastorno del metabolismo de las lipoproteínas, no especificado|E03.9: Hipotiroidismo, no especificado|Z04.6: Contacto para reconocimiento médico psiquiátrico general, solicitado por la autoridad|Z63.5: Ruptura familiar por separación y divorcio|Z60.2: Problemas relacionados con vivir solo||||||||||||||F29
|E78.2: Hiperlipidemia mixta|Z91.19: Incumplimiento del paciente con otro tratamiento y régimen médico|||||||||||||||||||F22
|Z04.6: Contacto para reconocimiento médico psiquiátrico general, solicitado por la autoridad|E78.5: Hiperlipidemia, no especificada|||||||||||||||||||F22
I26.99: Otra embolia pulmonar sin cor pulmonale agudo|I82.402: Embolia y trombosis agudas de venas profundas no especificadas de extremidad inferior izquierda|N39.0: Infección de tracto urinario, localización no especificada|D64.9: Anemia, no especificada|I48.0: Fibrilación paroxística auricular|B37.0: Estomatitis candidiásica|Z88.0: Estado de alergia a penicilina|Z59.3: Problemas relacionados con la vida en una institución residencial|Z74.09: Otro tipo de movilidad reducida|R41.81: Deterioro cognitivo relacionado con la edad||Z79.02: Uso prolongado (actual) de antitrombóticos / antiplaquetarios||||||||||F29
A41.59: Sepsis por otros gram negativos|N39.0: Infección de tracto urinario, localización no especificada|A41.51: Sepsis por Escherichia coli [E. coli]|A41.02: Sepsis debida a Staphylococcus aureus resistente a meticilina|A40.8: Otras sepsis estreptocócicas|L97.419: Úlcera crónica no debida a presión de talón y mediopie derechos, de gravedad no especificada|L97.429: Úlcera crónica no debida a presión de talón y mediopie izquierdos, de gravedad no especificada|M86.151: Otro tipo de osteomielitis aguda, fémur derecho|L97.119: Úlcera crónica no debida a presión de muslo derecho, de gravedad no especificada|B96.20: Escherichia coli [E. coli] no especificado como causa de enfermedades clasificadas bajo otro concepto|B95.62: Infección por Staphylococcus aureus resistente a meticilina como causa de enfermedades clasificadas bajo otro concepto|B96.89: Otros agentes bacterianos como causa de enfermedades clasificadas bajo otro concepto|B95.4: Otros estreptococos como causa de enfermedades clasificadas bajo otro concepto|M84.454A: Fractura patológica, pelvis, contacto inicial por fractura|M84.454A: Fractura patológica, pelvis, contacto inicial por fractura|D64.9: Anemia, no especificada||I48.0: Fibrilación paroxística auricular|Z79.01: Uso prolongado (actual) de anticoagulantes|N40.0: Hiperplasia prostática benigna sin síntomas de tracto urinario inferior|Q43.3: Malformaciones congénitas de la fijación del intestino|F29
|G21.11: Parkinsonismo inducido por neurolépticos|T43.505A: Efecto adverso de antipsicóticos y neurolépticos no especificados, contacto inicial|||||||||||||||||||F21
F91.9: Trastorno de conducta, no especificado|E44.1: Malnutrición calórico-proteica leve|K56.0: Íleo paralítico|J18.9: Neumonía, microorganismo no especificado|J96.01: Insuficiencia respiratoria aguda con hipoxia||G40.909: Epilepsia, no especificada, no intratable, sin estado de mal epiléptico|R78.81: Bacteriemia|B95.7: Otros estafilococos como causa de enfermedades clasificadas bajo otro concepto|||||||||||||F29
J18.9: Neumonía, microorganismo no especificado|P91.60: Encefalopatía hipóxica isquémica [EHI] no especificada|F09: Trastorno mental no especificado debido a afección fisiológica conocida|E03.9: Hipotiroidismo, no especificado|G40.909: Epilepsia, no especificada, no intratable, sin estado de mal epiléptico|||||||||||||||||F29
J20.9: Bronquitis aguda, no especificada|J96.00: Insuficiencia respiratoria aguda no especificada si con hipoxia o con hipercapnia|E87.1: Hiposmolaridad e hiponatremia||F70: Discapacidad intelectual leve|G40.901: Epilepsia, no especificada, no intratable, con estado de mal epiléptico|R63.1: Polidipsia|||||||||||||||F20
R42: Mareo y desvanecimiento|E87.1: Hiposmolaridad e hiponatremia|F71: Discapacidad intelectual moderada||G40.309: Epilepsia y síndromes epilépticos generalizados idiopáticos, no intratables, sin estado de mal epiléptico|M96.0: Seudoartrosis después de fusión o artrodesis|Z88.1: Estado de alergia a otros antibióticos|||||||||||||||F20
S06.6X0A: Hemorragia subaracnoidea traumática sin pérdida de conciencia, contacto inicial|G93.2: Hipertensión intracraneal benigna|G40.309: Epilepsia y síndromes epilépticos generalizados idiopáticos, no intratables, sin estado de mal epiléptico|F71: Discapacidad intelectual moderada||M96.0: Seudoartrosis después de fusión o artrodesis|Z88.1: Estado de alergia a otros antibióticos|||||||||||||||F20
I50.9: Insuficiencia cardiaca, no especificada|N39.0: Infección de tracto urinario, localización no especificada|B96.20: Escherichia coli [E. coli] no especificado como causa de enfermedades clasificadas bajo otro concepto|E11.9: Diabetes mellitus tipo 2 sin complicaciones|N17.9: Fallo renal agudo, no especificado|N18.9: Enfermedad renal crónica, no especificada|I48.2: Fibrilación auricular crónica|Z79.01: Uso prolongado (actual) de anticoagulantes|G30.9: Enfermedad de Alzheimer, no especificada|R32: Incontinencia urinaria no especificada||Z59.3: Problemas relacionados con la vida en una institución residencial||||||||||F29
N39.0: Infección de tracto urinario, localización no especificada|J98.4: Otros trastornos del pulmón|B90.9: Secuelas de tuberculosis respiratoria y de tuberculosis no especificada|E11.9: Diabetes mellitus tipo 2 sin complicaciones|Z79.4: Uso prolongado (actual) de insulina||Z86.73: Historia personal de ataque isquémico transitorio (AIT) e infarto cerebral sin déficits residuales|Z79.82: Uso prolongado (actual) de aspirina|Z59.3: Problemas relacionados con la vida en una institución residencial|||||||||||||F20
F25.9: Trastorno esquizoafectivo, no especificado|F60.89: Otros tipos de trastornos específicos de personalidad|Z63.5: Ruptura familiar por separación y divorcio|||||||||||||||||||F20
|F60.89: Otros tipos de trastornos específicos de personalidad|Z63.5: Ruptura familiar por separación y divorcio|||||||||||||||||||F25
I63.9: Infarto cerebral, no especificado|E11.9: Diabetes mellitus tipo 2 sin complicaciones|I10: Hipertensión esencial (primaria)||Z87.891: Historia personal de dependencia a nicotina|Z60.2: Problemas relacionados con vivir solo||||||||||||||||F20
G31.9: Enfermedad degenerativa del sistema nervioso, no especificada|R47.01: Afasia||E78.0: Hipercolesterolemia pura|H25.9: Catarata senil, no especificada|H91.90: Pérdida de audición no especificada, oído no especificado|Z82.0: Historia familiar de epilepsia y otras enfermedades del sistema nervioso|||||||||||||||F22
|F21: Trastorno esquizotípico|Z60.2: Problemas relacionados con vivir solo|Z81.8: Historia familiar de otros trastornos mentales y del comportamiento|Z85.048: Historia personal de otra neoplasia maligna recto, unión rectosigmoidea y ano|Z90.49: Ausencia adquirida de otras partes especificadas del tracto digestivo|Z92.21: Historia personal de quimioterapia antineoplásica|||||||||||||||F29
K21.9: Enfermedad por reflujo gastroesofágico sin esofagitis|K20.9: Esofagitis, no especificada|K26.9: Úlcera duodenal, no especificada como aguda ni como crónica, sin hemorragia ni perforación|J44.9: Enfermedad pulmonar obstructiva crónica, no especificada|B18.2: Hepatitis vírica crónica tipo C|F19.21: Dependencia de otra sustancia psicoactiva, en remisión|K44.9: Hernia diafragmática sin obstrucción ni gangrena||F17.200: Dependencia de nicotina no especificada, sin complicaciones|Z59.3: Problemas relacionados con la vida en una institución residencial||||||||||||F20
J47.0: Bronquiectasias con infección aguda de vías respiratorias bajas|J98.8: Otros trastornos respiratorios especificados|J96.20: Insuficiencia respiratoria aguda y crónica no especificada si con hipoxia o con hipercapnia||F17.210: Dependencia de nicotina, cigarrillos, sin complicaciones|K44.9: Hernia diafragmática sin obstrucción ni gangrena|Z59.3: Problemas relacionados con la vida en una institución residencial|||||||||||||||F20
J44.1: Enfermedad pulmonar obstructiva crónica con exacerbación (aguda)|J96.22: Insuficiencia respiratoria aguda y crónica con hipercapnia|Z99.81: Dependencia de oxígeno suplementario|Z59.3: Problemas relacionados con la vida en una institución residencial||F17.210: Dependencia de nicotina, cigarrillos, sin complicaciones|K44.9: Hernia diafragmática sin obstrucción ni gangrena|||||||||||||||F20
J44.1: Enfermedad pulmonar obstructiva crónica con exacerbación (aguda)|J98.8: Otros trastornos respiratorios especificados|J96.11: Insuficiencia respiratoria crónica con hipoxia|J96.12: Insuficiencia respiratoria crónica con hipercapnia|Z99.81: Dependencia de oxígeno suplementario|Z59.3: Problemas relacionados con la vida en una institución residencial||F17.210: Dependencia de nicotina, cigarrillos, sin complicaciones|K44.9: Hernia diafragmática sin obstrucción ni gangrena|B18.2: Hepatitis vírica crónica tipo C|Z88.8: Estado de alergia a otros fármacos, medicamentos y sustancias biológicas|||||||||||F20
J44.1: Enfermedad pulmonar obstructiva crónica con exacerbación (aguda)|J98.8: Otros trastornos respiratorios especificados|J96.21: Insuficiencia respiratoria aguda y crónica con hipoxia|J96.22: Insuficiencia respiratoria aguda y crónica con hipercapnia|R73.9: Hiperglucemia, no especificada|Z99.81: Dependencia de oxígeno suplementario|Z59.3: Problemas relacionados con la vida en una institución residencial||F17.210: Dependencia de nicotina, cigarrillos, sin complicaciones|K44.9: Hernia diafragmática sin obstrucción ni gangrena|B18.2: Hepatitis vírica crónica tipo C|Z88.8: Estado de alergia a otros fármacos, medicamentos y sustancias biológicas|Z79.52: Uso prolongado (actual) de esteroides sistémicos|Z79.51: Uso prolongado (actual) de esteroides inhalados|Z79.51: Uso prolongado (actual) de esteroides inhalados|||||||F20
|G24.8: Otras distonías|F12.10: Abuso de cannabis, sin complicaciones|F10.10: Abuso de alcohol, sin complicaciones|Z81.8: Historia familiar de otros trastornos mentales y del comportamiento|||||||||||||||||F25
F01.50: Demencia vascular, gravedad no especificada, sin alteración del comportamiento, alteración psicótica, alteración del estado de ánimo ni ansiedad||I10: Hipertensión esencial (primaria)|M19.90: Artrosis no especificada, localización no especificada|Z85.46: Historia personal de neoplasia maligna de próstata|Z87.440: Historia personal de infecciones del tracto urinario||||||||||||||||F20
S82.209A: Fractura no especificada de diáfisis de tibia no especificada, contacto inicial por fractura cerrada||Z86.72: Historia personal de tromboflebitis|||||||||||||||||||F20
N84.0: Pólipo del cuerpo uterino||E78.0: Hipercolesterolemia pura|E66.9: Obesidad, no especificada||||||||||||||||||F20
|F70: Discapacidad intelectual leve|G80.9: Parálisis cerebral, no especificada|||||||||||||||||||F25
F25.9: Trastorno esquizoafectivo, no especificado|F79: Discapacidad intelectual no especificada|G80.9: Parálisis cerebral, no especificada|||||||||||||||||||F20
D50.9: Anemia ferropénica, no especificada|K29.40: Gastritis crónica atrófica sin hemorragia|B96.81: Helicobacter pylori [H. pylori] como causa de enfermedades clasificadas bajo otro concepto|K44.9: Hernia diafragmática sin obstrucción ni gangrena|K57.30: Diverticulosis de colon sin perforación ni absceso, sin hemorragia|I10: Hipertensión esencial (primaria)|F25.9: Trastorno esquizoafectivo, no especificado|Z87.891: Historia personal de dependencia a nicotina||||||||||||||F20
|Z85.3: Historia personal de neoplasia maligna de mama||||||||||||||||||||F25
F25.9: Trastorno esquizoafectivo, no especificado|F18.10: Abuso de inhalantes, sin complicaciones|Z04.6: Contacto para reconocimiento médico psiquiátrico general, solicitado por la autoridad|Z60.2: Problemas relacionados con vivir solo|Z62.891: Rivalidad entre hermanos|Z63.5: Ruptura familiar por separación y divorcio||||||||||||||||F20
C25.0: Neoplasia maligna de cabeza de páncreas|C78.7: Neoplasia maligna secundaria de hígado y vías biliares intrahepáticas|C78.6: Neoplasia maligna secundaria de retroperitoneo y peritoneo|C78.00: Neoplasia maligna secundaria de pulmón no especificado|J98.01: Broncoespasmo agudo|J90: Derrame pleural, no clasificable bajo otro concepto|K44.9: Hernia diafragmática sin obstrucción ni gangrena|R18.8: Otros tipos de ascitis||||||||||||||F20
I63.40: Infarto cerebral debido a embolia de arteria cerebral no especificada|D68.311: Hemofilia adquirida|R47.01: Afasia|R20.0: Anestesia cutánea|I25.9: Enfermedad isquémica crónica cardiaca, no especificada|E11.9: Diabetes mellitus tipo 2 sin complicaciones|I10: Hipertensión esencial (primaria)|E78.4: Otros tipos de hiperlipidemia||Z95.2: Presencia de válvula cardiaca protésica|Z87.891: Historia personal de dependencia a nicotina|Z79.01: Uso prolongado (actual) de anticoagulantes||||||||||F20
I20.0: Angina inestable|I10: Hipertensión esencial (primaria)|E11.9: Diabetes mellitus tipo 2 sin complicaciones||N40.0: Hiperplasia prostática benigna sin síntomas de tracto urinario inferior|Z95.2: Presencia de válvula cardiaca protésica|Z86.73: Historia personal de ataque isquémico transitorio (AIT) e infarto cerebral sin déficits residuales|Z79.01: Uso prolongado (actual) de anticoagulantes|Z79.82: Uso prolongado (actual) de aspirina|Z87.891: Historia personal de dependencia a nicotina||||||||||||F20
C43.60: Melanoma maligno de extremidad superior no especificada, incluyendo hombro|J43.9: Enfisema, no especificado|F25.9: Trastorno esquizoafectivo, no especificado|||||||||||||||||||F20
|Z86.718: Historia personal de otro tipo de trombosis y embolia venosas|Z79.01: Uso prolongado (actual) de anticoagulantes|Z04.6: Contacto para reconocimiento médico psiquiátrico general, solicitado por la autoridad||||||||||||||||||F22
N17.9: Fallo renal agudo, no especificado|T50.2X5A: Efecto adverso de inhibidores de la anhidrasa carbónica, benzotiadiacidas y otros diuréticos, contacto inicial|T46.5X5A: Efecto adverso de otros fármacos antihipertensivos, contacto inicial|T49.0X5A: Efecto adverso de antifúngicos, antiinfecciosos y antiinflamatorios locales, contacto inicial|I10: Hipertensión esencial (primaria)|||||||||||||||||F20
|R45.851: Ideaciones suicidas|Z63.5: Ruptura familiar por separación y divorcio|||||||||||||||||||F20
|E22.8: Otros tipos de hiperfunción de hipófisis|Z91.19: Incumplimiento del paciente con otro tratamiento y régimen médico|Z81.8: Historia familiar de otros trastornos mentales y del comportamiento||||||||||||||||||F23
S22.009A: Fractura no especificada de vértebra dorsal no especificada, contacto inicial por fractura cerrada|F32.9: Trastorno depresivo mayor, episodio único, no especificado||F21: Trastorno esquizotípico|Z81.8: Historia familiar de otros trastornos mentales y del comportamiento|Z74.2: Necesidad de asistencia en el hogar sin otro miembro de la familia que pueda prestar cuidados|Z63.9: Problema relacionado con el grupo de apoyo primario, no especificado|Z65.8: Otros problemas especificados relacionados con circunstancias psicosociales||||||||||||||F20
|F21: Trastorno esquizotípico|Z91.19: Incumplimiento del paciente con otro tratamiento y régimen médico|Z04.6: Contacto para reconocimiento médico psiquiátrico general, solicitado por la autoridad|Z81.8: Historia familiar de otros trastornos mentales y del comportamiento|Z74.2: Necesidad de asistencia en el hogar sin otro miembro de la familia que pueda prestar cuidados|Z63.9: Problema relacionado con el grupo de apoyo primario, no especificado|||||||||||||||F20
|E78.5: Hiperlipidemia, no especificada|M45.9: Espondilitis anquilosante de localizaciones no especificadas de la columna vertebral|||||||||||||||||||F25
C73: Neoplasia maligna de glándula tiroides|I10: Hipertensión esencial (primaria)||||||||||||||||||||F20
|E78.5: Hiperlipidemia, no especificada|E88.81: Síndrome metabólico|||||||||||||||||||F20
|F70: Discapacidad intelectual leve|H90.5: Pérdida auditiva neurosensorial no especificada|E78.4: Otros tipos de hiperlipidemia|Z81.8: Historia familiar de otros trastornos mentales y del comportamiento|Z88.6: Estado de alergia a analgésico||||||||||||||||F22
K80.01: Cálculo de vesícula biliar con colecistitis aguda con obstrucción|N17.9: Fallo renal agudo, no especificado|I12.9: Enfermedad renal crónica hipertensiva con enfermedad renal crónica en estadio 1 a 4 o con enfermedad renal crónica no especificada|N18.9: Enfermedad renal crónica, no especificada||E11.9: Diabetes mellitus tipo 2 sin complicaciones|I48.91: Fibrilación auricular no especificada|Z79.01: Uso prolongado (actual) de anticoagulantes|Z79.02: Uso prolongado (actual) de antitrombóticos / antiplaquetarios|||||||||||||F23
J96.92: Insuficiencia respiratoria no especificada, con hipercapnia|E66.2: Obesidad mórbida (severa) con hipoventilación alveolar|J98.8: Otros trastornos respiratorios especificados|I50.9: Insuficiencia cardiaca, no especificada|I10: Hipertensión esencial (primaria)|E11.65: Diabetes mellitus tipo 2 con hiperglucemia|Z79.4: Uso prolongado (actual) de insulina|F10.20: Dependencia de alcohol, sin complicaciones|K76.0: Hígado graso (degeneración grasa) de hígado, no clasificado bajo otro concepto|E78.5: Hiperlipidemia, no especificada|E79.0: Hiperuricemia sin signos de artritis inflamatoria y enfermedad tofácea||G93.89: Otros trastornos especificados del cerebro|||||||||F22
F25.9: Trastorno esquizoafectivo, no especificado|F07.0: Alteración de personalidad debida a afección fisiológica conocida|Z91.89: Otros factores específicos de riesgo personal, no clasificados bajo otro concepto|F17.200: Dependencia de nicotina no especificada, sin complicaciones|Z91.19: Incumplimiento del paciente con otro tratamiento y régimen médico|Z81.8: Historia familiar de otros trastornos mentales y del comportamiento|Z63.72: Alcoholismo y drogadicción en la familia|||||||||||||||F20
F25.9: Trastorno esquizoafectivo, no especificado|F07.0: Alteración de personalidad debida a afección fisiológica conocida|F10.10: Abuso de alcohol, sin complicaciones|Z91.19: Incumplimiento del paciente con otro tratamiento y régimen médico|Z81.8: Historia familiar de otros trastornos mentales y del comportamiento|Z63.72: Alcoholismo y drogadicción en la familia|Z91.89: Otros factores específicos de riesgo personal, no clasificados bajo otro concepto|||||||||||||||F20
S72.102A: Fractura de trocánter no especificado de fémur izquierdo, contacto inicial por fractura cerrada|W19.XXXA: Caída no especificada, contacto inicial|I12.9: Enfermedad renal crónica hipertensiva con enfermedad renal crónica en estadio 1 a 4 o con enfermedad renal crónica no especificada|N18.9: Enfermedad renal crónica, no especificada|E78.5: Hiperlipidemia, no especificada|F03.90: Demencia no especificada, gravedad no especificada, sin alteración del comportamiento, alteración psicótica, alteración del estado de ánimo ni ansiedad|F32.9: Trastorno depresivo mayor, episodio único, no especificado||Z95.828: Presencia de otros implantes e injertos vasculares|Z85.820: Historia personal de melanoma maligno de piel||||||||||||F22
|F12.10: Abuso de cannabis, sin complicaciones|Z04.6: Contacto para reconocimiento médico psiquiátrico general, solicitado por la autoridad|Z91.19: Incumplimiento del paciente con otro tratamiento y régimen médico||||||||||||||||||F20
|F14.90: Consumo de cocaína no especificado sin complicaciones||||||||||||||||||||F25
|F14.10: Abuso de cocaína, sin complicaciones||||||||||||||||||||F25
C54.1: Neoplasia maligna de endometrio|D25.9: Leiomioma de útero, no especificado|I10: Hipertensión esencial (primaria)|I25.2: Infarto de miocardio antiguo|I25.9: Enfermedad isquémica crónica cardiaca, no especificada|Z95.5: Presencia de angioplastia, injertos y prótesis coronarios||Z79.82: Uso prolongado (actual) de aspirina||||||||||||||F23
K40.90: Hernia inguinal unilateral, sin obstrucción ni gangrena, no especificada como recidivada|I10: Hipertensión esencial (primaria)||||||||||||||||||||F20
F29: Psicosis no especificada no debida a sustancia o afección fisiológica conocidas|F91.9: Trastorno de conducta, no especificado||F41.9: Trastorno de ansiedad, no especificado|Z3A.37: 37 semanas de gestación|||||||||||||||||F22
J44.1: Enfermedad pulmonar obstructiva crónica con exacerbación (aguda)|J98.8: Otros trastornos respiratorios especificados|E11.22: Diabetes mellitus tipo 2 con nefropatía diabética crónica|Z79.84: Uso prolongado (actual) de medicamentos hipoglucemiantes orales|N17.9: Fallo renal agudo, no especificado|N18.3: Enfermedad renal crónica, estadio 3 (moderada)|I50.9: Insuficiencia cardiaca, no especificada|J90: Derrame pleural, no clasificable bajo otro concepto|F91.9: Trastorno de conducta, no especificado||F10.97: Consumo de alcohol no especificado, con demencia persistente inducida por alcohol|J62.8: Neumoconiosis debida a otro tipo de polvo que contiene sílice|E79.0: Hiperuricemia sin signos de artritis inflamatoria y enfermedad tofácea|E78.5: Hiperlipidemia, no especificada|E78.5: Hiperlipidemia, no especificada|Z59.3: Problemas relacionados con la vida en una institución residencial|Z99.81: Dependencia de oxígeno suplementario|||||F20
J44.1: Enfermedad pulmonar obstructiva crónica con exacerbación (aguda)|J98.8: Otros trastornos respiratorios especificados|E11.22: Diabetes mellitus tipo 2 con nefropatía diabética crónica|N18.9: Enfermedad renal crónica, no especificada|E78.5: Hiperlipidemia, no especificada|E79.0: Hiperuricemia sin signos de artritis inflamatoria y enfermedad tofácea|J96.10: Insuficiencia respiratoria crónica no especificada si con hipoxia o con hipercapnia|Z99.81: Dependencia de oxígeno suplementario|J64: Neumoconiosis no especificada|F10.97: Consumo de alcohol no especificado, con demencia persistente inducida por alcohol||Z79.84: Uso prolongado (actual) de medicamentos hipoglucemiantes orales|Z59.3: Problemas relacionados con la vida en una institución residencial|||||||||F20
G93.49: Otros tipos de encefalopatía|J44.0: Enfermedad pulmonar obstructiva crónica con infección (aguda) de las vías respiratorias inferiores|J22: Infección aguda del tracto respiratorio inferior, no especificada|E87.2: Acidosis|J96.02: Insuficiencia respiratoria aguda con hipercapnia|I27.81: Cor pulmonale (crónico)|Z99.81: Dependencia de oxígeno suplementario|Z99.89: Dependencia de otras máquinas y dispositivos de apoyo|F17.210: Dependencia de nicotina, cigarrillos, sin complicaciones||E03.9: Hipotiroidismo, no especificado|M41.82: Otras formas de escoliosis, región cervical|M48.56XA: Vértebra colapsada, no clasificada bajo otro concepto, región lumbar, contacto inicial por fractura|Z96.641: Presencia de articulación de cadera derecha artificial|Z96.641: Presencia de articulación de cadera derecha artificial|||||||F29
S82.201C: Fractura no especificada de diáfisis de tibia derecha, contacto inicial por fractura abierta tipo IIIA, IIIB o IIIC|S82.401C: Fractura no especificada de diáfisis de peroné derecho, contacto inicial por fractura abierta tipo IIIA, IIIB o IIIC|W19.XXXA: Caída no especificada, contacto inicial|I27.81: Cor pulmonale (crónico)|F17.210: Dependencia de nicotina, cigarrillos, sin complicaciones|F60.89: Otros tipos de trastornos específicos de personalidad||Z96.641: Presencia de articulación de cadera derecha artificial||||||||||||||F29
S82.201C: Fractura no especificada de diáfisis de tibia derecha, contacto inicial por fractura abierta tipo IIIA, IIIB o IIIC|S82.401C: Fractura no especificada de diáfisis de peroné derecho, contacto inicial por fractura abierta tipo IIIA, IIIB o IIIC|W19.XXXA: Caída no especificada, contacto inicial|I27.81: Cor pulmonale (crónico)|G93.41: Encefalopatía metabólica|F60.89: Otros tipos de trastornos específicos de personalidad||F17.210: Dependencia de nicotina, cigarrillos, sin complicaciones|Z96.641: Presencia de articulación de cadera derecha artificial|||||||||||||F29
F22: Trastornos delirantes||M47.892: Otros tipos de espondilosis, región cervical|M65.331: Dedo en gatillo, dedo medio derecho|M65.332: Dedo en gatillo, dedo medio izquierdo|Z81.8: Historia familiar de otros trastornos mentales y del comportamiento||||||||||||||||F21
|I42.1: Miocardiopatía hipertrófica obstructiva|I10: Hipertensión esencial (primaria)|E78.0: Hipercolesterolemia pura|E11.9: Diabetes mellitus tipo 2 sin complicaciones|Z86.011: Historia personal de neoplasia benigna de cerebro|I67.2: Aterosclerosis cerebral|Z04.6: Contacto para reconocimiento médico psiquiátrico general, solicitado por la autoridad|Z86.711: Historia personal de embolia pulmonar|||||||||||||F23
T42.4X1A: Envenenamiento por benzodiacepinas, accidental (no intencionado), contacto inicial|R40.20: Coma no especificado||F50.2: Bulimia nerviosa|F17.200: Dependencia de nicotina no especificada, sin complicaciones|||||||||||||||||F20
S42.211A: Fractura no especificada desplazada del cuello quirúrgico de húmero derecho, contacto inicial por fractura cerrada|W19.XXXA: Caída no especificada, contacto inicial|F32.9: Trastorno depresivo mayor, episodio único, no especificado|G35: Esclerosis múltiple||Z86.018: Historia personal de otro tipo de neoplasia benigna|Z96.1: Presencia de lente intraocular|||||||||||||||F29
S72.099A: Otra fractura de cabeza y cuello de fémur no especificado, contacto inicial por fractura cerrada||Z90.710: Ausencia adquirida de ambos, de cuello uterino y de útero|||||||||||||||||||F20
D50.9: Anemia ferropénica, no especificada|K29.40: Gastritis crónica atrófica sin hemorragia|B96.81: Helicobacter pylori [H. pylori] como causa de enfermedades clasificadas bajo otro concepto|G21.11: Parkinsonismo inducido por neurolépticos||F60.9: Trastorno de personalidad, no especificado|M81.0: Osteoporosis relacionada con la edad, sin fractura patológica actual|Z96.649: Presencia de articulación de cadera artificial, no especificada|Z87.81: Historia personal de fractura (consolidada) traumática|||||||||||||F20
K57.30: Diverticulosis de colon sin perforación ni absceso, sin hemorragia|K57.80: Diverticulitis de intestino, parte no especificada, con perforación y absceso, sin hemorragia|K35.80: Apendicitis aguda no especificada||F17.210: Dependencia de nicotina, cigarrillos, sin complicaciones|||||||||||||||||F25
Z43.3: Contacto para cuidados de colostomía|K43.2: Hernia incisional sin obstrucción ni gangrena||||||||||||||||||||F25
|H91.93: Pérdida de audición no especificada, bilateral||||||||||||||||||||F22
F44.9: Trastorno disociativo y de conversión, no especificado|F60.4: Trastorno de personalidad histriónica||Z81.8: Historia familiar de otros trastornos mentales y del comportamiento||||||||||||||||||F22
|F31.9: Trastorno bipolar, no especificado|E78.5: Hiperlipidemia, no especificada|F19.10: Abuso de otra sustancia psicoactiva, sin complicaciones|F10.10: Abuso de alcohol, sin complicaciones|F17.200: Dependencia de nicotina no especificada, sin complicaciones||||||||||||||||F29
|Z04.6: Contacto para reconocimiento médico psiquiátrico general, solicitado por la autoridad|Z60.2: Problemas relacionados con vivir solo|||||||||||||||||||F23
|F70: Discapacidad intelectual leve|J45.909: Asma no especificada, sin complicaciones|G40.901: Epilepsia, no especificada, no intratable, con estado de mal epiléptico|Z91.19: Incumplimiento del paciente con otro tratamiento y régimen médico|Z77.9: Otro contacto y (sospecha de) exposición peligrosa para la salud|Z04.6: Contacto para reconocimiento médico psiquiátrico general, solicitado por la autoridad|Z81.8: Historia familiar de otros trastornos mentales y del comportamiento||||||||||||||F20
|F60.3: Trastorno límite de personalidad|Z91.19: Incumplimiento del paciente con otro tratamiento y régimen médico|Z81.8: Historia familiar de otros trastornos mentales y del comportamiento||||||||||||||||||F20
N40.1: Hiperplasia prostática benigna con síntomas de tracto urinario inferior|N13.9: Uropatía obstructiva y por reflujo, no especificada|R33.9: Retención urinaria, no especificada|N17.9: Fallo renal agudo, no especificado||||||||||||||||||F20
|I67.2: Aterosclerosis cerebral|H91.90: Pérdida de audición no especificada, oído no especificado|||||||||||||||||||F22
D27.0: Neoplasia benigna de ovario derecho|D27.1: Neoplasia benigna de ovario izquierdo||Z90.49: Ausencia adquirida de otras partes especificadas del tracto digestivo||||||||||||||||||F20
J18.9: Neumonía, microorganismo no especificado|G93.40: Encefalopatía, no especificada|J96.20: Insuficiencia respiratoria aguda y crónica no especificada si con hipoxia o con hipercapnia|Z99.81: Dependencia de oxígeno suplementario|J44.9: Enfermedad pulmonar obstructiva crónica, no especificada|F17.200: Dependencia de nicotina no especificada, sin complicaciones||F17.200: Dependencia de nicotina no especificada, sin complicaciones||||||||||||||F20
J44.1: Enfermedad pulmonar obstructiva crónica con exacerbación (aguda)|J96.20: Insuficiencia respiratoria aguda y crónica no especificada si con hipoxia o con hipercapnia|J98.8: Otros trastornos respiratorios especificados|Z99.81: Dependencia de oxígeno suplementario|G93.40: Encefalopatía, no especificada|C34.30: Neoplasia maligna de lóbulo inferior, bronquio o pulmón no especificados|C77.1: Neoplasia maligna secundaria y no especificada de ganglios linfáticos intratorácicos||F17.200: Dependencia de nicotina no especificada, sin complicaciones|||||||||||||F20
J44.1: Enfermedad pulmonar obstructiva crónica con exacerbación (aguda)|J96.20: Insuficiencia respiratoria aguda y crónica no especificada si con hipoxia o con hipercapnia|C34.30: Neoplasia maligna de lóbulo inferior, bronquio o pulmón no especificados|C77.1: Neoplasia maligna secundaria y no especificada de ganglios linfáticos intratorácicos||||||||||||||||||F20
J44.1: Enfermedad pulmonar obstructiva crónica con exacerbación (aguda)|J96.20: Insuficiencia respiratoria aguda y crónica no especificada si con hipoxia o con hipercapnia|Z99.81: Dependencia de oxígeno suplementario|C34.30: Neoplasia maligna de lóbulo inferior, bronquio o pulmón no especificados|C77.1: Neoplasia maligna secundaria y no especificada de ganglios linfáticos intratorácicos||F17.200: Dependencia de nicotina no especificada, sin complicaciones|E66.9: Obesidad, no especificada||||||||||||||F20
|F60.1: Trastorno esquizoide de personalidad||G40.901: Epilepsia, no especificada, no intratable, con estado de mal epiléptico|E78.0: Hipercolesterolemia pura|L25.9: Dermatitis de contacto no especificada, causa no especificada|H20.9: Iridociclitis no especificada|Z81.8: Historia familiar de otros trastornos mentales y del comportamiento|Z04.6: Contacto para reconocimiento médico psiquiátrico general, solicitado por la autoridad|||||||||||||F29
F33.9: Trastorno depresivo mayor, recurrente, no especificado|||G40.901: Epilepsia, no especificada, no intratable, con estado de mal epiléptico|E78.0: Hipercolesterolemia pura|R45.851: Ideaciones suicidas|Z81.8: Historia familiar de otros trastornos mentales y del comportamiento|Z88.8: Estado de alergia a otros fármacos, medicamentos y sustancias biológicas|H20.9: Iridociclitis no especificada|||||||||||||F60.1
A41.9: Sepsis, microorganismo no especificado|N39.0: Infección de tracto urinario, localización no especificada|B96.4: Proteus (mirabilis) (morganii) como causa de enfermedades clasificadas bajo otro concepto|R31.9: Hematuria, no especificada|I11.0: Enfermedad cardíaca hipertensiva con insuficiencia cardiaca|I50.9: Insuficiencia cardiaca, no especificada|I48.91: Fibrilación auricular no especificada|Z79.01: Uso prolongado (actual) de anticoagulantes||Z96.0: Presencia de implantes urogenitales||||||||||||F20
G40.409: Epilepsia y otros síndromes epilépticos generalizados, no intratables, sin estado de mal epiléptico|G93.40: Encefalopatía, no especificada|I10: Hipertensión esencial (primaria)|I48.91: Fibrilación auricular no especificada||Z74.09: Otro tipo de movilidad reducida|Z74.3: Necesidad de supervisión continua|Z59.3: Problemas relacionados con la vida en una institución residencial||||||||||||||F20
K40.20: Hernia inguinal bilateral, sin obstrucción ni gangrena, no especificada como recidivada|I10: Hipertensión esencial (primaria)|I48.91: Fibrilación auricular no especificada|||||||||||||||||||F20
E15: Coma hipoglucémico no diabético||E10.9: Diabetes mellitus tipo 1 sin complicaciones|Z79.4: Uso prolongado (actual) de insulina|E66.9: Obesidad, no especificada|F17.200: Dependencia de nicotina no especificada, sin complicaciones||||||||||||||||F20
E15: Coma hipoglucémico no diabético||F17.200: Dependencia de nicotina no especificada, sin complicaciones|||||||||||||||||||F20
E15: Coma hipoglucémico no diabético|J96.00: Insuficiencia respiratoria aguda no especificada si con hipoxia o con hipercapnia|E10.9: Diabetes mellitus tipo 1 sin complicaciones|Z79.4: Uso prolongado (actual) de insulina||Z87.81: Historia personal de fractura (consolidada) traumática||||||||||||||||F20
T38.3X1A: Envenenamiento por insulina y fármacos hipoglucemiantes [antidiabéticos] orales, accidental (no intencionado), contacto inicial|J96.00: Insuficiencia respiratoria aguda no especificada si con hipoxia o con hipercapnia|T17.900A: Cuerpo extraño no especificado en vías respiratorias, parte no especificada, que produce asfixia, contacto inicial||E10.9: Diabetes mellitus tipo 1 sin complicaciones|Z79.4: Uso prolongado (actual) de insulina|F17.200: Dependencia de nicotina no especificada, sin complicaciones|||||||||||||||F20
T43.501A: Envenenamiento por antipsicóticos y neurolépticos no especificados, accidental (no intencionado), contacto inicial|G40.309: Epilepsia y síndromes epilépticos generalizados idiopáticos, no intratables, sin estado de mal epiléptico|I10: Hipertensión esencial (primaria)|E10.8: Diabetes mellitus tipo 1 con complicaciones no especificadas|Z79.4: Uso prolongado (actual) de insulina||E66.9: Obesidad, no especificada|F17.200: Dependencia de nicotina no especificada, sin complicaciones||||||||||||||F20
J98.8: Otros trastornos respiratorios especificados|I50.9: Insuficiencia cardiaca, no especificada|R09.02: Hipoxemia||Z59.3: Problemas relacionados con la vida en una institución residencial|||||||||||||||||F20
|Z81.8: Historia familiar de otros trastornos mentales y del comportamiento||||||||||||||||||||F25
F25.9: Trastorno esquizoafectivo, no especificado|F60.89: Otros tipos de trastornos específicos de personalidad|Z81.8: Historia familiar de otros trastornos mentales y del comportamiento|||||||||||||||||||F20
Z45.010: Contacto para inspección y examen del generador de pulso de marcapasos cardiaco [batería]||Z87.11: Historia personal de enfermedad ulcerosa péptica|||||||||||||||||||F20
R51: Cefalea|G97.1: Otra reacción a punción espinal y lumbar|Y84.8: Otros procedimientos médicos como causa de reacción anormal del paciente o de complicación posterior, sin mención de evento adverso en el momento del procedimiento||F17.210: Dependencia de nicotina, cigarrillos, sin complicaciones|||||||||||||||||F29
|F12.20: Dependencia de cannabis, sin complicaciones|F10.20: Dependencia de alcohol, sin complicaciones|||||||||||||||||||F29
|G31.84: Deterioro cognitivo leve de etiología incierta o desconocida|Z60.2: Problemas relacionados con vivir solo|Z91.19: Incumplimiento del paciente con otro tratamiento y régimen médico|Z85.038: Historia personal de otra neoplasia maligna de intestino grueso|Z90.49: Ausencia adquirida de otras partes especificadas del tracto digestivo|Z92.21: Historia personal de quimioterapia antineoplásica|Z82.0: Historia familiar de epilepsia y otras enfermedades del sistema nervioso||||||||||||||F22
C92.00: Leucemia mieloblástica aguda, sin haber alcanzado remisión|I48.91: Fibrilación auricular no especificada|R78.81: Bacteriemia|B96.5: Pseudomonas (aeruginosa) (mallei) (pseudomallei) como causa de enfermedades clasificadas bajo otro concepto||L03.121: Linfangitis aguda de axila derecha|E41: Marasmo nutricional|||||||||||||||F20
T86.40: Complicación no especificada de trasplante de hígado|B18.2: Hepatitis vírica crónica tipo C|R74.0: Elevación inespecífica de niveles de transaminasas y lactato deshidrogenasa [LDH]|Z85.05: Historia personal de neoplasia maligna de hígado|E11.618: Diabetes mellitus tipo 2 con otra artropatía diabética|F17.200: Dependencia de nicotina no especificada, sin complicaciones||||||||||||||||F20
T86.40: Complicación no especificada de trasplante de hígado|B18.2: Hepatitis vírica crónica tipo C|Z85.05: Historia personal de neoplasia maligna de hígado|E11.9: Diabetes mellitus tipo 2 sin complicaciones|F17.200: Dependencia de nicotina no especificada, sin complicaciones|||||||||||||||||F20
|S61.509A: Herida abierta no especificada de muñeca no especificada, contacto inicial|G56.10: Otras lesiones del nervio mediano, extremidad superior no especificada|Z59.3: Problemas relacionados con la vida en una institución residencial||||||||||||||||||F20
I30.9: Pericarditis aguda, no especificada|F25.9: Trastorno esquizoafectivo, no especificado||||||||||||||||||||F20
|F12.10: Abuso de cannabis, sin complicaciones|Z04.6: Contacto para reconocimiento médico psiquiátrico general, solicitado por la autoridad|Z60.2: Problemas relacionados con vivir solo||||||||||||||||||F20
|F21: Trastorno esquizotípico|F12.20: Dependencia de cannabis, sin complicaciones|D68.2: Déficits hereditarios de otros factores de la coagulación|Z88.8: Estado de alergia a otros fármacos, medicamentos y sustancias biológicas|Z81.8: Historia familiar de otros trastornos mentales y del comportamiento||||||||||||||||F20
|F21: Trastorno esquizotípico|Z04.6: Contacto para reconocimiento médico psiquiátrico general, solicitado por la autoridad|Z81.8: Historia familiar de otros trastornos mentales y del comportamiento|Z56.0: Desempleo, no especificado|Z88.6: Estado de alergia a analgésico|D68.2: Déficits hereditarios de otros factores de la coagulación|||||||||||||||F29
|I67.1: Aneurisma cerebral, no roto|Z85.038: Historia personal de otra neoplasia maligna de intestino grueso|Z90.49: Ausencia adquirida de otras partes especificadas del tracto digestivo|Z92.21: Historia personal de quimioterapia antineoplásica|I10: Hipertensión esencial (primaria)||||||||||||||||F23
D70.1: Agranulocitosis secundaria a quimioterapia antineoplásica|R50.81: Fiebre asociada a afecciones clasificadas bajo otro concepto|C90.00: Mieloma múltiple, sin haber alcanzado remisión|G40.101: Epilepsia (focal) (parcial) sintomática relacionada con la localización y síndromes epilépticos con crisis parciales simples, no intratable, con estado de mal epiléptico||Z86.19: Historia personal de otras enfermedades infecciosas y parasitarias||||||||||||||||F20
Q43.4: Duplicación del intestino|C90.00: Mieloma múltiple, sin haber alcanzado remisión|G40.101: Epilepsia (focal) (parcial) sintomática relacionada con la localización y síndromes epilépticos con crisis parciales simples, no intratable, con estado de mal epiléptico|G93.81: Esclerosis temporal||R16.1: Esplenomegalia, no clasificada bajo otro concepto|M81.0: Osteoporosis relacionada con la edad, sin fractura patológica actual|M48.50XA: Vértebra colapsada, no clasificada bajo otro concepto, localización no especificada, contacto inicial por fractura|D50.9: Anemia ferropénica, no especificada|||||||||||||F20
J44.1: Enfermedad pulmonar obstructiva crónica con exacerbación (aguda)|J98.8: Otros trastornos respiratorios especificados|F05: Delirio debido a afección fisiológica conocida|R74.0: Elevación inespecífica de niveles de transaminasas y lactato deshidrogenasa [LDH]|G35: Esclerosis múltiple|G82.50: Tetraplejia, no especificada|G40.901: Epilepsia, no especificada, no intratable, con estado de mal epiléptico|K80.20: Cálculo de vesícula biliar sin colecistitis sin obstrucción||F31.9: Trastorno bipolar, no especificado|Z81.8: Historia familiar de otros trastornos mentales y del comportamiento|F10.10: Abuso de alcohol, sin complicaciones|F17.200: Dependencia de nicotina no especificada, sin complicaciones|R16.1: Esplenomegalia, no clasificada bajo otro concepto|R16.1: Esplenomegalia, no clasificada bajo otro concepto|||||||F20
I30.9: Pericarditis aguda, no especificada|J96.00: Insuficiencia respiratoria aguda no especificada si con hipoxia o con hipercapnia|I31.4: Taponamiento cardiaco|R57.0: Shock cardiogénico|C34.90: Neoplasia maligna de parte no especificada, bronquio o pulmón no especificados|J98.8: Otros trastornos respiratorios especificados|G35: Esclerosis múltiple|G82.50: Tetraplejia, no especificada|J44.9: Enfermedad pulmonar obstructiva crónica, no especificada|G56.20: Lesión de nervio cubital, extremidad superior no especificada|F31.9: Trastorno bipolar, no especificado||F17.200: Dependencia de nicotina no especificada, sin complicaciones|F10.10: Abuso de alcohol, sin complicaciones|F10.10: Abuso de alcohol, sin complicaciones|||||||F20
F25.9: Trastorno esquizoafectivo, no especificado|Z59.5: Pobreza extrema|Z60.2: Problemas relacionados con vivir solo|Z59.9: Problema relacionado con la vivienda y circunstancias económicas, no especificadas|Z63.8: Otros problemas especificados relacionados con el grupo de apoyo primario|Z63.79: Otros acontecimientos de la vida que generan estrés en la familia y el hogar|Z63.9: Problema relacionado con el grupo de apoyo primario, no especificado|Z60.3: Dificultades por aculturación|Z65.8: Otros problemas especificados relacionados con circunstancias psicosociales|||||||||||||F20
F25.9: Trastorno esquizoafectivo, no especificado|F60.9: Trastorno de personalidad, no especificado|B18.2: Hepatitis vírica crónica tipo C|F12.10: Abuso de cannabis, sin complicaciones|Z63.72: Alcoholismo y drogadicción en la familia|Z04.6: Contacto para reconocimiento médico psiquiátrico general, solicitado por la autoridad|Z91.19: Incumplimiento del paciente con otro tratamiento y régimen médico|Z59.8: Otros problemas relacionados con la vivienda y circunstancias económicas||||||||||||||F20
F14.20: Dependencia de cocaína, sin complicaciones|F12.20: Dependencia de cannabis, sin complicaciones|F13.10: Abuso de sedantes, hipnóticos o ansiolíticos, sin complicaciones||F60.89: Otros tipos de trastornos específicos de personalidad|Z91.19: Incumplimiento del paciente con otro tratamiento y régimen médico|B18.2: Hepatitis vírica crónica tipo C|||||||||||||||F25
|F60.9: Trastorno de personalidad, no especificado|F14.20: Dependencia de cocaína, sin complicaciones|F12.20: Dependencia de cannabis, sin complicaciones||||||||||||||||||F25
J18.9: Neumonía, microorganismo no especificado|J96.00: Insuficiencia respiratoria aguda no especificada si con hipoxia o con hipercapnia|E11.8: Diabetes mellitus tipo 2 con complicaciones no especificadas|Z79.4: Uso prolongado (actual) de insulina||Z59.3: Problemas relacionados con la vida en una institución residencial|Z87.891: Historia personal de dependencia a nicotina|||||||||||||||F20
L03.119: Celulitis de parte no especificada de las extremidades|R78.81: Bacteriemia|B95.4: Otros estreptococos como causa de enfermedades clasificadas bajo otro concepto|I34.0: Insuficiencia (de la válvula) mitral no reumática|E11.9: Diabetes mellitus tipo 2 sin complicaciones|Z79.4: Uso prolongado (actual) de insulina||Z87.891: Historia personal de dependencia a nicotina||||||||||||||F20
K35.3: Apendicitis aguda con peritonitis localizada|I10: Hipertensión esencial (primaria)|E66.9: Obesidad, no especificada|E11.319: Diabetes mellitus tipo 2 con retinopatía diabética no especificada sin edema macular|E78.00: Hipercolesterolemia pura, no especificada|J45.909: Asma no especificada, sin complicaciones|Z88.1: Estado de alergia a otros antibióticos|||||||||||||||F20
|Z60.2: Problemas relacionados con vivir solo|Z04.6: Contacto para reconocimiento médico psiquiátrico general, solicitado por la autoridad|||||||||||||||||||F23
J18.9: Neumonía, microorganismo no especificado|J96.00: Insuficiencia respiratoria aguda no especificada si con hipoxia o con hipercapnia|F31.9: Trastorno bipolar, no especificado|F25.9: Trastorno esquizoafectivo, no especificado|F17.200: Dependencia de nicotina no especificada, sin complicaciones|Z86.718: Historia personal de otro tipo de trombosis y embolia venosas|Z90.89: Ausencia adquirida de otros órganos|||||||||||||||F20
J98.8: Otros trastornos respiratorios especificados|J96.00: Insuficiencia respiratoria aguda no especificada si con hipoxia o con hipercapnia|J84.111: Neumonía intersticial idiopática, no especificada de otro modo||E66.9: Obesidad, no especificada|F17.200: Dependencia de nicotina no especificada, sin complicaciones|Z86.718: Historia personal de otro tipo de trombosis y embolia venosas|Z90.89: Ausencia adquirida de otros órganos||||||||||||||F20
I26.99: Otra embolia pulmonar sin cor pulmonale agudo|I82.419: Embolia y trombosis agudas de vena femoral no especificada|J96.20: Insuficiencia respiratoria aguda y crónica no especificada si con hipoxia o con hipercapnia|Z99.81: Dependencia de oxígeno suplementario|I48.91: Fibrilación auricular no especificada|J84.112: Fibrosis pulmonar idiopática||F17.200: Dependencia de nicotina no especificada, sin complicaciones|E66.9: Obesidad, no especificada|||||||||||||F20
J98.8: Otros trastornos respiratorios especificados|J96.20: Insuficiencia respiratoria aguda y crónica no especificada si con hipoxia o con hipercapnia|Z99.81: Dependencia de oxígeno suplementario|I27.81: Cor pulmonale (crónico)|I27.2: Otra hipertensión pulmonar secundaria|I34.0: Insuficiencia (de la válvula) mitral no reumática|I48.91: Fibrilación auricular no especificada|Z79.01: Uso prolongado (actual) de anticoagulantes|D50.9: Anemia ferropénica, no especificada|F25.9: Trastorno esquizoafectivo, no especificado|F31.9: Trastorno bipolar, no especificado|E66.3: Sobrepeso|F17.200: Dependencia de nicotina no especificada, sin complicaciones|||||||||F20
I50.9: Insuficiencia cardiaca, no especificada|J96.10: Insuficiencia respiratoria crónica no especificada si con hipoxia o con hipercapnia|J44.1: Enfermedad pulmonar obstructiva crónica con exacerbación (aguda)|Z99.81: Dependencia de oxígeno suplementario|I34.0: Insuficiencia (de la válvula) mitral no reumática|R40.20: Coma no especificado|S06.0X9A: Conmoción, con pérdida de conciencia de duración no especificada, contacto inicial|W19.XXXA: Caída no especificada, contacto inicial|I48.91: Fibrilación auricular no especificada|Z79.01: Uso prolongado (actual) de anticoagulantes|E03.9: Hipotiroidismo, no especificado||Z72.0: Consumo de tabaco|Z86.711: Historia personal de embolia pulmonar|Z86.711: Historia personal de embolia pulmonar|||||||F20
|D18.02: Hemangioma de estructuras intracraneales|F12.10: Abuso de cannabis, sin complicaciones|Z91.19: Incumplimiento del paciente con otro tratamiento y régimen médico|Z90.79: Ausencia adquirida de otro (-s) órgano (-s) genital (-es)|||||||||||||||||F20
F25.9: Trastorno esquizoafectivo, no especificado|E87.1: Hiposmolaridad e hiponatremia|R60.0: Edema localizado|N39.0: Infección de tracto urinario, localización no especificada||||||||||||||||||F20
|Z81.8: Historia familiar de otros trastornos mentales y del comportamiento|Z63.8: Otros problemas especificados relacionados con el grupo de apoyo primario|Z60.2: Problemas relacionados con vivir solo||||||||||||||||||F20
C50.511: Neoplasia maligna de cuadrante inferior externo de mama femenina derecha|Z17.0: Estado de receptor de estrógeno positivo [RE+]|F03.91: Demencia no especificada, gravedad no especificada, con alteración del comportamiento|L27.0: Erupción cutánea generalizada debida a drogas y medicamentos ingeridos|T36.8X5A: Efecto adverso de otros antibióticos sistémicos, contacto inicial|J98.8: Otros trastornos respiratorios especificados|Y95: Afección nosocomial||M81.0: Osteoporosis relacionada con la edad, sin fractura patológica actual|I06.1: Insuficiencia aórtica reumática||||||||||||F22
A41.9: Sepsis, microorganismo no especificado|R65.21: Sepsis grave con shock séptico|B99.8: Otras enfermedades infecciosas||C50.911: Neoplasia maligna de localización no especificada de mama femenina derecha|Z90.11: Ausencia adquirida de mama y pezón derechos|Z88.1: Estado de alergia a otros antibióticos|||||||||||||||F22
C34.30: Neoplasia maligna de lóbulo inferior, bronquio o pulmón no especificados|C78.7: Neoplasia maligna secundaria de hígado y vías biliares intrahepáticas|C78.7: Neoplasia maligna secundaria de hígado y vías biliares intrahepáticas|C78.00: Neoplasia maligna secundaria de pulmón no especificado|C77.1: Neoplasia maligna secundaria y no especificada de ganglios linfáticos intratorácicos|J91.0: Derrame pleural maligno|C79.51: Neoplasia maligna secundaria de hueso||E03.9: Hipotiroidismo, no especificado|Z59.3: Problemas relacionados con la vida en una institución residencial|Z87.891: Historia personal de dependencia a nicotina|||||||||||F20
C34.30: Neoplasia maligna de lóbulo inferior, bronquio o pulmón no especificados|C78.00: Neoplasia maligna secundaria de pulmón no especificado|J96.00: Insuficiencia respiratoria aguda no especificada si con hipoxia o con hipercapnia|C78.7: Neoplasia maligna secundaria de hígado y vías biliares intrahepáticas|C79.51: Neoplasia maligna secundaria de hueso|J42: Bronquitis crónica no especificada||Z87.891: Historia personal de dependencia a nicotina|Z59.3: Problemas relacionados con la vida en una institución residencial|Z51.5: Contacto para cuidados paliativos||||||||||||F20
|N39.0: Infección de tracto urinario, localización no especificada|R33.9: Retención urinaria, no especificada|I10: Hipertensión esencial (primaria)|E53.8: Carencia de otras vitaminas del grupo B especificadas|F01.50: Demencia vascular, gravedad no especificada, sin alteración del comportamiento, alteración psicótica, alteración del estado de ánimo ni ansiedad|Z86.73: Historia personal de ataque isquémico transitorio (AIT) e infarto cerebral sin déficits residuales|Z79.82: Uso prolongado (actual) de aspirina|H54.60: Pérdida de visión sin calificar, un ojo, no especificado|S16.9XXS: Traumatismo no especificado de músculo, fascia y tendón a nivel del cuello, secuela||||||||||||F22
|F60.3: Trastorno límite de personalidad|F14.129: Abuso de cocaína, con intoxicación no especificada|S11.90XA: Herida abierta no especificada de parte no especificada del cuello, contacto inicial|Z91.19: Incumplimiento del paciente con otro tratamiento y régimen médico|Z04.6: Contacto para reconocimiento médico psiquiátrico general, solicitado por la autoridad||||||||||||||||F20
J38.1: Pólipos de las cuerdas vocales y de la laringe|E78.0: Hipercolesterolemia pura||F17.200: Dependencia de nicotina no especificada, sin complicaciones||||||||||||||||||F20
J38.1: Pólipos de las cuerdas vocales y de la laringe||E78.0: Hipercolesterolemia pura|F17.200: Dependencia de nicotina no especificada, sin complicaciones||||||||||||||||||F20
|F71: Discapacidad intelectual moderada|Z04.6: Contacto para reconocimiento médico psiquiátrico general, solicitado por la autoridad|Z59.3: Problemas relacionados con la vida en una institución residencial|Z81.0: Historia familiar de discapacidad intelectual|||||||||||||||||F29
J18.9: Neumonía, microorganismo no especificado||E03.9: Hipotiroidismo, no especificado|Q90.9: Síndrome de Down, no especificado||||||||||||||||||F29
I72.4: Aneurisma de arteria de extremidad inferior|I71.4: Aneurisma aórtico abdominal, sin rotura|E66.9: Obesidad, no especificada||F17.210: Dependencia de nicotina, cigarrillos, sin complicaciones|Z95.820: Estado angioplastia vascular periférico con implantes e injertos||||||||||||||||F20
|Z82.0: Historia familiar de epilepsia y otras enfermedades del sistema nervioso||||||||||||||||||||F20
S72.011A: Fractura intracapsular no especificada de fémur derecho, contacto inicial por fractura cerrada|W19.XXXA: Caída no especificada, contacto inicial||F03.90: Demencia no especificada, gravedad no especificada, sin alteración del comportamiento, alteración psicótica, alteración del estado de ánimo ni ansiedad|Z88.6: Estado de alergia a analgésico|||||||||||||||||F29
N39.0: Infección de tracto urinario, localización no especificada|N28.89: Otros trastornos especificados de riñón y uréter|T88.7XXA: Efecto adverso no especificado de fármaco o medicamento, contacto inicial|T45.515A: Efecto adverso de anticoagulantes, contacto inicial|F09: Trastorno mental no especificado debido a afección fisiológica conocida|I10: Hipertensión esencial (primaria)|E78.5: Hiperlipidemia, no especificada|E66.9: Obesidad, no especificada|I25.9: Enfermedad isquémica crónica cardiaca, no especificada|I48.0: Fibrilación paroxística auricular||F41.8: Otros trastornos de ansiedad especificados|N40.0: Hiperplasia prostática benigna sin síntomas de tracto urinario inferior|Z79.01: Uso prolongado (actual) de anticoagulantes|Z79.01: Uso prolongado (actual) de anticoagulantes|Z79.1: Uso prolongado (actual) de antiinflamatorios no esteroideos (AINES)|Z59.3: Problemas relacionados con la vida en una institución residencial|||||F29
F25.9: Trastorno esquizoafectivo, no especificado|Z04.6: Contacto para reconocimiento médico psiquiátrico general, solicitado por la autoridad|Z91.19: Incumplimiento del paciente con otro tratamiento y régimen médico|||||||||||||||||||F20
J18.9: Neumonía, microorganismo no especificado|J96.91: Insuficiencia respiratoria no especificada, con hipoxia|I10: Hipertensión esencial (primaria)|E11.9: Diabetes mellitus tipo 2 sin complicaciones|Z79.84: Uso prolongado (actual) de medicamentos hipoglucemiantes orales|E04.9: Bocio no tóxico, no especificado|E05.00: Tirotoxicosis con bocio difuso sin crisis tirotóxica ni tormenta tiroidea|M10.9: Gota, no especificada||Z74.3: Necesidad de supervisión continua||||||||||||F20
S72.011A: Fractura intracapsular no especificada de fémur derecho, contacto inicial por fractura cerrada|W19.XXXA: Caída no especificada, contacto inicial||E05.00: Tirotoxicosis con bocio difuso sin crisis tirotóxica ni tormenta tiroidea|I10: Hipertensión esencial (primaria)|E79.0: Hiperuricemia sin signos de artritis inflamatoria y enfermedad tofácea||||||||||||||||F20
J34.2: Tabique nasal desviado|J33.9: Pólipo nasal, no especificado||F12.10: Abuso de cannabis, sin complicaciones|F10.10: Abuso de alcohol, sin complicaciones|||||||||||||||||F20
N39.0: Infección de tracto urinario, localización no especificada|T43.95XA: Efecto adverso de fármaco psicótropo no especificado, contacto inicial|R41.0: Desorientación, no especificada|I48.2: Fibrilación auricular crónica|I12.9: Enfermedad renal crónica hipertensiva con enfermedad renal crónica en estadio 1 a 4 o con enfermedad renal crónica no especificada|N18.3: Enfermedad renal crónica, estadio 3 (moderada)|F01.50: Demencia vascular, gravedad no especificada, sin alteración del comportamiento, alteración psicótica, alteración del estado de ánimo ni ansiedad|E78.5: Hiperlipidemia, no especificada|F41.8: Otros trastornos de ansiedad especificados||L89.600: Úlcera por presión en talón no especificado, no estadiable|D64.9: Anemia, no especificada|Z59.3: Problemas relacionados con la vida en una institución residencial|Z74.3: Necesidad de supervisión continua|Z74.3: Necesidad de supervisión continua|Z86.73: Historia personal de ataque isquémico transitorio (AIT) e infarto cerebral sin déficits residuales||||||F22
E86.0: Deshidratación|N17.9: Fallo renal agudo, no especificado|I13.0: Enfermedad cardiaca y renal crónica hipertensiva con insuficiencia cardiaca y enfermedad renal crónica estadios 1 a 4 o enfermedad renal crónica no especificada|N18.9: Enfermedad renal crónica, no especificada|D63.1: Anemia en enfermedad renal crónica|I50.9: Insuficiencia cardiaca, no especificada|J44.0: Enfermedad pulmonar obstructiva crónica con infección (aguda) de las vías respiratorias inferiores|J69.0: Neumonitis debida a inhalación de alimentos y vómito|J96.00: Insuficiencia respiratoria aguda no especificada si con hipoxia o con hipercapnia|E78.5: Hiperlipidemia, no especificada|I48.2: Fibrilación auricular crónica|F41.8: Otros trastornos de ansiedad especificados||F01.50: Demencia vascular, gravedad no especificada, sin alteración del comportamiento, alteración psicótica, alteración del estado de ánimo ni ansiedad|F01.50: Demencia vascular, gravedad no especificada, sin alteración del comportamiento, alteración psicótica, alteración del estado de ánimo ni ansiedad|K59.09: Otros tipos de estreñimiento|Z86.73: Historia personal de ataque isquémico transitorio (AIT) e infarto cerebral sin déficits residuales|Z87.440: Historia personal de infecciones del tracto urinario|Z79.01: Uso prolongado (actual) de anticoagulantes|Z74.3: Necesidad de supervisión continua|Z59.3: Problemas relacionados con la vida en una institución residencial|F22
F50.89: Otros trastornos especificados de la conducta alimentaria|F01.51: Demencia vascular, gravedad no especificada, con alteración del comportamiento|B37.49: Otra candidiasis urogenital|I13.0: Enfermedad cardiaca y renal crónica hipertensiva con insuficiencia cardiaca y enfermedad renal crónica estadios 1 a 4 o enfermedad renal crónica no especificada|I50.9: Insuficiencia cardiaca, no especificada|N18.9: Enfermedad renal crónica, no especificada|D63.1: Anemia en enfermedad renal crónica|J44.9: Enfermedad pulmonar obstructiva crónica, no especificada|K59.09: Otros tipos de estreñimiento|E78.5: Hiperlipidemia, no especificada|I48.2: Fibrilación auricular crónica|F41.8: Otros trastornos de ansiedad especificados||Z86.73: Historia personal de ataque isquémico transitorio (AIT) e infarto cerebral sin déficits residuales|Z86.73: Historia personal de ataque isquémico transitorio (AIT) e infarto cerebral sin déficits residuales|Z87.440: Historia personal de infecciones del tracto urinario|Z79.01: Uso prolongado (actual) de anticoagulantes|Z74.3: Necesidad de supervisión continua|Z59.3: Problemas relacionados con la vida en una institución residencial|||F22
J98.8: Otros trastornos respiratorios especificados|J98.01: Broncoespasmo agudo|J44.9: Enfermedad pulmonar obstructiva crónica, no especificada|I13.0: Enfermedad cardiaca y renal crónica hipertensiva con insuficiencia cardiaca y enfermedad renal crónica estadios 1 a 4 o enfermedad renal crónica no especificada|I50.9: Insuficiencia cardiaca, no especificada|N18.3: Enfermedad renal crónica, estadio 3 (moderada)|I48.2: Fibrilación auricular crónica|D64.9: Anemia, no especificada|F01.50: Demencia vascular, gravedad no especificada, sin alteración del comportamiento, alteración psicótica, alteración del estado de ánimo ni ansiedad||F41.8: Otros trastornos de ansiedad especificados|K59.09: Otros tipos de estreñimiento||||||||||F22
J98.8: Otros trastornos respiratorios especificados|J44.9: Enfermedad pulmonar obstructiva crónica, no especificada|K59.09: Otros tipos de estreñimiento|R63.3: Dificultades para la alimentación|I13.0: Enfermedad cardiaca y renal crónica hipertensiva con insuficiencia cardiaca y enfermedad renal crónica estadios 1 a 4 o enfermedad renal crónica no especificada|I50.9: Insuficiencia cardiaca, no especificada|N18.3: Enfermedad renal crónica, estadio 3 (moderada)|I48.2: Fibrilación auricular crónica|D64.9: Anemia, no especificada|F01.50: Demencia vascular, gravedad no especificada, sin alteración del comportamiento, alteración psicótica, alteración del estado de ánimo ni ansiedad||F09: Trastorno mental no especificado debido a afección fisiológica conocida|F41.8: Otros trastornos de ansiedad especificados|Z86.19: Historia personal de otras enfermedades infecciosas y parasitarias|Z86.19: Historia personal de otras enfermedades infecciosas y parasitarias|Z74.3: Necesidad de supervisión continua|Z74.09: Otro tipo de movilidad reducida|||||F22
N39.0: Infección de tracto urinario, localización no especificada|B96.20: Escherichia coli [E. coli] no especificado como causa de enfermedades clasificadas bajo otro concepto|I10: Hipertensión esencial (primaria)|E11.9: Diabetes mellitus tipo 2 sin complicaciones|E03.9: Hipotiroidismo, no especificado||M41.20: Otra escoliosis idiopática, localización no especificada|Z90.710: Ausencia adquirida de ambos, de cuello uterino y de útero||||||||||||||F20
J18.9: Neumonía, microorganismo no especificado|E87.0: Hiperosmolaridad e hipernatremia|I11.0: Enfermedad cardíaca hipertensiva con insuficiencia cardiaca|I50.9: Insuficiencia cardiaca, no especificada|J96.91: Insuficiencia respiratoria no especificada, con hipoxia|E11.9: Diabetes mellitus tipo 2 sin complicaciones||G21.0: Síndrome neuroléptico maligno|E03.9: Hipotiroidismo, no especificado|M41.9: Escoliosis no especificada||||||||||||F20
F25.9: Trastorno esquizoafectivo, no especificado|F60.9: Trastorno de personalidad, no especificado|S02.0XXS: Fractura de bóveda de cráneo, secuela|Z63.5: Ruptura familiar por separación y divorcio|Z88.8: Estado de alergia a otros fármacos, medicamentos y sustancias biológicas|||||||||||||||||F20
|Z59.9: Problema relacionado con la vivienda y circunstancias económicas, no especificadas|Z63.9: Problema relacionado con el grupo de apoyo primario, no especificado|||||||||||||||||||F20
F25.9: Trastorno esquizoafectivo, no especificado|F60.3: Trastorno límite de personalidad|F10.10: Abuso de alcohol, sin complicaciones|F12.10: Abuso de cannabis, sin complicaciones|Z63.5: Ruptura familiar por separación y divorcio|Z04.6: Contacto para reconocimiento médico psiquiátrico general, solicitado por la autoridad|S06.9X9S: Traumatismo intracraneal no especificado, con pérdida de conciencia de duración no especificada, secuela|Z88.8: Estado de alergia a otros fármacos, medicamentos y sustancias biológicas||||||||||||||F20
J10.00: Gripe debida a otros tipos de virus de la gripe identificados con neumonía de tipo no especificada|J96.01: Insuficiencia respiratoria aguda con hipoxia|M62.82: Rabdomiolisis|J98.01: Broncoespasmo agudo|E87.1: Hiposmolaridad e hiponatremia|F17.210: Dependencia de nicotina, cigarrillos, sin complicaciones||K64.9: Hemorroides no especificadas|D50.9: Anemia ferropénica, no especificada|L98.499: Úlcera crónica no debida a presión en la piel de otros sitios, de gravedad no especificada||||||||||||F20
D50.0: Anemia ferropénica secundaria a pérdida de sangre (crónica)|K64.8: Otras hemorroides||F17.200: Dependencia de nicotina no especificada, sin complicaciones||||||||||||||||||F20
F21: Trastorno esquizotípico|G95.0: Siringomielia y siringobulbia|L28.0: Liquen simple crónico|B95.61: Infección por Staphylococcus aureus sensible a meticilina como causa de enfermedades clasificadas bajo otro concepto|M41.20: Otra escoliosis idiopática, localización no especificada|M21.869: Otras deformidades adquiridas especificadas, pierna, lado no especificado|J47.9: Bronquiectasias, sin complicaciones|||||||||||||||F60.1
T18.2XXA: Cuerpo extraño en estómago, contacto inicial||G40.901: Epilepsia, no especificada, no intratable, con estado de mal epiléptico|Z59.3: Problemas relacionados con la vida en una institución residencial||||||||||||||||||F20
S72.109A: Fractura de trocánter no especificado de fémur no especificado, contacto inicial por fractura cerrada||G20: Enfermedad de Parkinson|N40.1: Hiperplasia prostática benigna con síntomas de tracto urinario inferior|R68.89: Otros síntomas y signos generales|D56.9: Talasemia, no especificada|Z87.440: Historia personal de infecciones del tracto urinario|||||||||||||||F20
F25.9: Trastorno esquizoafectivo, no especificado|F71: Discapacidad intelectual moderada|F17.200: Dependencia de nicotina no especificada, sin complicaciones|||||||||||||||||||F20
C34.31: Neoplasia maligna de lóbulo inferior, bronquio o pulmón derecho|C34.01: Neoplasia maligna de bronquio principal derecho|C78.7: Neoplasia maligna secundaria de hígado y vías biliares intrahepáticas|E11.9: Diabetes mellitus tipo 2 sin complicaciones|F17.210: Dependencia de nicotina, cigarrillos, sin complicaciones|Z91.030: Estado de alergia a las abejas|L40.8: Otros tipos de psoriasis|K58.9: Síndrome de intestino irritable sin diarrea|N40.0: Hiperplasia prostática benigna sin síntomas de tracto urinario inferior|F32.9: Trastorno depresivo mayor, episodio único, no especificado||G47.33: Apnea obstructiva del sueño (del adulto) (pediátrica)|Z99.89: Dependencia de otras máquinas y dispositivos de apoyo|||||||||F20
|Z04.6: Contacto para reconocimiento médico psiquiátrico general, solicitado por la autoridad|Z63.5: Ruptura familiar por separación y divorcio|Z60.2: Problemas relacionados con vivir solo|Z81.8: Historia familiar de otros trastornos mentales y del comportamiento|Z91.19: Incumplimiento del paciente con otro tratamiento y régimen médico||||||||||||||||F29
F25.9: Trastorno esquizoafectivo, no especificado|Z60.2: Problemas relacionados con vivir solo|Z81.8: Historia familiar de otros trastornos mentales y del comportamiento|Z82.3: Historia familiar de ictus|Z80.9: Historia familiar de neoplasia maligna, no especificada|Z91.19: Incumplimiento del paciente con otro tratamiento y régimen médico||||||||||||||||F20
|E11.9: Diabetes mellitus tipo 2 sin complicaciones|E78.2: Hiperlipidemia mixta|Z60.2: Problemas relacionados con vivir solo|F17.200: Dependencia de nicotina no especificada, sin complicaciones|Z56.0: Desempleo, no especificado|Z81.8: Historia familiar de otros trastornos mentales y del comportamiento|Z91.19: Incumplimiento del paciente con otro tratamiento y régimen médico||||||||||||||F22
|R41.83: Capacidad intelectual límite|Z81.8: Historia familiar de otros trastornos mentales y del comportamiento|||||||||||||||||||F29
S22.43XA: Fracturas múltiples de costillas, bilateral, contacto inicial por fractura cerrada|X58.XXXA: Exposición a otros factores especificados, contacto inicial|D53.9: Anemia nutricional, no especificada||I10: Hipertensión esencial (primaria)|E78.5: Hiperlipidemia, no especificada|E03.9: Hipotiroidismo, no especificado|||||||||||||||F20
|I10: Hipertensión esencial (primaria)|E78.5: Hiperlipidemia, no especificada|E03.9: Hipotiroidismo, no especificado|Z91.19: Incumplimiento del paciente con otro tratamiento y régimen médico|Z81.8: Historia familiar de otros trastornos mentales y del comportamiento||||||||||||||||F20
K70.30: Cirrosis alcohólica de hígado sin ascitis|R18.8: Otros tipos de ascitis|N17.9: Fallo renal agudo, no especificado|N39.0: Infección de tracto urinario, localización no especificada|K20.9: Esofagitis, no especificada|I85.11: Varices esofágicas secundarias con hemorragia|K76.6: Hipertensión portal|K31.89: Otras enfermedades de estómago y duodeno||F34.1: Trastorno distímico|F17.200: Dependencia de nicotina no especificada, sin complicaciones|F10.10: Abuso de alcohol, sin complicaciones|E43: Malnutrición calórico-proteica grave no especificada|||||||||F20
|E11.9: Diabetes mellitus tipo 2 sin complicaciones|E78.5: Hiperlipidemia, no especificada|Z79.84: Uso prolongado (actual) de medicamentos hipoglucemiantes orales||||||||||||||||||F20
J18.9: Neumonía, microorganismo no especificado|J96.12: Insuficiencia respiratoria crónica con hipercapnia|G30.9: Enfermedad de Alzheimer, no especificada|F02.80: Demencia en otras enfermedades clasificadas bajo otro concepto, gravedad no especificada, sin alteración del comportamiento, alteración psicótica, alteración del estado de ánimo ni ansiedad|R41.0: Desorientación, no especificada|R45.1: Inquietud y agitación|H91.90: Pérdida de audición no especificada, oído no especificado||J45.909: Asma no especificada, sin complicaciones|I35.2: Estenosis con insuficiencia (de la válvula) aórtica no reumática|I27.2: Otra hipertensión pulmonar secundaria|E04.2: Bocio multinodular no tóxico||||||||||F29
T50.901A: Envenenamiento por fármacos, medicamentos y sustancias biológicas no especificados, accidental (no intencionado), contacto inicial||F32.9: Trastorno depresivo mayor, episodio único, no especificado|||||||||||||||||||F20
J44.1: Enfermedad pulmonar obstructiva crónica con exacerbación (aguda)|J96.20: Insuficiencia respiratoria aguda y crónica no especificada si con hipoxia o con hipercapnia|Z99.81: Dependencia de oxígeno suplementario|E87.2: Acidosis||F17.200: Dependencia de nicotina no especificada, sin complicaciones|Z90.710: Ausencia adquirida de ambos, de cuello uterino y de útero|||||||||||||||F20
J44.1: Enfermedad pulmonar obstructiva crónica con exacerbación (aguda)|J96.20: Insuficiencia respiratoria aguda y crónica no especificada si con hipoxia o con hipercapnia|Z99.81: Dependencia de oxígeno suplementario||F17.200: Dependencia de nicotina no especificada, sin complicaciones|Z90.710: Ausencia adquirida de ambos, de cuello uterino y de útero||||||||||||||||F20
F25.9: Trastorno esquizoafectivo, no especificado|J44.9: Enfermedad pulmonar obstructiva crónica, no especificada|J96.10: Insuficiencia respiratoria crónica no especificada si con hipoxia o con hipercapnia|Z99.81: Dependencia de oxígeno suplementario|Z04.6: Contacto para reconocimiento médico psiquiátrico general, solicitado por la autoridad|Z63.5: Ruptura familiar por separación y divorcio||||||||||||||||F20
J44.1: Enfermedad pulmonar obstructiva crónica con exacerbación (aguda)|J96.20: Insuficiencia respiratoria aguda y crónica no especificada si con hipoxia o con hipercapnia|Z99.81: Dependencia de oxígeno suplementario|F17.200: Dependencia de nicotina no especificada, sin complicaciones||||||||||||||||||F20
|Z81.8: Historia familiar de otros trastornos mentales y del comportamiento||||||||||||||||||||F23
N81.2: Prolapso uterovaginal incompleto||Z86.73: Historia personal de ataque isquémico transitorio (AIT) e infarto cerebral sin déficits residuales|||||||||||||||||||F20
|N39.0: Infección de tracto urinario, localización no especificada|I10: Hipertensión esencial (primaria)|Z60.2: Problemas relacionados con vivir solo|H91.90: Pérdida de audición no especificada, oído no especificado|J45.909: Asma no especificada, sin complicaciones|Z88.6: Estado de alergia a analgésico|Z91.19: Incumplimiento del paciente con otro tratamiento y régimen médico|Z04.6: Contacto para reconocimiento médico psiquiátrico general, solicitado por la autoridad|||||||||||||F22
S22.41XA: Fracturas múltiples de costillas de lado derecho, contacto inicial por fractura cerrada|W19.XXXA: Caída no especificada, contacto inicial|N39.0: Infección de tracto urinario, localización no especificada|B96.20: Escherichia coli [E. coli] no especificado como causa de enfermedades clasificadas bajo otro concepto|J96.01: Insuficiencia respiratoria aguda con hipoxia|J98.8: Otros trastornos respiratorios especificados|I10: Hipertensión esencial (primaria)|H91.90: Pérdida de audición no especificada, oído no especificado|E78.5: Hiperlipidemia, no especificada|J45.909: Asma no especificada, sin complicaciones|Z74.3: Necesidad de supervisión continua|Z59.3: Problemas relacionados con la vida en una institución residencial||K44.9: Hernia diafragmática sin obstrucción ni gangrena|K44.9: Hernia diafragmática sin obstrucción ni gangrena|E04.9: Bocio no tóxico, no especificado|Z90.49: Ausencia adquirida de otras partes especificadas del tracto digestivo|||||F22
|H91.90: Pérdida de audición no especificada, oído no especificado|E11.9: Diabetes mellitus tipo 2 sin complicaciones|G25.0: Temblor esencial|I10: Hipertensión esencial (primaria)|I25.5: Miocardiopatía isquémica|Z90.10: Ausencia adquirida de mama y pezón no especificados|Z86.73: Historia personal de ataque isquémico transitorio (AIT) e infarto cerebral sin déficits residuales|Z79.82: Uso prolongado (actual) de aspirina|||||||||||||F20
|F17.200: Dependencia de nicotina no especificada, sin complicaciones||||||||||||||||||||F29
|Z59.3: Problemas relacionados con la vida en una institución residencial|Z91.19: Incumplimiento del paciente con otro tratamiento y régimen médico|||||||||||||||||||F20
|Z91.19: Incumplimiento del paciente con otro tratamiento y régimen médico|Z59.3: Problemas relacionados con la vida en una institución residencial|||||||||||||||||||F20
|Z91.19: Incumplimiento del paciente con otro tratamiento y régimen médico|Z59.3: Problemas relacionados con la vida en una institución residencial|||||||||||||||||||F20
|F60.89: Otros tipos de trastornos específicos de personalidad|F70: Discapacidad intelectual leve|Z63.9: Problema relacionado con el grupo de apoyo primario, no especificado|Z65.9: Problema relacionado con circunstancias psicosociales no especificadas|||||||||||||||||F29
|F70: Discapacidad intelectual leve|Z59.3: Problemas relacionados con la vida en una institución residencial|||||||||||||||||||F20
F25.9: Trastorno esquizoafectivo, no especificado|Z04.6: Contacto para reconocimiento médico psiquiátrico general, solicitado por la autoridad||||||||||||||||||||F20
|F12.90: Consumo de cannabis no especificado, sin complicaciones|Z81.8: Historia familiar de otros trastornos mentales y del comportamiento|||||||||||||||||||F20
|Z60.2: Problemas relacionados con vivir solo|Z81.8: Historia familiar de otros trastornos mentales y del comportamiento|||||||||||||||||||F22
M41.20: Otra escoliosis idiopática, localización no especificada|M47.817: Espondilosis sin mielopatía ni radiculopatía, región lumbosacra|M96.0: Seudoartrosis después de fusión o artrodesis|||||||||||||||||||F20
|F14.10: Abuso de cocaína, sin complicaciones|Z91.19: Incumplimiento del paciente con otro tratamiento y régimen médico|Z63.5: Ruptura familiar por separación y divorcio||||||||||||||||||F29
J44.0: Enfermedad pulmonar obstructiva crónica con infección (aguda) de las vías respiratorias inferiores|J20.9: Bronquitis aguda, no especificada||H40.9: Glaucoma no especificado|Z59.3: Problemas relacionados con la vida en una institución residencial|||||||||||||||||F20
I50.9: Insuficiencia cardiaca, no especificada|I51.89: Otras enfermedades mal definidas cardiacas|I31.3: Derrame pericárdico (no inflamatorio)|D50.9: Anemia ferropénica, no especificada|N40.0: Hiperplasia prostática benigna sin síntomas de tracto urinario inferior|M48.06: Estenosis vertebral, región lumbar||Z96.653: Presencia de articulación de rodilla artificial, bilateral||||||||||||||F22
|F12.20: Dependencia de cannabis, sin complicaciones|Z04.6: Contacto para reconocimiento médico psiquiátrico general, solicitado por la autoridad|Z91.19: Incumplimiento del paciente con otro tratamiento y régimen médico||||||||||||||||||F20
F12.288: Dependencia de cannabis, con otro trastorno inducido por cannabis||T50.906A: Infradosificación de fármacos, medicamentos y sustancias biológicas no especificados, contacto inicial|Z91.14: Otro incumplimiento del paciente de la prescripción médica||||||||||||||||||F20
|F12.159: Abuso de cannabis, con trastorno psicótico no especificado|Z91.19: Incumplimiento del paciente con otro tratamiento y régimen médico|||||||||||||||||||F20
K52.89: Otras gastroenteritis y colitis no infecciosas especificadas||F17.200: Dependencia de nicotina no especificada, sin complicaciones|||||||||||||||||||F20
A09: Gastroenteritis y colitis infecciosas, no especificadas||E78.4: Otros tipos de hiperlipidemia|F17.200: Dependencia de nicotina no especificada, sin complicaciones||||||||||||||||||F20
K56.2: Vólvulo|K59.00: Estreñimiento, no especificado|Q43.4: Duplicación del intestino||K59.3: Megacolon, no clasificado bajo otro concepto|Z04.6: Contacto para reconocimiento médico psiquiátrico general, solicitado por la autoridad|R45.851: Ideaciones suicidas|F17.200: Dependencia de nicotina no especificada, sin complicaciones|E78.4: Otros tipos de hiperlipidemia|||||||||||||F20
|E03.9: Hipotiroidismo, no especificado|N60.19: Mastopatía quística difusa de mama no especificada|Z63.72: Alcoholismo y drogadicción en la familia||||||||||||||||||F23
J13: Neumonía por Streptococcus pneumoniae|R09.02: Hipoxemia|R33.9: Retención urinaria, no especificada|K52.2: Gastroenteritis y colitis alérgicas y dietéticas||I87.2: Insuficiencia venosa (crónica) (periférica)|I83.009: Venas varicosas de extremidad inferior no especificada con úlcera de localización no especificada|H91.90: Pérdida de audición no especificada, oído no especificado|Z87.11: Historia personal de enfermedad ulcerosa péptica|Z96.649: Presencia de articulación de cadera artificial, no especificada||||||||||||F20
|B18.2: Hepatitis vírica crónica tipo C|Z04.6: Contacto para reconocimiento médico psiquiátrico general, solicitado por la autoridad|Z81.8: Historia familiar de otros trastornos mentales y del comportamiento|Z91.19: Incumplimiento del paciente con otro tratamiento y régimen médico|||||||||||||||||F20
|F70: Discapacidad intelectual leve|F12.21: Dependencia de cannabis, en remisión|F10.10: Abuso de alcohol, sin complicaciones||||||||||||||||||F20
K80.01: Cálculo de vesícula biliar con colecistitis aguda con obstrucción|||||||||||||||||||||F20
J18.9: Neumonía, microorganismo no especificado|R41.0: Desorientación, no especificada||I10: Hipertensión esencial (primaria)|Z59.3: Problemas relacionados con la vida en una institución residencial|||||||||||||||||F20
|H35.52: Distrofia retiniana pigmentaria|H54.0: Ceguera, ambos ojos|Z04.6: Contacto para reconocimiento médico psiquiátrico general, solicitado por la autoridad|Z91.19: Incumplimiento del paciente con otro tratamiento y régimen médico|Z72.0: Consumo de tabaco|Z88.1: Estado de alergia a otros antibióticos|||||||||||||||F20
|H35.52: Distrofia retiniana pigmentaria|H54.0: Ceguera, ambos ojos|S61.402A: Herida abierta no especificada de mano izquierda, contacto inicial|X78.9XXA: Lesiones autoinfligidas intencionadamente por objeto cortante no especificado, contacto inicial|Z88.1: Estado de alergia a otros antibióticos||||||||||||||||F20
|Z91.19: Incumplimiento del paciente con otro tratamiento y régimen médico|Z88.1: Estado de alergia a otros antibióticos|H35.50: Distrofia retiniana hereditaria no especificada||||||||||||||||||F20
|Z04.6: Contacto para reconocimiento médico psiquiátrico general, solicitado por la autoridad|Z63.5: Ruptura familiar por separación y divorcio|Z59.3: Problemas relacionados con la vida en una institución residencial||||||||||||||||||F20
K85.10: Pancreatitis aguda biliar sin necrosis ni infección|K80.01: Cálculo de vesícula biliar con colecistitis aguda con obstrucción||||||||||||||||||||F20
J98.8: Otros trastornos respiratorios especificados|R09.02: Hipoxemia||F32.9: Trastorno depresivo mayor, episodio único, no especificado|Z59.3: Problemas relacionados con la vida en una institución residencial|||||||||||||||||F20
J98.8: Otros trastornos respiratorios especificados|J91.8: Derrame pleural en otras afecciones clasificadas bajo otro concepto||E78.4: Otros tipos de hiperlipidemia|F17.200: Dependencia de nicotina no especificada, sin complicaciones|||||||||||||||||F20
J00: Nasofaringitis aguda [resfriado común]|E78.5: Hiperlipidemia, no especificada|F17.210: Dependencia de nicotina, cigarrillos, sin complicaciones||Z88.8: Estado de alergia a otros fármacos, medicamentos y sustancias biológicas|||||||||||||||||F20
|F22: Trastornos delirantes|R45.851: Ideaciones suicidas|Z59.3: Problemas relacionados con la vida en una institución residencial||||||||||||||||||F20
R55: Síncope y colapso||H54.41: Ceguera, ojo derecho, visión normal en ojo izquierdo|Z79.82: Uso prolongado (actual) de aspirina|Z59.3: Problemas relacionados con la vida en una institución residencial|||||||||||||||||F20
H54.41: Ceguera, ojo derecho, visión normal en ojo izquierdo|H57.11: Dolor ocular, ojo derecho||||||||||||||||||||F20
|H54.40: Ceguera, un ojo, ojo no especificado|H40.059: Hipertensión ocular, ojo no especificado|H44.20: Miopía degenerativa, ojo no especificado|Z59.3: Problemas relacionados con la vida en una institución residencial|||||||||||||||||F20
|Z59.3: Problemas relacionados con la vida en una institución residencial|Z04.6: Contacto para reconocimiento médico psiquiátrico general, solicitado por la autoridad|Z91.19: Incumplimiento del paciente con otro tratamiento y régimen médico||||||||||||||||||F20
C16.3: Neoplasia maligna de antro pilórico|C78.6: Neoplasia maligna secundaria de retroperitoneo y peritoneo|K83.1: Obstrucción de conducto biliar|K83.5: Quiste biliar||||||||||||||||||F20
C22.0: Carcinoma de células hepáticas|K70.30: Cirrosis alcohólica de hígado sin ascitis|K74.69: Otras cirrosis de hígado|G40.409: Epilepsia y otros síndromes epilépticos generalizados, no intratables, sin estado de mal epiléptico||F32.9: Trastorno depresivo mayor, episodio único, no especificado|F79: Discapacidad intelectual no especificada|Z87.11: Historia personal de enfermedad ulcerosa péptica|Z90.3: Ausencia adquirida (de parte) del estómago|||||||||||||F20
C22.0: Carcinoma de células hepáticas|K70.30: Cirrosis alcohólica de hígado sin ascitis|K74.69: Otras cirrosis de hígado|I85.10: Varices esofágicas secundarias sin hemorragia|G40.409: Epilepsia y otros síndromes epilépticos generalizados, no intratables, sin estado de mal epiléptico|F32.9: Trastorno depresivo mayor, episodio único, no especificado||F17.210: Dependencia de nicotina, cigarrillos, sin complicaciones||||||||||||||F20
H26.9: Catarata no especificada|||||||||||||||||||||F20
E11.618: Diabetes mellitus tipo 2 con otra artropatía diabética|L97.509: Úlcera crónica no debida a presión de otra parte de pie no especificado, de gravedad no especificada||||||||||||||||||||F20
T87.89: Otras complicaciones de muñón de amputación|Z89.429: Ausencia adquirida de otro (-s) dedo (-s) del pie, lado no especificado|E11.618: Diabetes mellitus tipo 2 con otra artropatía diabética|N17.9: Fallo renal agudo, no especificado||||||||||||||||||F20
I50.9: Insuficiencia cardiaca, no especificada|J98.8: Otros trastornos respiratorios especificados|J98.01: Broncoespasmo agudo|J96.00: Insuficiencia respiratoria aguda no especificada si con hipoxia o con hipercapnia|J96.10: Insuficiencia respiratoria crónica no especificada si con hipoxia o con hipercapnia|D50.9: Anemia ferropénica, no especificada|E66.2: Obesidad mórbida (severa) con hipoventilación alveolar|E11.9: Diabetes mellitus tipo 2 sin complicaciones|I10: Hipertensión esencial (primaria)|M17.10: Artrosis primaria unilateral, rodilla no especificada||Z79.84: Uso prolongado (actual) de medicamentos hipoglucemiantes orales|Z59.3: Problemas relacionados con la vida en una institución residencial|Z74.3: Necesidad de supervisión continua|Z74.3: Necesidad de supervisión continua|||||||F20
S82.842A: Fractura bimaleolar desplazada de pierna izquierda, contacto inicial por fractura cerrada|E11.9: Diabetes mellitus tipo 2 sin complicaciones||I10: Hipertensión esencial (primaria)|I50.9: Insuficiencia cardiaca, no especificada|J96.90: Insuficiencia respiratoria no especificada, sin especificar si con hipoxia o con hipercapnia||||||||||||||||F20
J98.8: Otros trastornos respiratorios especificados|J96.22: Insuficiencia respiratoria aguda y crónica con hipercapnia|E66.2: Obesidad mórbida (severa) con hipoventilación alveolar|E11.9: Diabetes mellitus tipo 2 sin complicaciones|Z79.84: Uso prolongado (actual) de medicamentos hipoglucemiantes orales|I10: Hipertensión esencial (primaria)||Z79.01: Uso prolongado (actual) de anticoagulantes|Z59.3: Problemas relacionados con la vida en una institución residencial|Z74.1: Necesidad de asistencia con cuidado personal|M17.9: Artrosis de rodilla no especificada|S82.845D: Fractura bimaleolar sin desplazamiento de pierna izquierda, contacto sucesivo por fractura cerrada con curas rutinarias||||||||||F20
K56.2: Vólvulo|D12.0: Neoplasia benigna de ciego|J69.0: Neumonitis debida a inhalación de alimentos y vómito|J95.821: Insuficiencia respiratoria aguda posprocedimiento||F79: Discapacidad intelectual no especificada||||||||||||||||F20
N39.0: Infección de tracto urinario, localización no especificada|B96.89: Otros agentes bacterianos como causa de enfermedades clasificadas bajo otro concepto|Z16.24: Resistencia a múltiples antibióticos|G31.83: Trastorno neurocognitivo por cuerpos de Lewy|E03.9: Hipotiroidismo, no especificado||Z79.82: Uso prolongado (actual) de aspirina|Z59.3: Problemas relacionados con la vida en una institución residencial||||||||||||||F29
T87.89: Otras complicaciones de muñón de amputación|B95.62: Infección por Staphylococcus aureus resistente a meticilina como causa de enfermedades clasificadas bajo otro concepto|B95.4: Otros estreptococos como causa de enfermedades clasificadas bajo otro concepto|Z89.439: Ausencia adquirida de pie no especificado|E11.51: Diabetes mellitus tipo 2 con angiopatía periférica diabética sin gangrena|I79.8: Otros trastornos de arterias, arteriolas y capilares en enfermedades clasificadas bajo otro concepto|I65.29: Oclusión y estenosis de arteria carótida, no especificada|I12.9: Enfermedad renal crónica hipertensiva con enfermedad renal crónica en estadio 1 a 4 o con enfermedad renal crónica no especificada|N18.9: Enfermedad renal crónica, no especificada|I34.0: Insuficiencia (de la válvula) mitral no reumática|I35.0: Estenosis (de la válvula) aórtica no reumática|I50.22: Insuficiencia cardiaca sistólica (congestiva), crónica|I87.2: Insuficiencia venosa (crónica) (periférica)|||||||||F22
H26.9: Catarata no especificada||F82: Trastorno específico del desarrollo de la función motora|L40.9: Psoriasis, no especificada||||||||||||||||||F20
F79: Discapacidad intelectual no especificada||F17.200: Dependencia de nicotina no especificada, sin complicaciones|F10.10: Abuso de alcohol, sin complicaciones|J43.9: Enfisema, no especificado|Z04.6: Contacto para reconocimiento médico psiquiátrico general, solicitado por la autoridad||||||||||||||||F20
F21: Trastorno esquizotípico|||||||||||||||||||||F60.1
J69.0: Neumonitis debida a inhalación de alimentos y vómito|T17.908A: Cuerpo extraño no especificado en vías respiratorias, parte no especificada, que produce otras lesiones, contacto inicial|N17.9: Fallo renal agudo, no especificado|E87.0: Hiperosmolaridad e hipernatremia|N83.9: Trastornos no inflamatorios del ovario, trompa de Falopio y ligamento ancho, no especificados|K59.09: Otros tipos de estreñimiento|E53.8: Carencia de otras vitaminas del grupo B especificadas||F03.90: Demencia no especificada, gravedad no especificada, sin alteración del comportamiento, alteración psicótica, alteración del estado de ánimo ni ansiedad|Z74.3: Necesidad de supervisión continua|Z59.3: Problemas relacionados con la vida en una institución residencial|||||||||||F20
N19: Insuficiencia renal no especificada|E86.0: Deshidratación|E87.0: Hiperosmolaridad e hipernatremia||F03.90: Demencia no especificada, gravedad no especificada, sin alteración del comportamiento, alteración psicótica, alteración del estado de ánimo ni ansiedad|Z59.3: Problemas relacionados con la vida en una institución residencial||||||||||||||||F20
J44.0: Enfermedad pulmonar obstructiva crónica con infección (aguda) de las vías respiratorias inferiores|J22: Infección aguda del tracto respiratorio inferior, no especificada|J44.1: Enfermedad pulmonar obstructiva crónica con exacerbación (aguda)|K52.1: Gastroenteritis y colitis tóxica|T36.95XA: Efecto adverso de antibióticos por vía sistémica no especificados, contacto inicial|J45.909: Asma no especificada, sin complicaciones|E66.9: Obesidad, no especificada|M81.0: Osteoporosis relacionada con la edad, sin fractura patológica actual|M41.9: Escoliosis no especificada||Z59.3: Problemas relacionados con la vida en una institución residencial|||||||||||F20
J22: Infección aguda del tracto respiratorio inferior, no especificada|J44.9: Enfermedad pulmonar obstructiva crónica, no especificada|J45.909: Asma no especificada, sin complicaciones|Z87.891: Historia personal de dependencia a nicotina|G40.109: Epilepsia (focal) (parcial) sintomática relacionada con la localización y síndromes epilépticos con crisis parciales simples, no intratable, sin estado de mal epiléptico|F09: Trastorno mental no especificado debido a afección fisiológica conocida|K29.50: Gastritis crónica no especificada sin hemorragia|M41.85: Otras formas de escoliosis, región dorsolumbar|M81.0: Osteoporosis relacionada con la edad, sin fractura patológica actual||Z59.3: Problemas relacionados con la vida en una institución residencial|||||||||||F20
J18.9: Neumonía, microorganismo no especificado|J96.91: Insuficiencia respiratoria no especificada, con hipoxia|L29.9: Prurito, no especificado|E03.9: Hipotiroidismo, no especificado|E04.2: Bocio multinodular no tóxico||F34.1: Trastorno distímico|Z59.3: Problemas relacionados con la vida en una institución residencial|Z90.710: Ausencia adquirida de ambos, de cuello uterino y de útero|Z90.721: Ausencia adquirida de ovario, unilateral||||||||||||F20
K43.9: Hernia ventral sin obstrucción ni gangrena|B18.2: Hepatitis vírica crónica tipo C|J44.9: Enfermedad pulmonar obstructiva crónica, no especificada||Z86.011: Historia personal de neoplasia benigna de cerebro|||||||||||||||||F20
I50.9: Insuficiencia cardiaca, no especificada|N18.9: Enfermedad renal crónica, no especificada|D64.9: Anemia, no especificada|I48.91: Fibrilación auricular no especificada||||||||||||||||||F20
Q20.8: Otras malformaciones congénitas de las cámaras y conexiones cardiacas|J18.9: Neumonía, microorganismo no especificado|Y95: Afección nosocomial|J96.01: Insuficiencia respiratoria aguda con hipoxia|G40.909: Epilepsia, no especificada, no intratable, sin estado de mal epiléptico||F72: Discapacidad intelectual grave|Z79.01: Uso prolongado (actual) de anticoagulantes|Z59.3: Problemas relacionados con la vida en una institución residencial|||||||||||||F20
|F10.10: Abuso de alcohol, sin complicaciones|F71: Discapacidad intelectual moderada|I67.2: Aterosclerosis cerebral||||||||||||||||||F22
T84.029A: Luxación de prótesis interna de articulación no especificada, contacto inicial|Z96.649: Presencia de articulación de cadera artificial, no especificada||||||||||||||||||||F20
T84.029A: Luxación de prótesis interna de articulación no especificada, contacto inicial|Z59.3: Problemas relacionados con la vida en una institución residencial|Z96.649: Presencia de articulación de cadera artificial, no especificada|||||||||||||||||||F20
H25.9: Catarata senil, no especificada|||||||||||||||||||||F20
F25.9: Trastorno esquizoafectivo, no especificado|N64.3: Galactorrea no asociada al parto|M79.1: Mialgia|Z04.6: Contacto para reconocimiento médico psiquiátrico general, solicitado por la autoridad||||||||||||||||||F20
K80.18: Cálculo de vesícula biliar con otro tipo de colecistitis sin obstrucción|K66.0: Adherencias peritoneales (posprocedimiento) (posinfección)|E05.90: Tirotoxicosis, no especificada sin crisis tirotóxica ni tormenta tiroidea|F25.9: Trastorno esquizoafectivo, no especificado|Z86.2: Historia personal de enfermedades sanguíneas, órganos hemopoyéticos y ciertos trastornos que afectan al mecanismo inmunitario|||||||||||||||||F20
|E03.9: Hipotiroidismo, no especificado|Z04.6: Contacto para reconocimiento médico psiquiátrico general, solicitado por la autoridad|||||||||||||||||||F25
|Z72.0: Consumo de tabaco||||||||||||||||||||F23
K55.0: Trastornos vasculares agudos de intestino|K63.5: Pólipo de colon||Z72.0: Consumo de tabaco||||||||||||||||||F20
C92.40: Leucemia aguda promielocítica, sin haber alcanzado remisión|D65: Coagulación intravascular diseminada [síndrome de desfibrinación]|R78.81: Bacteriemia|E41: Marasmo nutricional|B95.4: Otros estreptococos como causa de enfermedades clasificadas bajo otro concepto|J96.00: Insuficiencia respiratoria aguda no especificada si con hipoxia o con hipercapnia|T49.0X5A: Efecto adverso de antifúngicos, antiinfecciosos y antiinflamatorios locales, contacto inicial|I46.8: Parada cardiaca debida a otra afección subyacente|Z72.0: Consumo de tabaco|E11.9: Diabetes mellitus tipo 2 sin complicaciones|I10: Hipertensión esencial (primaria)||E78.5: Hiperlipidemia, no especificada|||||||||F20
|F60.89: Otros tipos de trastornos específicos de personalidad|B18.2: Hepatitis vírica crónica tipo C|F12.10: Abuso de cannabis, sin complicaciones|Z59.3: Problemas relacionados con la vida en una institución residencial|Z91.19: Incumplimiento del paciente con otro tratamiento y régimen médico||||||||||||||||F25
|N40.0: Hiperplasia prostática benigna sin síntomas de tracto urinario inferior|Z86.59: Historia personal de otros trastornos mentales y del comportamiento|Z81.8: Historia familiar de otros trastornos mentales y del comportamiento|Z59.3: Problemas relacionados con la vida en una institución residencial|||||||||||||||||F25
F25.9: Trastorno esquizoafectivo, no especificado|F60.89: Otros tipos de trastornos específicos de personalidad|F10.10: Abuso de alcohol, sin complicaciones|B18.2: Hepatitis vírica crónica tipo C|Z91.19: Incumplimiento del paciente con otro tratamiento y régimen médico|Z81.8: Historia familiar de otros trastornos mentales y del comportamiento||||||||||||||||F20
F25.9: Trastorno esquizoafectivo, no especificado|F10.10: Abuso de alcohol, sin complicaciones|F60.89: Otros tipos de trastornos específicos de personalidad|F14.10: Abuso de cocaína, sin complicaciones|F12.10: Abuso de cannabis, sin complicaciones|B18.2: Hepatitis vírica crónica tipo C|Z81.8: Historia familiar de otros trastornos mentales y del comportamiento|||||||||||||||F20
F25.9: Trastorno esquizoafectivo, no especificado|F60.89: Otros tipos de trastornos específicos de personalidad|F10.10: Abuso de alcohol, sin complicaciones|F12.10: Abuso de cannabis, sin complicaciones|Z81.8: Historia familiar de otros trastornos mentales y del comportamiento|B18.2: Hepatitis vírica crónica tipo C||||||||||||||||F20
R19.7: Diarrea, no especificada|Z59.3: Problemas relacionados con la vida en una institución residencial|I13.10: Enfermedad cardiaca y renal crónica hipertensiva sin insuficiencia cardiaca, con enfermedad renal crónica en estadio 1 a 4 o enfermedad renal crónica no especificada|E11.22: Diabetes mellitus tipo 2 con nefropatía diabética crónica|N18.3: Enfermedad renal crónica, estadio 3 (moderada)|F17.210: Dependencia de nicotina, cigarrillos, sin complicaciones||G31.84: Deterioro cognitivo leve de etiología incierta o desconocida||||||||||||||F20
J69.0: Neumonitis debida a inhalación de alimentos y vómito|J96.00: Insuficiencia respiratoria aguda no especificada si con hipoxia o con hipercapnia||G31.84: Deterioro cognitivo leve de etiología incierta o desconocida|I13.10: Enfermedad cardiaca y renal crónica hipertensiva sin insuficiencia cardiaca, con enfermedad renal crónica en estadio 1 a 4 o enfermedad renal crónica no especificada|E11.22: Diabetes mellitus tipo 2 con nefropatía diabética crónica|N18.3: Enfermedad renal crónica, estadio 3 (moderada)|I73.9: Enfermedad vascular periférica, no especificada|Z90.49: Ausencia adquirida de otras partes especificadas del tracto digestivo|Z59.3: Problemas relacionados con la vida en una institución residencial||||||||||||F20
|C34.10: Neoplasia maligna de lóbulo superior, bronquio y pulmón no especificados|J96.00: Insuficiencia respiratoria aguda no especificada si con hipoxia o con hipercapnia|R04.2: Hemoptisis|I87.1: Compresión de vena|F17.200: Dependencia de nicotina no especificada, sin complicaciones|Z51.5: Contacto para cuidados paliativos|||||||||||||||F20
C18.7: Neoplasia maligna de colon sigmoide|C78.00: Neoplasia maligna secundaria de pulmón no especificado|J96.01: Insuficiencia respiratoria aguda con hipoxia|C78.7: Neoplasia maligna secundaria de hígado y vías biliares intrahepáticas|C78.6: Neoplasia maligna secundaria de retroperitoneo y peritoneo|G89.3: Dolor (agudo) (crónico) relacionado con neoplasia||K44.9: Hernia diafragmática sin obstrucción ni gangrena|Z51.5: Contacto para cuidados paliativos|Z59.3: Problemas relacionados con la vida en una institución residencial||||||||||||F25
J98.8: Otros trastornos respiratorios especificados|I50.9: Insuficiencia cardiaca, no especificada|K59.00: Estreñimiento, no especificado|F03.90: Demencia no especificada, gravedad no especificada, sin alteración del comportamiento, alteración psicótica, alteración del estado de ánimo ni ansiedad|F41.9: Trastorno de ansiedad, no especificado||Z87.440: Historia personal de infecciones del tracto urinario|||||||||||||||F29
|D68.51: Resistencia a la proteína C activada|I34.0: Insuficiencia (de la válvula) mitral no reumática|Z86.73: Historia personal de ataque isquémico transitorio (AIT) e infarto cerebral sin déficits residuales|Z56.0: Desempleo, no especificado|Z81.8: Historia familiar de otros trastornos mentales y del comportamiento|Z71.89: Otro asesoramiento específico|||||||||||||||F22
|F11.21: Dependencia de opiáceos, en remisión|C44.310: Carcinoma basocelular de piel de parte no especificada de la cara|A31.0: Infección por micobacterias pulmonares|B18.2: Hepatitis vírica crónica tipo C|Z04.6: Contacto para reconocimiento médico psiquiátrico general, solicitado por la autoridad|F17.200: Dependencia de nicotina no especificada, sin complicaciones|Z60.2: Problemas relacionados con vivir solo||||||||||||||F20
K52.89: Otras gastroenteritis y colitis no infecciosas especificadas|J98.8: Otros trastornos respiratorios especificados|B96.89: Otros agentes bacterianos como causa de enfermedades clasificadas bajo otro concepto||B18.2: Hepatitis vírica crónica tipo C|F19.21: Dependencia de otra sustancia psicoactiva, en remisión||||||||||||||||F20
J98.8: Otros trastornos respiratorios especificados|B96.5: Pseudomonas (aeruginosa) (mallei) (pseudomallei) como causa de enfermedades clasificadas bajo otro concepto|J96.92: Insuficiencia respiratoria no especificada, con hipercapnia|E87.2: Acidosis|J43.9: Enfisema, no especificado|I48.91: Fibrilación auricular no especificada|N17.9: Fallo renal agudo, no especificado|J98.01: Broncoespasmo agudo|J90: Derrame pleural, no clasificable bajo otro concepto|F17.210: Dependencia de nicotina, cigarrillos, sin complicaciones|F11.21: Dependencia de opiáceos, en remisión||K75.9: Enfermedad inflamatoria de hígado, no especificada|Z59.3: Problemas relacionados con la vida en una institución residencial|Z59.3: Problemas relacionados con la vida en una institución residencial|Z85.828: Historia personal de otras neoplasias malignas de piel|Z87.01: Historia personal de neumonía (recurrente)|||||F20
|B18.2: Hepatitis vírica crónica tipo C|S42.401A: Fractura no especificada de extremo inferior de húmero derecho, contacto inicial por fractura cerrada|Z04.6: Contacto para reconocimiento médico psiquiátrico general, solicitado por la autoridad|Z81.8: Historia familiar de otros trastornos mentales y del comportamiento|||||||||||||||||F20
|Z04.6: Contacto para reconocimiento médico psiquiátrico general, solicitado por la autoridad|Z60.2: Problemas relacionados con vivir solo|Z63.5: Ruptura familiar por separación y divorcio|Z91.19: Incumplimiento del paciente con otro tratamiento y régimen médico|||||||||||||||||F22
|F25.9: Trastorno esquizoafectivo, no especificado||||||||||||||||||||F20
R10.10: Dolor en abdomen superior, no especificado|K57.30: Diverticulosis de colon sin perforación ni absceso, sin hemorragia||F32.9: Trastorno depresivo mayor, episodio único, no especificado|E11.9: Diabetes mellitus tipo 2 sin complicaciones|Z79.4: Uso prolongado (actual) de insulina|I10: Hipertensión esencial (primaria)|F17.200: Dependencia de nicotina no especificada, sin complicaciones|E78.0: Hipercolesterolemia pura|||||||||||||F20
J44.9: Enfermedad pulmonar obstructiva crónica, no especificada|F17.210: Dependencia de nicotina, cigarrillos, sin complicaciones|J31.0: Rinitis crónica|B95.62: Infección por Staphylococcus aureus resistente a meticilina como causa de enfermedades clasificadas bajo otro concepto||||||||||||||||||F20
J44.9: Enfermedad pulmonar obstructiva crónica, no especificada|J98.8: Otros trastornos respiratorios especificados|F17.210: Dependencia de nicotina, cigarrillos, sin complicaciones||I10: Hipertensión esencial (primaria)|||||||||||||||||F20
J44.9: Enfermedad pulmonar obstructiva crónica, no especificada|J96.90: Insuficiencia respiratoria no especificada, sin especificar si con hipoxia o con hipercapnia|F17.210: Dependencia de nicotina, cigarrillos, sin complicaciones||I10: Hipertensión esencial (primaria)|N40.0: Hiperplasia prostática benigna sin síntomas de tracto urinario inferior||||||||||||||||F20
J44.0: Enfermedad pulmonar obstructiva crónica con infección (aguda) de las vías respiratorias inferiores|F17.210: Dependencia de nicotina, cigarrillos, sin complicaciones||I10: Hipertensión esencial (primaria)|N40.0: Hiperplasia prostática benigna sin síntomas de tracto urinario inferior|E78.5: Hiperlipidemia, no especificada|E66.9: Obesidad, no especificada|F41.8: Otros trastornos de ansiedad especificados||||||||||||||F20
|F12.20: Dependencia de cannabis, sin complicaciones|F14.20: Dependencia de cocaína, sin complicaciones|F10.20: Dependencia de alcohol, sin complicaciones|F60.9: Trastorno de personalidad, no especificado|||||||||||||||||F20
|F60.9: Trastorno de personalidad, no especificado|F10.10: Abuso de alcohol, sin complicaciones|F14.10: Abuso de cocaína, sin complicaciones|F12.10: Abuso de cannabis, sin complicaciones|Z91.19: Incumplimiento del paciente con otro tratamiento y régimen médico||||||||||||||||F20
|F60.9: Trastorno de personalidad, no especificado|F12.10: Abuso de cannabis, sin complicaciones|F10.10: Abuso de alcohol, sin complicaciones|Z90.49: Ausencia adquirida de otras partes especificadas del tracto digestivo|||||||||||||||||F20
|F12.288: Dependencia de cannabis, con otro trastorno inducido por cannabis|F60.9: Trastorno de personalidad, no especificado|F19.288: Dependencia de otra sustancia psicoactiva, con otro trastorno inducido por sustancias psicoactivas|Z90.89: Ausencia adquirida de otros órganos|||||||||||||||||F20
|F60.9: Trastorno de personalidad, no especificado|F12.20: Dependencia de cannabis, sin complicaciones|Z91.19: Incumplimiento del paciente con otro tratamiento y régimen médico||||||||||||||||||F20
|F12.20: Dependencia de cannabis, sin complicaciones|F14.10: Abuso de cocaína, sin complicaciones|F60.89: Otros tipos de trastornos específicos de personalidad|Z04.6: Contacto para reconocimiento médico psiquiátrico general, solicitado por la autoridad|Z91.19: Incumplimiento del paciente con otro tratamiento y régimen médico||||||||||||||||F20
|F12.20: Dependencia de cannabis, sin complicaciones|F14.10: Abuso de cocaína, sin complicaciones|F60.89: Otros tipos de trastornos específicos de personalidad|F17.200: Dependencia de nicotina no especificada, sin complicaciones|Z91.19: Incumplimiento del paciente con otro tratamiento y régimen médico||||||||||||||||F20
I50.9: Insuficiencia cardiaca, no especificada|I35.0: Estenosis (de la válvula) aórtica no reumática|K58.9: Síndrome de intestino irritable sin diarrea|E03.9: Hipotiroidismo, no especificado|K44.9: Hernia diafragmática sin obstrucción ni gangrena|K80.20: Cálculo de vesícula biliar sin colecistitis sin obstrucción|K76.0: Hígado graso (degeneración grasa) de hígado, no clasificado bajo otro concepto|K64.8: Otras hemorroides|G21.11: Parkinsonismo inducido por neurolépticos||Z86.73: Historia personal de ataque isquémico transitorio (AIT) e infarto cerebral sin déficits residuales|Z79.82: Uso prolongado (actual) de aspirina||||||||||F22
I50.9: Insuficiencia cardiaca, no especificada|D50.9: Anemia ferropénica, no especificada|I35.0: Estenosis (de la válvula) aórtica no reumática|G21.11: Parkinsonismo inducido por neurolépticos|K44.9: Hernia diafragmática sin obstrucción ni gangrena|K58.9: Síndrome de intestino irritable sin diarrea|E03.9: Hipotiroidismo, no especificado||Z86.73: Historia personal de ataque isquémico transitorio (AIT) e infarto cerebral sin déficits residuales|Z79.82: Uso prolongado (actual) de aspirina|Z59.3: Problemas relacionados con la vida en una institución residencial|||||||||||F22
R31.9: Hematuria, no especificada|I12.9: Enfermedad renal crónica hipertensiva con enfermedad renal crónica en estadio 1 a 4 o con enfermedad renal crónica no especificada|N18.9: Enfermedad renal crónica, no especificada|E78.5: Hiperlipidemia, no especificada||F10.21: Dependencia de alcohol, en remisión|Z96.641: Presencia de articulación de cadera derecha artificial|Z74.3: Necesidad de supervisión continua||||||||||||||F20
J93.9: Neumotórax, no especificado|J96.00: Insuficiencia respiratoria aguda no especificada si con hipoxia o con hipercapnia|J98.8: Otros trastornos respiratorios especificados|R41.81: Deterioro cognitivo relacionado con la edad|I12.9: Enfermedad renal crónica hipertensiva con enfermedad renal crónica en estadio 1 a 4 o con enfermedad renal crónica no especificada|N18.9: Enfermedad renal crónica, no especificada|E78.5: Hiperlipidemia, no especificada||F10.21: Dependencia de alcohol, en remisión|Z96.641: Presencia de articulación de cadera derecha artificial|Z74.3: Necesidad de supervisión continua|Z59.3: Problemas relacionados con la vida en una institución residencial|N40.0: Hiperplasia prostática benigna sin síntomas de tracto urinario inferior|Z79.01: Uso prolongado (actual) de anticoagulantes|Z79.01: Uso prolongado (actual) de anticoagulantes|||||||F20
|E78.00: Hipercolesterolemia pura, no especificada||||||||||||||||||||F25
|N39.0: Infección de tracto urinario, localización no especificada|Z60.2: Problemas relacionados con vivir solo|Z81.0: Historia familiar de discapacidad intelectual||||||||||||||||||F22
|I25.5: Miocardiopatía isquémica|I10: Hipertensión esencial (primaria)|||||||||||||||||||F20
|I10: Hipertensión esencial (primaria)|E78.4: Otros tipos de hiperlipidemia|R78.89: Hallazgo de otras sustancias especificadas, que no se encuentran normalmente en sangre|G47.33: Apnea obstructiva del sueño (del adulto) (pediátrica)|||||||||||||||||F22
|Z63.79: Otros acontecimientos de la vida que generan estrés en la familia y el hogar|Z63.9: Problema relacionado con el grupo de apoyo primario, no especificado|Z65.8: Otros problemas especificados relacionados con circunstancias psicosociales|Z65.8: Otros problemas especificados relacionados con circunstancias psicosociales|||||||||||||||||F20
|E78.4: Otros tipos de hiperlipidemia|Z59.3: Problemas relacionados con la vida en una institución residencial|||||||||||||||||||F20
|Z04.6: Contacto para reconocimiento médico psiquiátrico general, solicitado por la autoridad|Z60.2: Problemas relacionados con vivir solo|Z91.19: Incumplimiento del paciente con otro tratamiento y régimen médico||||||||||||||||||F20
F25.9: Trastorno esquizoafectivo, no especificado|J45.909: Asma no especificada, sin complicaciones|M51.9: Trastorno no especificado de disco intervertebral dorsal, dorsolumbar y lumbosacro|||||||||||||||||||F20
F60.0: Trastorno de personalidad paranoide||E79.0: Hiperuricemia sin signos de artritis inflamatoria y enfermedad tofácea|Z91.5: Historia personal de autolesión|F79: Discapacidad intelectual no especificada|||||||||||||||||F20
|F60.0: Trastorno de personalidad paranoide|Z91.5: Historia personal de autolesión|F79: Discapacidad intelectual no especificada||||||||||||||||||F20
K22.70: Esófago de Barrett sin displasia|K21.0: Enfermedad por reflujo gastroesofágico con esofagitis|K44.9: Hernia diafragmática sin obstrucción ni gangrena|E66.9: Obesidad, no especificada||||||||||||||||||F20
J98.8: Otros trastornos respiratorios especificados|I50.9: Insuficiencia cardiaca, no especificada|I48.2: Fibrilación auricular crónica|K57.30: Diverticulosis de colon sin perforación ni absceso, sin hemorragia||K91.89: Otras complicaciones y trastornos de aparato digestivo posprocedimiento|K08.89: Otros trastornos especificados de dientes y estructuras de soporte|Y83.8: Otros procedimientos quirúrgicos como causa de reacción anormal del paciente o de complicación posterior, sin mención de evento adverso en el momento del procedimiento|Z90.710: Ausencia adquirida de ambos, de cuello uterino y de útero|Z59.3: Problemas relacionados con la vida en una institución residencial||||||||||||F22
J98.8: Otros trastornos respiratorios especificados|J98.01: Broncoespasmo agudo|R10.9: Dolor abdominal no especificado||K59.00: Estreñimiento, no especificado|I48.91: Fibrilación auricular no especificada|Z79.01: Uso prolongado (actual) de anticoagulantes|K57.30: Diverticulosis de colon sin perforación ni absceso, sin hemorragia|Z59.3: Problemas relacionados con la vida en una institución residencial|Z90.710: Ausencia adquirida de ambos, de cuello uterino y de útero||||||||||||F22
|G31.84: Deterioro cognitivo leve de etiología incierta o desconocida|I12.9: Enfermedad renal crónica hipertensiva con enfermedad renal crónica en estadio 1 a 4 o con enfermedad renal crónica no especificada|N18.9: Enfermedad renal crónica, no especificada|C50.811: Neoplasia maligna de localizaciones contiguas de mama femenina derecha|E05.00: Tirotoxicosis con bocio difuso sin crisis tirotóxica ni tormenta tiroidea|Z04.6: Contacto para reconocimiento médico psiquiátrico general, solicitado por la autoridad|Z60.2: Problemas relacionados con vivir solo|Z86.73: Historia personal de ataque isquémico transitorio (AIT) e infarto cerebral sin déficits residuales|||||||||||||F22
C50.419: Neoplasia maligna de cuadrante superior externo de mama femenina, lado no especificado||Z17.0: Estado de receptor de estrógeno positivo [RE+]|||||||||||||||||||F20
E11.649: Diabetes mellitus tipo 2 con hipoglucemia sin coma|Z79.4: Uso prolongado (actual) de insulina|G40.909: Epilepsia, no especificada, no intratable, sin estado de mal epiléptico|T17.908A: Cuerpo extraño no especificado en vías respiratorias, parte no especificada, que produce otras lesiones, contacto inicial|R33.9: Retención urinaria, no especificada|I48.0: Fibrilación paroxística auricular|E11.42: Diabetes mellitus tipo 2 con polineuropatía diabética|G56.02: Síndrome del túnel carpiano, extremidad superior izquierda|E11.22: Diabetes mellitus tipo 2 con nefropatía diabética crónica|I12.9: Enfermedad renal crónica hipertensiva con enfermedad renal crónica en estadio 1 a 4 o con enfermedad renal crónica no especificada|N18.3: Enfermedad renal crónica, estadio 3 (moderada)|E78.5: Hiperlipidemia, no especificada|I25.2: Infarto de miocardio antiguo|K57.30: Diverticulosis de colon sin perforación ni absceso, sin hemorragia|K57.30: Diverticulosis de colon sin perforación ni absceso, sin hemorragia|I70.219: Aterosclerosis de arterias nativas de extremidades con claudicación intermitente, extremidad no especificada|D50.9: Anemia ferropénica, no especificada||J84.89: Otros tipos de enfermedades pulmonares intersticiales especificadas|Z79.82: Uso prolongado (actual) de aspirina|M20.001: Deformidad no especificada, dedo(s) de mano derecha|F29
S72.102A: Fractura de trocánter no especificado de fémur izquierdo, contacto inicial por fractura cerrada|W19.XXXA: Caída no especificada, contacto inicial|E78.5: Hiperlipidemia, no especificada|I13.0: Enfermedad cardiaca y renal crónica hipertensiva con insuficiencia cardiaca y enfermedad renal crónica estadios 1 a 4 o enfermedad renal crónica no especificada|N18.9: Enfermedad renal crónica, no especificada|I50.9: Insuficiencia cardiaca, no especificada|I73.9: Enfermedad vascular periférica, no especificada||Z86.73: Historia personal de ataque isquémico transitorio (AIT) e infarto cerebral sin déficits residuales|||||||||||||F29
J47.0: Bronquiectasias con infección aguda de vías respiratorias bajas|J18.9: Neumonía, microorganismo no especificado|J96.00: Insuficiencia respiratoria aguda no especificada si con hipoxia o con hipercapnia|E66.2: Obesidad mórbida (severa) con hipoventilación alveolar|F17.210: Dependencia de nicotina, cigarrillos, sin complicaciones|E11.9: Diabetes mellitus tipo 2 sin complicaciones|E78.0: Hipercolesterolemia pura||Z99.11: Estado de dependencia de respirador [ventilador]|Z99.81: Dependencia de oxígeno suplementario|Z59.3: Problemas relacionados con la vida en una institución residencial|||||||||||F20
J98.8: Otros trastornos respiratorios especificados|J44.9: Enfermedad pulmonar obstructiva crónica, no especificada|J96.22: Insuficiencia respiratoria aguda y crónica con hipercapnia|E66.2: Obesidad mórbida (severa) con hipoventilación alveolar|E11.9: Diabetes mellitus tipo 2 sin complicaciones|Z79.84: Uso prolongado (actual) de medicamentos hipoglucemiantes orales|E78.5: Hiperlipidemia, no especificada|E89.0: Hipotiroidismo posprocedimiento||F17.290: Dependencia de nicotina, otro producto de tabaco, sin complicaciones|Z99.81: Dependencia de oxígeno suplementario|Z91.048: Estado de alergia a otras sustancias no medicinales|Z59.3: Problemas relacionados con la vida en una institución residencial|||||||||F20
J44.9: Enfermedad pulmonar obstructiva crónica, no especificada|J96.11: Insuficiencia respiratoria crónica con hipoxia|J96.12: Insuficiencia respiratoria crónica con hipercapnia|E66.2: Obesidad mórbida (severa) con hipoventilación alveolar|F17.210: Dependencia de nicotina, cigarrillos, sin complicaciones|E11.9: Diabetes mellitus tipo 2 sin complicaciones|E78.0: Hipercolesterolemia pura||Z99.11: Estado de dependencia de respirador [ventilador]|Z99.81: Dependencia de oxígeno suplementario|Z59.3: Problemas relacionados con la vida en una institución residencial|||||||||||F20
J44.1: Enfermedad pulmonar obstructiva crónica con exacerbación (aguda)|E66.2: Obesidad mórbida (severa) con hipoventilación alveolar|J96.22: Insuficiencia respiratoria aguda y crónica con hipercapnia|E87.2: Acidosis|F17.210: Dependencia de nicotina, cigarrillos, sin complicaciones|E11.9: Diabetes mellitus tipo 2 sin complicaciones|E78.5: Hiperlipidemia, no especificada||Z99.11: Estado de dependencia de respirador [ventilador]|Z99.81: Dependencia de oxígeno suplementario|Z59.3: Problemas relacionados con la vida en una institución residencial|||||||||||F20
J44.1: Enfermedad pulmonar obstructiva crónica con exacerbación (aguda)|J98.8: Otros trastornos respiratorios especificados|E66.2: Obesidad mórbida (severa) con hipoventilación alveolar|J96.22: Insuficiencia respiratoria aguda y crónica con hipercapnia|E87.2: Acidosis|F17.210: Dependencia de nicotina, cigarrillos, sin complicaciones|E11.9: Diabetes mellitus tipo 2 sin complicaciones|Z79.84: Uso prolongado (actual) de medicamentos hipoglucemiantes orales|E78.5: Hiperlipidemia, no especificada||Z99.89: Dependencia de otras máquinas y dispositivos de apoyo|Z99.81: Dependencia de oxígeno suplementario|Z59.3: Problemas relacionados con la vida en una institución residencial|||||||||F20
J44.1: Enfermedad pulmonar obstructiva crónica con exacerbación (aguda)|J98.8: Otros trastornos respiratorios especificados|J96.20: Insuficiencia respiratoria aguda y crónica no especificada si con hipoxia o con hipercapnia|E87.2: Acidosis|E66.2: Obesidad mórbida (severa) con hipoventilación alveolar|F17.210: Dependencia de nicotina, cigarrillos, sin complicaciones|E11.9: Diabetes mellitus tipo 2 sin complicaciones|Z79.84: Uso prolongado (actual) de medicamentos hipoglucemiantes orales|E78.5: Hiperlipidemia, no especificada||Z99.89: Dependencia de otras máquinas y dispositivos de apoyo|Z99.81: Dependencia de oxígeno suplementario|Z59.3: Problemas relacionados con la vida en una institución residencial|||||||||F20
J44.1: Enfermedad pulmonar obstructiva crónica con exacerbación (aguda)|J96.22: Insuficiencia respiratoria aguda y crónica con hipercapnia|E66.2: Obesidad mórbida (severa) con hipoventilación alveolar|F17.210: Dependencia de nicotina, cigarrillos, sin complicaciones|E11.9: Diabetes mellitus tipo 2 sin complicaciones|Z79.84: Uso prolongado (actual) de medicamentos hipoglucemiantes orales|E78.5: Hiperlipidemia, no especificada||Z99.89: Dependencia de otras máquinas y dispositivos de apoyo|Z99.81: Dependencia de oxígeno suplementario|Z59.3: Problemas relacionados con la vida en una institución residencial|E89.0: Hipotiroidismo posprocedimiento||||||||||F20
J13: Neumonía por Streptococcus pneumoniae|J96.22: Insuficiencia respiratoria aguda y crónica con hipercapnia|J44.0: Enfermedad pulmonar obstructiva crónica con infección (aguda) de las vías respiratorias inferiores|E66.2: Obesidad mórbida (severa) con hipoventilación alveolar|F17.210: Dependencia de nicotina, cigarrillos, sin complicaciones|E11.9: Diabetes mellitus tipo 2 sin complicaciones|Z79.84: Uso prolongado (actual) de medicamentos hipoglucemiantes orales|E78.5: Hiperlipidemia, no especificada||Z99.89: Dependencia de otras máquinas y dispositivos de apoyo|Z99.81: Dependencia de oxígeno suplementario|Z59.3: Problemas relacionados con la vida en una institución residencial|E89.0: Hipotiroidismo posprocedimiento|||||||||F20
E66.2: Obesidad mórbida (severa) con hipoventilación alveolar|J96.20: Insuficiencia respiratoria aguda y crónica no especificada si con hipoxia o con hipercapnia|F17.200: Dependencia de nicotina no especificada, sin complicaciones||E11.9: Diabetes mellitus tipo 2 sin complicaciones|E78.0: Hipercolesterolemia pura|F17.200: Dependencia de nicotina no especificada, sin complicaciones|Z59.3: Problemas relacionados con la vida en una institución residencial||||||||||||||F20
|K44.9: Hernia diafragmática sin obstrucción ni gangrena|Z86.73: Historia personal de ataque isquémico transitorio (AIT) e infarto cerebral sin déficits residuales|I12.9: Enfermedad renal crónica hipertensiva con enfermedad renal crónica en estadio 1 a 4 o con enfermedad renal crónica no especificada|N18.9: Enfermedad renal crónica, no especificada|Z81.8: Historia familiar de otros trastornos mentales y del comportamiento||||||||||||||||F20
N39.0: Infección de tracto urinario, localización no especificada|I13.10: Enfermedad cardiaca y renal crónica hipertensiva sin insuficiencia cardiaca, con enfermedad renal crónica en estadio 1 a 4 o enfermedad renal crónica no especificada|N18.9: Enfermedad renal crónica, no especificada|I69.951: Hemiplejia y hemiparesia tras enfermedad cerebrovascular no especificada con afectación de lado derecho dominante|I69.922: Disartria tras enfermedad cerebrovascular no especificada|K44.9: Hernia diafragmática sin obstrucción ni gangrena||||||||||||||||F20
I12.0: Enfermedad renal crónica hipertensiva con enfermedad renal crónica en estadio 5 o con enfermedad renal en estadio terminal|N18.5: Enfermedad renal crónica, estadio fase 5|I25.5: Miocardiopatía isquémica|I10: Hipertensión esencial (primaria)||Z86.73: Historia personal de ataque isquémico transitorio (AIT) e infarto cerebral sin déficits residuales||||||||||||||||F20
I63.50: Infarto cerebral debido a oclusión o estenosis no especificada de arteria cerebral no especificada|R47.1: Disartria y anartria|G51.0: Parálisis de Bell|I11.0: Enfermedad cardíaca hipertensiva con insuficiencia cardiaca|N18.5: Enfermedad renal crónica, estadio fase 5|F17.200: Dependencia de nicotina no especificada, sin complicaciones||I69.922: Disartria tras enfermedad cerebrovascular no especificada|Z79.02: Uso prolongado (actual) de antitrombóticos / antiplaquetarios|||||||||||||F20
I62.00: Hemorragia subdural no traumática, no especificada|J96.92: Insuficiencia respiratoria no especificada, con hipercapnia|R40.2134: Escala de coma, apertura ocular, al sonido, 24 horas o más del ingreso hospitalario|R40.2214: Escala de coma, mejor respuesta verbal, ninguna, 24 horas o más después del ingreso hospitalario|R40.2344: Escala de coma, mejor respuesta motora, retirada en flexión, 24 horas o más después del ingreso hospitalario|I11.9: Enfermedad cardiaca hipertensiva sin insuficiencia cardiaca|E78.5: Hiperlipidemia, no especificada||M06.9: Artritis reumatoide no especificada|H91.90: Pérdida de audición no especificada, oído no especificado|M88.9: Osteítis deformante, hueso no especificado|||||||||||F20
K52.9: Gastroenteritis y colitis no infecciosas, no especificadas|E11.9: Diabetes mellitus tipo 2 sin complicaciones|E78.00: Hipercolesterolemia pura, no especificada||F17.210: Dependencia de nicotina, cigarrillos, sin complicaciones|E66.2: Obesidad mórbida (severa) con hipoventilación alveolar|Z59.3: Problemas relacionados con la vida en una institución residencial|Z79.84: Uso prolongado (actual) de medicamentos hipoglucemiantes orales|Z98.41: Estado de extracción de catarata, ojo derecho|Z98.42: Estado de extracción de catarata, ojo izquierdo|Z86.018: Historia personal de otro tipo de neoplasia benigna|||||||||||F20
F25.9: Trastorno esquizoafectivo, no especificado|G31.84: Deterioro cognitivo leve de etiología incierta o desconocida|I95.2: Hipotensión debida a fármacos|||||||||||||||||||F20
|F60.5: Trastorno de personalidad obsesivo-compulsivo|Z81.8: Historia familiar de otros trastornos mentales y del comportamiento|||||||||||||||||||F25
|F60.5: Trastorno de personalidad obsesivo-compulsivo|F51.05: Insomnio debido a otro trastorno mental|Z81.8: Historia familiar de otros trastornos mentales y del comportamiento||||||||||||||||||F25
|E03.9: Hipotiroidismo, no especificado|Z81.8: Historia familiar de otros trastornos mentales y del comportamiento|||||||||||||||||||F25
|R44.0: Alucinaciones auditivas|F64.9: Trastorno de identidad sexual, no especificado|Z91.19: Incumplimiento del paciente con otro tratamiento y régimen médico|E78.00: Hipercolesterolemia pura, no especificada|E03.9: Hipotiroidismo, no especificado||||||||||||||||F25
F25.9: Trastorno esquizoafectivo, no especificado|E03.9: Hipotiroidismo, no especificado|Z04.6: Contacto para reconocimiento médico psiquiátrico general, solicitado por la autoridad|Z81.8: Historia familiar de otros trastornos mentales y del comportamiento|Z63.5: Ruptura familiar por separación y divorcio|Z91.19: Incumplimiento del paciente con otro tratamiento y régimen médico||||||||||||||||F20
S82.899A: Otra fractura de pierna no especificada, contacto inicial por fractura cerrada|I10: Hipertensión esencial (primaria)|E78.4: Otros tipos de hiperlipidemia|E03.9: Hipotiroidismo, no especificado||||||||||||||||||F20
|Z04.6: Contacto para reconocimiento médico psiquiátrico general, solicitado por la autoridad|Z91.19: Incumplimiento del paciente con otro tratamiento y régimen médico|||||||||||||||||||F29
|B18.2: Hepatitis vírica crónica tipo C|Z21: Estado de infección asintomática por virus de inmunodeficiencia humana [VIH]|E78.4: Otros tipos de hiperlipidemia|Z91.19: Incumplimiento del paciente con otro tratamiento y régimen médico|Z60.2: Problemas relacionados con vivir solo|Z04.6: Contacto para reconocimiento médico psiquiátrico general, solicitado por la autoridad|||||||||||||||F20
S83.412A: Esguince de ligamento colateral interno de rodilla izquierda, contacto inicial|V29.9XXA: V29.9XXA||||||||||||||||||||F20
|I10: Hipertensión esencial (primaria)|E11.21: Diabetes mellitus tipo 2 con nefropatía diabética|E11.319: Diabetes mellitus tipo 2 con retinopatía diabética no especificada sin edema macular|E78.5: Hiperlipidemia, no especificada|I25.2: Infarto de miocardio antiguo|Z90.710: Ausencia adquirida de ambos, de cuello uterino y de útero|Z90.722: Ausencia adquirida de ovarios, bilateral|Z79.4: Uso prolongado (actual) de insulina|Z79.82: Uso prolongado (actual) de aspirina||||||||||||F22
F25.9: Trastorno esquizoafectivo, no especificado|E03.9: Hipotiroidismo, no especificado|M81.0: Osteoporosis relacionada con la edad, sin fractura patológica actual|M41.20: Otra escoliosis idiopática, localización no especificada|Z91.19: Incumplimiento del paciente con otro tratamiento y régimen médico|Z04.6: Contacto para reconocimiento médico psiquiátrico general, solicitado por la autoridad|Z60.2: Problemas relacionados con vivir solo|Z62.891: Rivalidad entre hermanos|Z88.0: Estado de alergia a penicilina|Z88.1: Estado de alergia a otros antibióticos||||||||||||F20
B00.4: Encefalitis herpética|J45.901: Asma no especificada con exacerbación (aguda)|I82.A12: Embolia y trombosis agudas de vena axilar izquierda|I82.B12: Embolia y trombosis agudas de vena subclavia izquierda|J18.9: Neumonía, microorganismo no especificado|E44.1: Malnutrición calórico-proteica leve|F17.210: Dependencia de nicotina, cigarrillos, sin complicaciones|||||||||||||||F20
S06.0X0A: Conmoción sin pérdida de conciencia, contacto inicial|R58: Hemorragia, no clasificada bajo otro concepto|E87.1: Hiposmolaridad e hiponatremia|F50.8: Otros trastornos de la conducta alimentaria|G40.901: Epilepsia, no especificada, no intratable, con estado de mal epiléptico|D62: Anemia poshemorrágica aguda||E46: Malnutrición calórico-proteica no especificada|I80.8: Flebitis y tromboflebitis de otras localizaciones|Z91.19: Incumplimiento del paciente con otro tratamiento y régimen médico|M62.82: Rabdomiolisis|F17.200: Dependencia de nicotina no especificada, sin complicaciones|F10.10: Abuso de alcohol, sin complicaciones|Z60.2: Problemas relacionados con vivir solo|Z60.2: Problemas relacionados con vivir solo|||||||F20
A41.9: Sepsis, microorganismo no especificado|N39.0: Infección de tracto urinario, localización no especificada|J18.0: Bronconeumonía, microorganismo no especificado|N17.9: Fallo renal agudo, no especificado|E86.0: Deshidratación|E87.0: Hiperosmolaridad e hipernatremia|I50.9: Insuficiencia cardiaca, no especificada|D64.9: Anemia, no especificada|E11.9: Diabetes mellitus tipo 2 sin complicaciones||I48.91: Fibrilación auricular no especificada|H90.5: Pérdida auditiva neurosensorial no especificada|N40.0: Hiperplasia prostática benigna sin síntomas de tracto urinario inferior|R25.1: Temblor no especificado|R25.1: Temblor no especificado|Z79.84: Uso prolongado (actual) de medicamentos hipoglucemiantes orales|Z79.01: Uso prolongado (actual) de anticoagulantes|Z59.3: Problemas relacionados con la vida en una institución residencial||||F20
J18.9: Neumonía, microorganismo no especificado|J91.8: Derrame pleural en otras afecciones clasificadas bajo otro concepto|C84.93: Linfomas de células T/NK maduras, no especificados, ganglios linfáticos intraabdominales||Z96.659: Presencia de articulación de rodilla artificial, no especificada|Z59.3: Problemas relacionados con la vida en una institución residencial||||||||||||||||F20
|Z59.9: Problema relacionado con la vivienda y circunstancias económicas, no especificadas|Z63.9: Problema relacionado con el grupo de apoyo primario, no especificado|Z60.3: Dificultades por aculturación|Z65.8: Otros problemas especificados relacionados con circunstancias psicosociales|Z72.4: Dieta y hábitos alimentarios inapropiados||||||||||||||||F20
R09.02: Hipoxemia|J44.9: Enfermedad pulmonar obstructiva crónica, no especificada|E66.01: Obesidad mórbida (severa) por exceso de calorías||F17.200: Dependencia de nicotina no especificada, sin complicaciones|||||||||||||||||F20
K52.9: Gastroenteritis y colitis no infecciosas, no especificadas||G31.84: Deterioro cognitivo leve de etiología incierta o desconocida|I10: Hipertensión esencial (primaria)|E11.9: Diabetes mellitus tipo 2 sin complicaciones|E79.0: Hiperuricemia sin signos de artritis inflamatoria y enfermedad tofácea|F10.21: Dependencia de alcohol, en remisión|C61: Neoplasia maligna de próstata|R40.4: Alteración transitoria de conciencia|Z96.643: Presencia de articulación de cadera artificial, bilateral|Z85.038: Historia personal de otra neoplasia maligna de intestino grueso|Z79.82: Uso prolongado (actual) de aspirina|Z87.891: Historia personal de dependencia a nicotina|||||||||F22
K52.9: Gastroenteritis y colitis no infecciosas, no especificadas|N17.9: Fallo renal agudo, no especificado|I10: Hipertensión esencial (primaria)|E79.0: Hiperuricemia sin signos de artritis inflamatoria y enfermedad tofácea|E11.9: Diabetes mellitus tipo 2 sin complicaciones||G31.84: Deterioro cognitivo leve de etiología incierta o desconocida|F10.21: Dependencia de alcohol, en remisión|Z96.643: Presencia de articulación de cadera artificial, bilateral|Z85.038: Historia personal de otra neoplasia maligna de intestino grueso|C61: Neoplasia maligna de próstata|Z79.82: Uso prolongado (actual) de aspirina|Z87.891: Historia personal de dependencia a nicotina|||||||||F22
C7A.1: Tumores neuroendocrinos malignos mal diferenciados||E83.52: Hipercalcemia|N17.9: Fallo renal agudo, no especificado|K44.9: Hernia diafragmática sin obstrucción ni gangrena|K21.9: Enfermedad por reflujo gastroesofágico sin esofagitis|Z87.891: Historia personal de dependencia a nicotina|Z92.21: Historia personal de quimioterapia antineoplásica|Z86.19: Historia personal de otras enfermedades infecciosas y parasitarias|Z51.5: Contacto para cuidados paliativos||||||||||||F22
|F18.10: Abuso de inhalantes, sin complicaciones|Z56.0: Desempleo, no especificado|Z04.6: Contacto para reconocimiento médico psiquiátrico general, solicitado por la autoridad||||||||||||||||||F20
|Z65.8: Otros problemas especificados relacionados con circunstancias psicosociales|Z04.6: Contacto para reconocimiento médico psiquiátrico general, solicitado por la autoridad|Z91.19: Incumplimiento del paciente con otro tratamiento y régimen médico||||||||||||||||||F20
I63.50: Infarto cerebral debido a oclusión o estenosis no especificada de arteria cerebral no especificada|Z60.2: Problemas relacionados con vivir solo|Z65.8: Otros problemas especificados relacionados con circunstancias psicosociales|Z75.1: Persona en espera de admisión en servicio de salud en otro lugar||F10.10: Abuso de alcohol, sin complicaciones|F17.200: Dependencia de nicotina no especificada, sin complicaciones|E44.1: Malnutrición calórico-proteica leve||||||||||||||F20
|Z91.19: Incumplimiento del paciente con otro tratamiento y régimen médico|Z74.1: Necesidad de asistencia con cuidado personal|Z59.3: Problemas relacionados con la vida en una institución residencial||||||||||||||||||F25
F25.9: Trastorno esquizoafectivo, no especificado|E03.9: Hipotiroidismo, no especificado|Z81.8: Historia familiar de otros trastornos mentales y del comportamiento|||||||||||||||||||F20
F25.9: Trastorno esquizoafectivo, no especificado|E11.9: Diabetes mellitus tipo 2 sin complicaciones|E03.9: Hipotiroidismo, no especificado|Z81.8: Historia familiar de otros trastornos mentales y del comportamiento||||||||||||||||||F20
I61.9: Hemorragia intracerebral no traumática, no especificada|I10: Hipertensión esencial (primaria)|D35.2: Neoplasia benigna de hipófisis|J44.9: Enfermedad pulmonar obstructiva crónica, no especificada|J96.10: Insuficiencia respiratoria crónica no especificada si con hipoxia o con hipercapnia|Z99.81: Dependencia de oxígeno suplementario|I25.5: Miocardiopatía isquémica|M10.9: Gota, no especificada|H81.93: Trastorno no especificado de la función vestibular, bilateral||Z85.79: Historia personal de otras neoplasias malignas de tejidos linfáticos, hemopoyéticos y tejidos relacionados|Z92.21: Historia personal de quimioterapia antineoplásica|Z92.3: Historia personal de irradiación|Z86.718: Historia personal de otro tipo de trombosis y embolia venosas|Z86.718: Historia personal de otro tipo de trombosis y embolia venosas|||||||F22
|G35: Esclerosis múltiple|Z63.0: Problemas en la relación con el cónyuge o pareja|Z60.2: Problemas relacionados con vivir solo|Z91.19: Incumplimiento del paciente con otro tratamiento y régimen médico|||||||||||||||||F29
I71.3: Aneurisma aórtico abdominal, roto|I97.88: Otras complicaciones intraoperatorias de aparato circulatorio, no clasificados bajo otro concepto|G95.11: Infarto agudo de médula espinal (embólico) (no embólico)|G82.20: Paraplejia, no especificada|N17.9: Fallo renal agudo, no especificado|I10: Hipertensión esencial (primaria)||E78.5: Hiperlipidemia, no especificada|E40: Kwashiorkor|||||||||||||F20
S71.102A: Herida abierta no especificada de muslo izquierdo, contacto inicial|S75.002A: Traumatismo no especificado de arteria femoral de pierna izquierda, contacto inicial|S74.11XA: Traumatismo de nervio femoral a nivel de cadera y muslo, lado derecho, contacto inicial|W26.0XXA: Contacto con cuchillo, contacto inicial||||||||||||||||||F29
D46.9: Síndrome mielodisplásico, no especificado|F09: Trastorno mental no especificado debido a afección fisiológica conocida|J44.9: Enfermedad pulmonar obstructiva crónica, no especificada|K25.9: Úlcera gástrica, no especificada como aguda ni crónica, sin hemorragia ni perforación||M40.209: Cifosis no especificada, localización no especificada|Z59.3: Problemas relacionados con la vida en una institución residencial|Z51.5: Contacto para cuidados paliativos||||||||||||||F22
|I10: Hipertensión esencial (primaria)|E78.4: Otros tipos de hiperlipidemia|Z81.8: Historia familiar de otros trastornos mentales y del comportamiento||||||||||||||||||F20
F31.64: Trastorno bipolar, episodio actual mixto, grave, con rasgos psicóticos|F25.9: Trastorno esquizoafectivo, no especificado|E03.2: Hipotiroidismo debido a medicamentos y otras sustancias exógenas|||||||||||||||||||F20
K52.89: Otras gastroenteritis y colitis no infecciosas especificadas||F17.200: Dependencia de nicotina no especificada, sin complicaciones|E66.9: Obesidad, no especificada|Z86.11: Historia personal de tuberculosis|||||||||||||||||F20
|F05: Delirio debido a afección fisiológica conocida|T43.96XA: Infradosificación de fármacos psicótropos no especificado, contacto inicial|Z91.19: Incumplimiento del paciente con otro tratamiento y régimen médico|G25.1: Temblor inducido por fármacos|T43.95XA: Efecto adverso de fármaco psicótropo no especificado, contacto inicial||||||||||||||||F25
|E03.9: Hipotiroidismo, no especificado||||||||||||||||||||F25
F25.9: Trastorno esquizoafectivo, no especificado|Z91.19: Incumplimiento del paciente con otro tratamiento y régimen médico|Z04.6: Contacto para reconocimiento médico psiquiátrico general, solicitado por la autoridad|Z60.2: Problemas relacionados con vivir solo||||||||||||||||||F20
J15.5: Neumonía por Escherichia coli|J96.00: Insuficiencia respiratoria aguda no especificada si con hipoxia o con hipercapnia|J44.1: Enfermedad pulmonar obstructiva crónica con exacerbación (aguda)||I50.9: Insuficiencia cardiaca, no especificada|I27.2: Otra hipertensión pulmonar secundaria|F17.200: Dependencia de nicotina no especificada, sin complicaciones|Z60.2: Problemas relacionados con vivir solo||||||||||||||F20
M16.12: Artrosis primaria unilateral, cadera izquierda|F32.9: Trastorno depresivo mayor, episodio único, no especificado||E78.5: Hiperlipidemia, no especificada|N18.3: Enfermedad renal crónica, estadio 3 (moderada)|||||||||||||||||F20
|Z59.0: Persona sin hogar|Z63.79: Otros acontecimientos de la vida que generan estrés en la familia y el hogar|Z60.3: Dificultades por aculturación|Z65.3: Problemas relacionados con otras circunstancias legales|Z65.8: Otros problemas especificados relacionados con circunstancias psicosociales|Z75.1: Persona en espera de admisión en servicio de salud en otro lugar|||||||||||||||F20
|B18.2: Hepatitis vírica crónica tipo C|F10.10: Abuso de alcohol, sin complicaciones|F12.10: Abuso de cannabis, sin complicaciones|Z91.19: Incumplimiento del paciente con otro tratamiento y régimen médico|||||||||||||||||F20
I50.9: Insuficiencia cardiaca, no especificada|I27.81: Cor pulmonale (crónico)|J44.9: Enfermedad pulmonar obstructiva crónica, no especificada|J96.10: Insuficiencia respiratoria crónica no especificada si con hipoxia o con hipercapnia|R71.8: Otras anomalías de los hematíes|E11.9: Diabetes mellitus tipo 2 sin complicaciones|Z79.84: Uso prolongado (actual) de medicamentos hipoglucemiantes orales|F17.210: Dependencia de nicotina, cigarrillos, sin complicaciones||||||||||||||F20
|Z63.5: Ruptura familiar por separación y divorcio|Z72.0: Consumo de tabaco|Z81.8: Historia familiar de otros trastornos mentales y del comportamiento|Z56.0: Desempleo, no especificado|||||||||||||||||F25
|F60.0: Trastorno de personalidad paranoide|I05.2: Estenosis mitral reumática con insuficiencia|Z79.01: Uso prolongado (actual) de anticoagulantes|Z60.2: Problemas relacionados con vivir solo|Z63.5: Ruptura familiar por separación y divorcio|Z91.19: Incumplimiento del paciente con otro tratamiento y régimen médico|||||||||||||||F22
I21.19: Infarto agudo de miocardio con elevación de ST (IAMCEST) (IMEST) (STEMI) con implicación de otra arteria coronaria de cara inferior|I51.89: Otras enfermedades mal definidas cardiacas|I34.0: Insuficiencia (de la válvula) mitral no reumática|E11.9: Diabetes mellitus tipo 2 sin complicaciones||||||||||||||||||F20
|F10.10: Abuso de alcohol, sin complicaciones|Z91.19: Incumplimiento del paciente con otro tratamiento y régimen médico|Z63.5: Ruptura familiar por separación y divorcio|H91.90: Pérdida de audición no especificada, oído no especificado|Z59.0: Persona sin hogar|Z60.2: Problemas relacionados con vivir solo|Z74.2: Necesidad de asistencia en el hogar sin otro miembro de la familia que pueda prestar cuidados|Z63.9: Problema relacionado con el grupo de apoyo primario, no especificado|Z65.8: Otros problemas especificados relacionados con circunstancias psicosociales||||||||||||F20
J98.8: Otros trastornos respiratorios especificados|J96.00: Insuficiencia respiratoria aguda no especificada si con hipoxia o con hipercapnia|B18.2: Hepatitis vírica crónica tipo C||F17.200: Dependencia de nicotina no especificada, sin complicaciones|Z59.3: Problemas relacionados con la vida en una institución residencial||||||||||||||||F20
T42.4X1A: Envenenamiento por benzodiacepinas, accidental (no intencionado), contacto inicial|F14.10: Abuso de cocaína, sin complicaciones|F12.10: Abuso de cannabis, sin complicaciones||J44.9: Enfermedad pulmonar obstructiva crónica, no especificada|B18.2: Hepatitis vírica crónica tipo C|K71.6: Hepatopatía tóxica con hepatitis, no clasificada bajo otro concepto|Z81.8: Historia familiar de otros trastornos mentales y del comportamiento|K76.0: Hígado graso (degeneración grasa) de hígado, no clasificado bajo otro concepto|F17.200: Dependencia de nicotina no especificada, sin complicaciones||||||||||||F20
D01.0: Carcinoma in situ de colon|D12.0: Neoplasia benigna de ciego|G40.901: Epilepsia, no especificada, no intratable, con estado de mal epiléptico||N62: Hipertrofia mamaria|Z59.3: Problemas relacionados con la vida en una institución residencial||||||||||||||||F20
D50.9: Anemia ferropénica, no especificada|K55.20: Angiodisplasia de colon sin hemorragia||F32.9: Trastorno depresivo mayor, episodio único, no especificado|F91.9: Trastorno de conducta, no especificado|F09: Trastorno mental no especificado debido a afección fisiológica conocida|I48.0: Fibrilación paroxística auricular|Z79.01: Uso prolongado (actual) de anticoagulantes|I12.9: Enfermedad renal crónica hipertensiva con enfermedad renal crónica en estadio 1 a 4 o con enfermedad renal crónica no especificada|N18.4: Enfermedad renal crónica, estadio 4 (grave)|E03.9: Hipotiroidismo, no especificado|E78.00: Hipercolesterolemia pura, no especificada|M17.0: Artrosis primaria de rodilla, bilateral|M47.896: Otros tipos de espondilosis, región lumbar|M47.896: Otros tipos de espondilosis, región lumbar|Z95.2: Presencia de válvula cardiaca protésica||||||F22
|M62.82: Rabdomiolisis|F19.21: Dependencia de otra sustancia psicoactiva, en remisión|F11.20: Dependencia de opiáceos, sin complicaciones|Z65.3: Problemas relacionados con otras circunstancias legales|||||||||||||||||F29
K55.9: Trastorno vascular de intestino, no especificado|I11.9: Enfermedad cardiaca hipertensiva sin insuficiencia cardiaca|E11.9: Diabetes mellitus tipo 2 sin complicaciones|G45.8: Otros accidentes isquémicos transitorios y síndromes afines|F31.9: Trastorno bipolar, no especificado|F25.9: Trastorno esquizoafectivo, no especificado|L12.0: Penfigoide ampolloso|I69.953: Hemiplejia y hemiparesia tras enfermedad cerebrovascular no especificada con afectación de lado derecho no dominante|Z87.440: Historia personal de infecciones del tracto urinario|Z87.81: Historia personal de fractura (consolidada) traumática|Z59.3: Problemas relacionados con la vida en una institución residencial|||||||||||F20
|Z04.6: Contacto para reconocimiento médico psiquiátrico general, solicitado por la autoridad|Z63.5: Ruptura familiar por separación y divorcio|R45.851: Ideaciones suicidas|Z91.19: Incumplimiento del paciente con otro tratamiento y régimen médico|||||||||||||||||F23
|S02.8XXA: S02.8XXA|S02.2XXA: Fractura de huesos nasales, contacto inicial por fractura cerrada|S22.31XA: Fractura de una costilla de lado derecho, contacto inicial por fractura cerrada|Y04.0XXA: Agresión por pelea o lucha sin armas, contacto inicial|Z91.19: Incumplimiento del paciente con otro tratamiento y régimen médico||||||||||||||||F20
F25.9: Trastorno esquizoafectivo, no especificado|F60.3: Trastorno límite de personalidad|E11.9: Diabetes mellitus tipo 2 sin complicaciones|I10: Hipertensión esencial (primaria)|E78.4: Otros tipos de hiperlipidemia|E66.9: Obesidad, no especificada|F17.200: Dependencia de nicotina no especificada, sin complicaciones|Z88.0: Estado de alergia a penicilina||||||||||||||F20
F25.9: Trastorno esquizoafectivo, no especificado|F60.3: Trastorno límite de personalidad|E11.9: Diabetes mellitus tipo 2 sin complicaciones|I10: Hipertensión esencial (primaria)|H40.9: Glaucoma no especificado|E66.9: Obesidad, no especificada|E78.4: Otros tipos de hiperlipidemia|M77.8: Otras entesopatías, no clasificadas bajo otro concepto|K62.89: Otras enfermedades especificadas de ano y recto|Z04.6: Contacto para reconocimiento médico psiquiátrico general, solicitado por la autoridad||||||||||||F20
|F60.3: Trastorno límite de personalidad|I10: Hipertensión esencial (primaria)|E11.9: Diabetes mellitus tipo 2 sin complicaciones|E78.4: Otros tipos de hiperlipidemia|Z88.0: Estado de alergia a penicilina||||||||||||||||F20
F25.9: Trastorno esquizoafectivo, no especificado|F60.3: Trastorno límite de personalidad|E11.9: Diabetes mellitus tipo 2 sin complicaciones|I10: Hipertensión esencial (primaria)|E78.4: Otros tipos de hiperlipidemia|K60.2: Fisura anal, no especificada|K64.9: Hemorroides no especificadas|F17.200: Dependencia de nicotina no especificada, sin complicaciones|H40.9: Glaucoma no especificado|E66.9: Obesidad, no especificada|E78.4: Otros tipos de hiperlipidemia|||||||||||F20
F25.9: Trastorno esquizoafectivo, no especificado|F60.3: Trastorno límite de personalidad|E11.9: Diabetes mellitus tipo 2 sin complicaciones|I10: Hipertensión esencial (primaria)|K64.9: Hemorroides no especificadas|E78.4: Otros tipos de hiperlipidemia|E66.9: Obesidad, no especificada|Z88.0: Estado de alergia a penicilina|F17.200: Dependencia de nicotina no especificada, sin complicaciones|H40.9: Glaucoma no especificado|Z04.6: Contacto para reconocimiento médico psiquiátrico general, solicitado por la autoridad|||||||||||F20
|F60.3: Trastorno límite de personalidad|I10: Hipertensión esencial (primaria)|E11.9: Diabetes mellitus tipo 2 sin complicaciones|E66.9: Obesidad, no especificada|Z88.0: Estado de alergia a penicilina|Z72.0: Consumo de tabaco|Z59.3: Problemas relacionados con la vida en una institución residencial||||||||||||||F25
|F60.3: Trastorno límite de personalidad|I10: Hipertensión esencial (primaria)|E11.9: Diabetes mellitus tipo 2 sin complicaciones|E66.9: Obesidad, no especificada|Z59.3: Problemas relacionados con la vida en una institución residencial|Z72.0: Consumo de tabaco|Z88.0: Estado de alergia a penicilina||||||||||||||F25
A05.9: Intoxicación alimentaria bacteriana, no especificada|I12.9: Enfermedad renal crónica hipertensiva con enfermedad renal crónica en estadio 1 a 4 o con enfermedad renal crónica no especificada|N18.4: Enfermedad renal crónica, estadio 4 (grave)|E11.9: Diabetes mellitus tipo 2 sin complicaciones|E78.4: Otros tipos de hiperlipidemia||F17.200: Dependencia de nicotina no especificada, sin complicaciones|Z79.82: Uso prolongado (actual) de aspirina||||||||||||||F20
J18.9: Neumonía, microorganismo no especificado|I50.9: Insuficiencia cardiaca, no especificada|N39.0: Infección de tracto urinario, localización no especificada|B95.2: Enterococos como causa de enfermedades clasificadas bajo otro concepto|I12.0: Enfermedad renal crónica hipertensiva con enfermedad renal crónica en estadio 5 o con enfermedad renal en estadio terminal|N18.5: Enfermedad renal crónica, estadio fase 5|Z99.2: Dependencia de diálisis renal||Z72.0: Consumo de tabaco|||||||||||||F20
J98.8: Otros trastornos respiratorios especificados|G40.909: Epilepsia, no especificada, no intratable, sin estado de mal epiléptico|R41.0: Desorientación, no especificada|I12.9: Enfermedad renal crónica hipertensiva con enfermedad renal crónica en estadio 1 a 4 o con enfermedad renal crónica no especificada|N18.9: Enfermedad renal crónica, no especificada|E11.9: Diabetes mellitus tipo 2 sin complicaciones|E78.5: Hiperlipidemia, no especificada|F17.200: Dependencia de nicotina no especificada, sin complicaciones||Z59.3: Problemas relacionados con la vida en una institución residencial|Z79.82: Uso prolongado (actual) de aspirina|Z79.84: Uso prolongado (actual) de medicamentos hipoglucemiantes orales||||||||||F20
N18.5: Enfermedad renal crónica, estadio fase 5|I50.9: Insuficiencia cardiaca, no especificada|J18.9: Neumonía, microorganismo no especificado|||||||||||||||||||F20
N39.0: Infección de tracto urinario, localización no especificada||I10: Hipertensión esencial (primaria)|E78.5: Hiperlipidemia, no especificada|E03.9: Hipotiroidismo, no especificado|I71.2: Aneurisma aórtico torácico, sin rotura|K80.10: Cálculo de vesícula biliar con colecistitis crónica sin obstrucción|Z79.01: Uso prolongado (actual) de anticoagulantes||||||||||||||F25
F09: Trastorno mental no especificado debido a afección fisiológica conocida||I10: Hipertensión esencial (primaria)|E78.5: Hiperlipidemia, no especificada|E03.9: Hipotiroidismo, no especificado|I48.91: Fibrilación auricular no especificada|I71.4: Aneurisma aórtico abdominal, sin rotura|Z79.01: Uso prolongado (actual) de anticoagulantes|Z81.8: Historia familiar de otros trastornos mentales y del comportamiento|||||||||||||F25
N39.0: Infección de tracto urinario, localización no especificada|F43.20: Trastorno adaptativo, no especificado||K44.9: Hernia diafragmática sin obstrucción ni gangrena|K57.30: Diverticulosis de colon sin perforación ni absceso, sin hemorragia|Z88.0: Estado de alergia a penicilina|Z87.440: Historia personal de infecciones del tracto urinario|Z86.010: Historia personal de pólipos colónicos|Z90.89: Ausencia adquirida de otros órganos|||||||||||||F22
|G40.901: Epilepsia, no especificada, no intratable, con estado de mal epiléptico|Z91.19: Incumplimiento del paciente con otro tratamiento y régimen médico|Z81.8: Historia familiar de otros trastornos mentales y del comportamiento|Z86.011: Historia personal de neoplasia benigna de cerebro|Z98.89: Otros estados posprocedimiento especificados||||||||||||||||F20
|F10.10: Abuso de alcohol, sin complicaciones|F60.9: Trastorno de personalidad, no especificado|||||||||||||||||||F20
K56.5: Adherencias [bridas] intestinales con obstrucción (posinfección)|K91.3: Obstrucción intestinal posprocedimiento|K56.0: Íleo paralítico|J69.0: Neumonitis debida a inhalación de alimentos y vómito||Z90.2: Ausencia adquirida (de parte) del pulmón||||||||||||||||F20
|I10: Hipertensión esencial (primaria)|E66.01: Obesidad mórbida (severa) por exceso de calorías|T43.92XA: Envenenamiento por fármacos psicótropos no especificados, autolesión intencionada, contacto inicial||||||||||||||||||F20
M27.2: Afecciones inflamatorias de los maxilares|B95.4: Otros estreptococos como causa de enfermedades clasificadas bajo otro concepto|E11.00: Diabetes mellitus tipo 2 con hiperosmolaridad sin coma hiperglucémico hiperosmolar no cetósico (CHHNC)|I11.9: Enfermedad cardiaca hipertensiva sin insuficiencia cardiaca|K64.9: Hemorroides no especificadas|K76.0: Hígado graso (degeneración grasa) de hígado, no clasificado bajo otro concepto||G47.33: Apnea obstructiva del sueño (del adulto) (pediátrica)|E88.81: Síndrome metabólico|E66.9: Obesidad, no especificada||||||||||||F20
K91.61: Hemorragia y hematoma intraoperatorios de un órgano o estructura de aparato digestivo, que complica un procedimiento de aparato digestivo|Y83.8: Otros procedimientos quirúrgicos como causa de reacción anormal del paciente o de complicación posterior, sin mención de evento adverso en el momento del procedimiento|D12.6: Neoplasia benigna de colon, no especificada|K63.5: Pólipo de colon|I10: Hipertensión esencial (primaria)|E03.9: Hipotiroidismo, no especificado||I48.91: Fibrilación auricular no especificada|Z79.01: Uso prolongado (actual) de anticoagulantes|Z86.11: Historia personal de tuberculosis|F32.9: Trastorno depresivo mayor, episodio único, no especificado|Z87.891: Historia personal de dependencia a nicotina||||||||||F20
D12.8: Neoplasia benigna de recto|E78.5: Hiperlipidemia, no especificada|E03.9: Hipotiroidismo, no especificado|I10: Hipertensión esencial (primaria)||||||||||||||||||F20
K91.840: Hemorragia posprocedimiento de un órgano o estructura del aparato digestivo después de un procedimiento del aparato digestivo|Y83.6: Extirpación de otro órgano (parcial) (total) como causa de reacción anormal del paciente o de complicación posterior, sin mención de evento adverso en el momento del procedimiento|I10: Hipertensión esencial (primaria)|E78.5: Hiperlipidemia, no especificada|E03.9: Hipotiroidismo, no especificado|||||||||||||||||F20
N17.9: Fallo renal agudo, no especificado|J10.1: Gripe debida a otros tipos de virus de la gripe identificados con otras manifestaciones respiratorias|J18.9: Neumonía, microorganismo no especificado|K44.9: Hernia diafragmática sin obstrucción ni gangrena||||||||||||||||||F20
J44.1: Enfermedad pulmonar obstructiva crónica con exacerbación (aguda)|J96.00: Insuficiencia respiratoria aguda no especificada si con hipoxia o con hipercapnia|J98.8: Otros trastornos respiratorios especificados|G47.33: Apnea obstructiva del sueño (del adulto) (pediátrica)|E11.9: Diabetes mellitus tipo 2 sin complicaciones||B18.2: Hepatitis vírica crónica tipo C|Z79.51: Uso prolongado (actual) de esteroides inhalados||||||||||||||F20
J45.901: Asma no especificada con exacerbación (aguda)|J98.8: Otros trastornos respiratorios especificados|R09.02: Hipoxemia|E11.9: Diabetes mellitus tipo 2 sin complicaciones|G47.33: Apnea obstructiva del sueño (del adulto) (pediátrica)|B18.2: Hepatitis vírica crónica tipo C||F17.200: Dependencia de nicotina no especificada, sin complicaciones||||||||||||||F20
|N39.0: Infección de tracto urinario, localización no especificada||||||||||||||||||||F23
|F12.10: Abuso de cannabis, sin complicaciones|B18.2: Hepatitis vírica crónica tipo C|K76.0: Hígado graso (degeneración grasa) de hígado, no clasificado bajo otro concepto|Z60.2: Problemas relacionados con vivir solo|||||||||||||||||F23
G40.909: Epilepsia, no especificada, no intratable, sin estado de mal epiléptico|T43.505A: Efecto adverso de antipsicóticos y neurolépticos no especificados, contacto inicial||M62.82: Rabdomiolisis|I10: Hipertensión esencial (primaria)|E11.9: Diabetes mellitus tipo 2 sin complicaciones|E03.9: Hipotiroidismo, no especificado|||||||||||||||F20
|F07.89: Otros trastornos de personalidad y de conducta debidos a afección fisiológica conocida|J45.909: Asma no especificada, sin complicaciones|G44.229: Cefalea tensional crónica, no intratable||||||||||||||||||F29
C34.10: Neoplasia maligna de lóbulo superior, bronquio y pulmón no especificados|C79.51: Neoplasia maligna secundaria de hueso|C77.1: Neoplasia maligna secundaria y no especificada de ganglios linfáticos intratorácicos|C79.31: Neoplasia maligna secundaria de cerebro|J18.9: Neumonía, microorganismo no especificado|R33.9: Retención urinaria, no especificada||Z21: Estado de infección asintomática por virus de inmunodeficiencia humana [VIH]|D25.9: Leiomioma de útero, no especificado|K76.0: Hígado graso (degeneración grasa) de hígado, no clasificado bajo otro concepto|N28.1: Quiste de riñón, adquirido|F17.200: Dependencia de nicotina no especificada, sin complicaciones|Z81.8: Historia familiar de otros trastornos mentales y del comportamiento|||||||||F20
F25.9: Trastorno esquizoafectivo, no especificado|L40.0: Psoriasis vulgar|Z91.19: Incumplimiento del paciente con otro tratamiento y régimen médico|Z04.6: Contacto para reconocimiento médico psiquiátrico general, solicitado por la autoridad|Z59.3: Problemas relacionados con la vida en una institución residencial|||||||||||||||||F20
F50.8: Otros trastornos de la conducta alimentaria|E87.1: Hiposmolaridad e hiponatremia||E22.2: Síndrome de secreción inadecuada de hormona antidiurética|C34.90: Neoplasia maligna de parte no especificada, bronquio o pulmón no especificados|K80.20: Cálculo de vesícula biliar sin colecistitis sin obstrucción|Z60.2: Problemas relacionados con vivir solo|Z79.891: Uso prolongado (actual) de analgésicos opiáceos||||||||||||||F20
E87.1: Hiposmolaridad e hiponatremia|F50.8: Otros trastornos de la conducta alimentaria|E22.2: Síndrome de secreción inadecuada de hormona antidiurética||C34.90: Neoplasia maligna de parte no especificada, bronquio o pulmón no especificados|C78.7: Neoplasia maligna secundaria de hígado y vías biliares intrahepáticas|F17.200: Dependencia de nicotina no especificada, sin complicaciones|Z79.891: Uso prolongado (actual) de analgésicos opiáceos||||||||||||||F20
T40.2X1A: Envenenamiento por otros opiáceos, accidental (no intencionado), contacto inicial||T38.0X5A: Efecto adverso de glucocorticoides y análogos sintéticos, contacto inicial|C34.12: Neoplasia maligna de lóbulo superior, bronquio o pulmón izquierdo|C79.51: Neoplasia maligna secundaria de hueso|Z51.5: Contacto para cuidados paliativos|Z85.038: Historia personal de otra neoplasia maligna de intestino grueso|Z92.21: Historia personal de quimioterapia antineoplásica|Z92.3: Historia personal de irradiación|I10: Hipertensión esencial (primaria)|H40.9: Glaucoma no especificado|N40.0: Hiperplasia prostática benigna sin síntomas de tracto urinario inferior||||||||||F29
|F17.200: Dependencia de nicotina no especificada, sin complicaciones|R64: Caquexia|Z81.8: Historia familiar de otros trastornos mentales y del comportamiento|Z59.3: Problemas relacionados con la vida en una institución residencial|Z63.9: Problema relacionado con el grupo de apoyo primario, no especificado|Z60.3: Dificultades por aculturación|Z65.3: Problemas relacionados con otras circunstancias legales|Z65.8: Otros problemas especificados relacionados con circunstancias psicosociales|Z65.8: Otros problemas especificados relacionados con circunstancias psicosociales|Z72.4: Dieta y hábitos alimentarios inapropiados|||||||||||F20
|T43.591A: Envenenamiento por otros antipsicóticos y neurolépticos, accidental (no intencionado), contacto inicial|N28.9: Trastorno del riñón y del uréter, no especificado|Y92.009: Lugar no especificado de residencia no institucional (privada) no especificada, como lugar del acontecimiento de la causa externa|I10: Hipertensión esencial (primaria)|L21.9: Dermatitis seborreica, no especificada|F12.10: Abuso de cannabis, sin complicaciones|Z59.3: Problemas relacionados con la vida en una institución residencial||||||||||||||F25
|M75.52: Bursitis de hombro izquierdo|G21.19: Parkinsonismo secundario inducido por otros fármacos|T42.75XA: Efecto adverso de fármacos antiepilépticos e hipnótico-sedantes no especificados, contacto inicial|I10: Hipertensión esencial (primaria)|F12.10: Abuso de cannabis, sin complicaciones|Z91.19: Incumplimiento del paciente con otro tratamiento y régimen médico|Z59.3: Problemas relacionados con la vida en una institución residencial||||||||||||||F25
|Z91.19: Incumplimiento del paciente con otro tratamiento y régimen médico|D35.2: Neoplasia benigna de hipófisis|||||||||||||||||||F23
J03.90: Amigdalitis aguda, no especificada|F11.20: Dependencia de opiáceos, sin complicaciones|F14.10: Abuso de cocaína, sin complicaciones|F12.10: Abuso de cannabis, sin complicaciones|F17.200: Dependencia de nicotina no especificada, sin complicaciones|F60.3: Trastorno límite de personalidad||E66.9: Obesidad, no especificada||||||||||||||F20
|Z63.5: Ruptura familiar por separación y divorcio|Z04.6: Contacto para reconocimiento médico psiquiátrico general, solicitado por la autoridad|Z88.6: Estado de alergia a analgésico||||||||||||||||||F20
K80.51: Cálculo de conducto biliar sin colangitis ni colecistitis, con obstrucción|I10: Hipertensión esencial (primaria)|E11.9: Diabetes mellitus tipo 2 sin complicaciones|||||||||||||||||||F20
T17.320A: Alimento en laringe que produce asfixia, contacto inicial|I46.8: Parada cardiaca debida a otra afección subyacente|G93.1: Lesión cerebral anóxica, no clasificada bajo otro concepto|J96.00: Insuficiencia respiratoria aguda no especificada si con hipoxia o con hipercapnia|E87.2: Acidosis|||||||||||||||||F20
|Z04.6: Contacto para reconocimiento médico psiquiátrico general, solicitado por la autoridad|Z88.0: Estado de alergia a penicilina|Z88.4: Estado de alergia a anestésico|Z96.649: Presencia de articulación de cadera artificial, no especificada|Z87.76: Historia personal de malformaciones congénitas (corregidas) de la piel, extremidades y aparato musculoesquelético||||||||||||||||F22
I63.40: Infarto cerebral debido a embolia de arteria cerebral no especificada|I48.91: Fibrilación auricular no especificada|E78.4: Otros tipos de hiperlipidemia|R47.1: Disartria y anartria||||||||||||||||||F20
J44.1: Enfermedad pulmonar obstructiva crónica con exacerbación (aguda)|J96.20: Insuficiencia respiratoria aguda y crónica no especificada si con hipoxia o con hipercapnia|Z99.81: Dependencia de oxígeno suplementario|J98.8: Otros trastornos respiratorios especificados||||||||||||||||||F20
J18.9: Neumonía, microorganismo no especificado|J43.9: Enfisema, no especificado|K44.9: Hernia diafragmática sin obstrucción ni gangrena|I27.2: Otra hipertensión pulmonar secundaria|J96.10: Insuficiencia respiratoria crónica no especificada si con hipoxia o con hipercapnia|Z99.81: Dependencia de oxígeno suplementario||Z59.3: Problemas relacionados con la vida en una institución residencial||||||||||||||F20
J18.9: Neumonía, microorganismo no especificado|J96.20: Insuficiencia respiratoria aguda y crónica no especificada si con hipoxia o con hipercapnia|Z99.81: Dependencia de oxígeno suplementario||K80.20: Cálculo de vesícula biliar sin colecistitis sin obstrucción|K44.9: Hernia diafragmática sin obstrucción ni gangrena|J43.9: Enfisema, no especificado|R91.1: Nódulo pulmonar solitario||||||||||||||F20
F25.9: Trastorno esquizoafectivo, no especificado|G30.9: Enfermedad de Alzheimer, no especificada|F02.81: Demencia en otras enfermedades clasificadas bajo otro concepto, gravedad no especificada, con alteración del comportamiento|F01.50: Demencia vascular, gravedad no especificada, sin alteración del comportamiento, alteración psicótica, alteración del estado de ánimo ni ansiedad|Z86.718: Historia personal de otro tipo de trombosis y embolia venosas|Z88.0: Estado de alergia a penicilina|Z88.6: Estado de alergia a analgésico|Z59.3: Problemas relacionados con la vida en una institución residencial|Z81.8: Historia familiar de otros trastornos mentales y del comportamiento|||||||||||||F20
F25.9: Trastorno esquizoafectivo, no especificado|F01.50: Demencia vascular, gravedad no especificada, sin alteración del comportamiento, alteración psicótica, alteración del estado de ánimo ni ansiedad|G30.9: Enfermedad de Alzheimer, no especificada|F02.81: Demencia en otras enfermedades clasificadas bajo otro concepto, gravedad no especificada, con alteración del comportamiento|Z81.8: Historia familiar de otros trastornos mentales y del comportamiento|||||||||||||||||F20
R40.20: Coma no especificado|T42.4X1A: Envenenamiento por benzodiacepinas, accidental (no intencionado), contacto inicial|F19.921: Consumo de otra sustancia psicoactiva no especificado, con intoxicación y delirio|I10: Hipertensión esencial (primaria)|F25.9: Trastorno esquizoafectivo, no especificado|E03.9: Hipotiroidismo, no especificado|E78.4: Otros tipos de hiperlipidemia|E66.9: Obesidad, no especificada|Z86.718: Historia personal de otro tipo de trombosis y embolia venosas|Z79.82: Uso prolongado (actual) de aspirina|Z59.3: Problemas relacionados con la vida en una institución residencial|Z88.1: Estado de alergia a otros antibióticos||||||||||F20
F25.9: Trastorno esquizoafectivo, no especificado|F01.50: Demencia vascular, gravedad no especificada, sin alteración del comportamiento, alteración psicótica, alteración del estado de ánimo ni ansiedad|G30.9: Enfermedad de Alzheimer, no especificada|F02.81: Demencia en otras enfermedades clasificadas bajo otro concepto, gravedad no especificada, con alteración del comportamiento|I10: Hipertensión esencial (primaria)|E78.4: Otros tipos de hiperlipidemia|Z59.3: Problemas relacionados con la vida en una institución residencial|Z86.711: Historia personal de embolia pulmonar|Z79.82: Uso prolongado (actual) de aspirina|Z81.8: Historia familiar de otros trastornos mentales y del comportamiento||||||||||||F20
|S60.229A: Contusión de mano no especificada, contacto inicial|Z91.19: Incumplimiento del paciente con otro tratamiento y régimen médico|||||||||||||||||||F20
|F84.5: Síndrome de Asperger|G40.201: Epilepsia (focal) (parcial) sintomática relacionada con la localización y síndromes epilépticos con crisis parciales complejas, no intratable, con estado de mal epiléptico|Z91.19: Incumplimiento del paciente con otro tratamiento y régimen médico|Z81.8: Historia familiar de otros trastornos mentales y del comportamiento|||||||||||||||||F20
J18.1: Neumonía lobar, microorganismo no especificado|J96.01: Insuficiencia respiratoria aguda con hipoxia|N17.9: Fallo renal agudo, no especificado|E87.0: Hiperosmolaridad e hipernatremia|E87.2: Acidosis|E11.9: Diabetes mellitus tipo 2 sin complicaciones||F17.210: Dependencia de nicotina, cigarrillos, sin complicaciones||||||||||||||F20
N39.0: Infección de tracto urinario, localización no especificada||I10: Hipertensión esencial (primaria)|E11.9: Diabetes mellitus tipo 2 sin complicaciones|R26.89: Otras alteraciones de la marcha y de la movilidad|T43.505A: Efecto adverso de antipsicóticos y neurolépticos no especificados, contacto inicial|M10.9: Gota, no especificada|Z81.8: Historia familiar de otros trastornos mentales y del comportamiento||||||||||||||F20
|N40.0: Hiperplasia prostática benigna sin síntomas de tracto urinario inferior|R74.0: Elevación inespecífica de niveles de transaminasas y lactato deshidrogenasa [LDH]|Z91.19: Incumplimiento del paciente con otro tratamiento y régimen médico|Z81.8: Historia familiar de otros trastornos mentales y del comportamiento|Z04.6: Contacto para reconocimiento médico psiquiátrico general, solicitado por la autoridad|Z88.1: Estado de alergia a otros antibióticos|||||||||||||||F20
J98.8: Otros trastornos respiratorios especificados|B95.3: Streptococcus pneumoniae como causa de enfermedades clasificadas bajo otro concepto|J96.92: Insuficiencia respiratoria no especificada, con hipercapnia|N25.1: Diabetes insípida nefrogénica|T43.595A: Efecto adverso de otros antipsicóticos y neurolépticos, contacto inicial|F05: Delirio debido a afección fisiológica conocida|N17.9: Fallo renal agudo, no especificado||E79.0: Hiperuricemia sin signos de artritis inflamatoria y enfermedad tofácea|N40.0: Hiperplasia prostática benigna sin síntomas de tracto urinario inferior||||||||||||F20
|E79.0: Hiperuricemia sin signos de artritis inflamatoria y enfermedad tofácea|Z91.19: Incumplimiento del paciente con otro tratamiento y régimen médico|||||||||||||||||||F25
|F31.9: Trastorno bipolar, no especificado|G31.84: Deterioro cognitivo leve de etiología incierta o desconocida|F03.90: Demencia no especificada, gravedad no especificada, sin alteración del comportamiento, alteración psicótica, alteración del estado de ánimo ni ansiedad|E79.0: Hiperuricemia sin signos de artritis inflamatoria y enfermedad tofácea|N40.0: Hiperplasia prostática benigna sin síntomas de tracto urinario inferior||||||||||||||||F20
J98.8: Otros trastornos respiratorios especificados|J96.92: Insuficiencia respiratoria no especificada, con hipercapnia||F17.210: Dependencia de nicotina, cigarrillos, sin complicaciones||||||||||||||||||F20
J98.8: Otros trastornos respiratorios especificados|J96.00: Insuficiencia respiratoria aguda no especificada si con hipoxia o con hipercapnia|F17.200: Dependencia de nicotina no especificada, sin complicaciones||F18.10: Abuso de inhalantes, sin complicaciones|||||||||||||||||F20
|Z91.19: Incumplimiento del paciente con otro tratamiento y régimen médico|Z60.2: Problemas relacionados con vivir solo|Z77.9: Otro contacto y (sospecha de) exposición peligrosa para la salud||||||||||||||||||F20
|Z91.19: Incumplimiento del paciente con otro tratamiento y régimen médico|Z04.6: Contacto para reconocimiento médico psiquiátrico general, solicitado por la autoridad|||||||||||||||||||F60.1
|D25.9: Leiomioma de útero, no especificado|Z81.8: Historia familiar de otros trastornos mentales y del comportamiento|||||||||||||||||||F29
T85.398A: Otra complicación mecánica de otras prótesis, implantes e injertos oculares, contacto inicial|||||||||||||||||||||F20
C22.1: Carcinoma de conducto biliar intrahepático|K83.0: Colangitis||E05.90: Tirotoxicosis, no especificada sin crisis tirotóxica ni tormenta tiroidea||||||||||||||||||F20
J44.0: Enfermedad pulmonar obstructiva crónica con infección (aguda) de las vías respiratorias inferiores|J98.8: Otros trastornos respiratorios especificados|J44.1: Enfermedad pulmonar obstructiva crónica con exacerbación (aguda)|J96.22: Insuficiencia respiratoria aguda y crónica con hipercapnia|E87.2: Acidosis||F17.210: Dependencia de nicotina, cigarrillos, sin complicaciones|Z99.81: Dependencia de oxígeno suplementario||||||||||||||F20
J44.9: Enfermedad pulmonar obstructiva crónica, no especificada|J98.8: Otros trastornos respiratorios especificados|J96.92: Insuficiencia respiratoria no especificada, con hipercapnia|Z99.81: Dependencia de oxígeno suplementario|Z99.89: Dependencia de otras máquinas y dispositivos de apoyo||F17.210: Dependencia de nicotina, cigarrillos, sin complicaciones|Z59.3: Problemas relacionados con la vida en una institución residencial||||||||||||||F20
J98.8: Otros trastornos respiratorios especificados|J44.9: Enfermedad pulmonar obstructiva crónica, no especificada|J96.12: Insuficiencia respiratoria crónica con hipercapnia|Z99.81: Dependencia de oxígeno suplementario|Z99.89: Dependencia de otras máquinas y dispositivos de apoyo||Z59.3: Problemas relacionados con la vida en una institución residencial|F17.210: Dependencia de nicotina, cigarrillos, sin complicaciones||||||||||||||F20
J44.1: Enfermedad pulmonar obstructiva crónica con exacerbación (aguda)|J98.8: Otros trastornos respiratorios especificados|F17.210: Dependencia de nicotina, cigarrillos, sin complicaciones|Z59.3: Problemas relacionados con la vida en una institución residencial|Z99.81: Dependencia de oxígeno suplementario|Z99.89: Dependencia de otras máquinas y dispositivos de apoyo|G93.40: Encefalopatía, no especificada|J96.02: Insuficiencia respiratoria aguda con hipercapnia|T43.505S: Efecto adverso de antipsicóticos y neurolépticos no especificados, secuela|||||||||||||F20
J69.0: Neumonitis debida a inhalación de alimentos y vómito|J44.1: Enfermedad pulmonar obstructiva crónica con exacerbación (aguda)|J96.02: Insuficiencia respiratoria aguda con hipercapnia|T43.505S: Efecto adverso de antipsicóticos y neurolépticos no especificados, secuela||F17.210: Dependencia de nicotina, cigarrillos, sin complicaciones|Z59.3: Problemas relacionados con la vida en una institución residencial|Z99.81: Dependencia de oxígeno suplementario|Z99.89: Dependencia de otras máquinas y dispositivos de apoyo|G93.40: Encefalopatía, no especificada||||||||||||F20
J44.1: Enfermedad pulmonar obstructiva crónica con exacerbación (aguda)|J96.20: Insuficiencia respiratoria aguda y crónica no especificada si con hipoxia o con hipercapnia|J98.8: Otros trastornos respiratorios especificados|Z99.81: Dependencia de oxígeno suplementario||F17.200: Dependencia de nicotina no especificada, sin complicaciones|Z59.3: Problemas relacionados con la vida en una institución residencial|||||||||||||||F20
|E11.9: Diabetes mellitus tipo 2 sin complicaciones|E78.1: Hipergliceridemia pura|||||||||||||||||||F20
|E78.1: Hipergliceridemia pura|Z91.19: Incumplimiento del paciente con otro tratamiento y régimen médico|||||||||||||||||||F20
L05.91: Quiste pilonidal sin absceso||F31.9: Trastorno bipolar, no especificado|||||||||||||||||||F20
F25.9: Trastorno esquizoafectivo, no especificado|T43.501A: Envenenamiento por antipsicóticos y neurolépticos no especificados, accidental (no intencionado), contacto inicial|Z91.19: Incumplimiento del paciente con otro tratamiento y régimen médico|Z60.2: Problemas relacionados con vivir solo|Z81.8: Historia familiar de otros trastornos mentales y del comportamiento|||||||||||||||||F20
|F10.10: Abuso de alcohol, sin complicaciones|F17.200: Dependencia de nicotina no especificada, sin complicaciones|Z91.19: Incumplimiento del paciente con otro tratamiento y régimen médico|Z60.2: Problemas relacionados con vivir solo|Z81.8: Historia familiar de otros trastornos mentales y del comportamiento|Z04.6: Contacto para reconocimiento médico psiquiátrico general, solicitado por la autoridad|E78.4: Otros tipos de hiperlipidemia||||||||||||||F20
|F79: Discapacidad intelectual no especificada|Z91.19: Incumplimiento del paciente con otro tratamiento y régimen médico|E78.2: Hiperlipidemia mixta|K02.9: Caries dental, no especificada|Z04.6: Contacto para reconocimiento médico psiquiátrico general, solicitado por la autoridad|Z60.2: Problemas relacionados con vivir solo|Z72.0: Consumo de tabaco|Z81.8: Historia familiar de otros trastornos mentales y del comportamiento|||||||||||||F20
I11.0: Enfermedad cardíaca hipertensiva con insuficiencia cardiaca|I50.9: Insuficiencia cardiaca, no especificada|J96.90: Insuficiencia respiratoria no especificada, sin especificar si con hipoxia o con hipercapnia|N17.9: Fallo renal agudo, no especificado|E87.2: Acidosis|I49.49: Otros tipos de despolarización prematura|I35.0: Estenosis (de la válvula) aórtica no reumática|E79.0: Hiperuricemia sin signos de artritis inflamatoria y enfermedad tofácea|E11.9: Diabetes mellitus tipo 2 sin complicaciones|Z79.84: Uso prolongado (actual) de medicamentos hipoglucemiantes orales|K76.0: Hígado graso (degeneración grasa) de hígado, no clasificado bajo otro concepto|K80.20: Cálculo de vesícula biliar sin colecistitis sin obstrucción|N40.0: Hiperplasia prostática benigna sin síntomas de tracto urinario inferior|N32.89: Otros trastornos especificados de vejiga|N32.89: Otros trastornos especificados de vejiga|N32.3: Divertículo de vejiga|N28.1: Quiste de riñón, adquirido|D47.2: Gammapatía monoclonal|D18.03: Hemangioma de estructuras intraabdominales|F32.9: Trastorno depresivo mayor, episodio único, no especificado||F22
|Z04.6: Contacto para reconocimiento médico psiquiátrico general, solicitado por la autoridad|Z91.19: Incumplimiento del paciente con otro tratamiento y régimen médico|Z63.8: Otros problemas especificados relacionados con el grupo de apoyo primario||||||||||||||||||F22
C34.12: Neoplasia maligna de lóbulo superior, bronquio o pulmón izquierdo|C79.31: Neoplasia maligna secundaria de cerebro|C78.7: Neoplasia maligna secundaria de hígado y vías biliares intrahepáticas|C79.71: Neoplasia maligna secundaria de glándula suprarrenal derecha|F17.210: Dependencia de nicotina, cigarrillos, sin complicaciones|K80.20: Cálculo de vesícula biliar sin colecistitis sin obstrucción|N28.1: Quiste de riñón, adquirido|||||||||||||||F20
C34.12: Neoplasia maligna de lóbulo superior, bronquio o pulmón izquierdo|C79.31: Neoplasia maligna secundaria de cerebro|C78.7: Neoplasia maligna secundaria de hígado y vías biliares intrahepáticas|C79.71: Neoplasia maligna secundaria de glándula suprarrenal derecha|F05: Delirio debido a afección fisiológica conocida||Z51.5: Contacto para cuidados paliativos|Z72.0: Consumo de tabaco||||||||||||||F20
C34.12: Neoplasia maligna de lóbulo superior, bronquio o pulmón izquierdo|J18.9: Neumonía, microorganismo no especificado|C79.31: Neoplasia maligna secundaria de cerebro|C78.7: Neoplasia maligna secundaria de hígado y vías biliares intrahepáticas|C79.71: Neoplasia maligna secundaria de glándula suprarrenal derecha|G81.91: Hemiplejia no especificada que afecta a lado derecho dominante||Z72.0: Consumo de tabaco|Z51.5: Contacto para cuidados paliativos|||||||||||||F20
C34.12: Neoplasia maligna de lóbulo superior, bronquio o pulmón izquierdo|J18.9: Neumonía, microorganismo no especificado|C79.31: Neoplasia maligna secundaria de cerebro|G81.91: Hemiplejia no especificada que afecta a lado derecho dominante|C78.7: Neoplasia maligna secundaria de hígado y vías biliares intrahepáticas|C79.71: Neoplasia maligna secundaria de glándula suprarrenal derecha|Z72.0: Consumo de tabaco||T14.90: Traumatismo, no especificado|W19.XXXA: Caída no especificada, contacto inicial|Z51.5: Contacto para cuidados paliativos|||||||||||F20
N39.0: Infección de tracto urinario, localización no especificada|B96.5: Pseudomonas (aeruginosa) (mallei) (pseudomallei) como causa de enfermedades clasificadas bajo otro concepto|B95.2: Enterococos como causa de enfermedades clasificadas bajo otro concepto|C34.12: Neoplasia maligna de lóbulo superior, bronquio o pulmón izquierdo|J96.10: Insuficiencia respiratoria crónica no especificada si con hipoxia o con hipercapnia|C79.31: Neoplasia maligna secundaria de cerebro|G81.91: Hemiplejia no especificada que afecta a lado derecho dominante|C78.7: Neoplasia maligna secundaria de hígado y vías biliares intrahepáticas|C79.71: Neoplasia maligna secundaria de glándula suprarrenal derecha||Z72.0: Consumo de tabaco|Z51.5: Contacto para cuidados paliativos||||||||||F20
|I10: Hipertensión esencial (primaria)|Z85.068: Historia personal de otra neoplasia maligna de intestino delgado|Z91.19: Incumplimiento del paciente con otro tratamiento y régimen médico|Z04.6: Contacto para reconocimiento médico psiquiátrico general, solicitado por la autoridad|||||||||||||||||F22
|F10.10: Abuso de alcohol, sin complicaciones|Z60.2: Problemas relacionados con vivir solo|Z91.19: Incumplimiento del paciente con otro tratamiento y régimen médico|Z81.8: Historia familiar de otros trastornos mentales y del comportamiento|||||||||||||||||F20
|Z81.0: Historia familiar de discapacidad intelectual|Z59.3: Problemas relacionados con la vida en una institución residencial|||||||||||||||||||F20
|Z04.6: Contacto para reconocimiento médico psiquiátrico general, solicitado por la autoridad|Z59.3: Problemas relacionados con la vida en una institución residencial|Z81.8: Historia familiar de otros trastornos mentales y del comportamiento||||||||||||||||||F20
|F10.20: Dependencia de alcohol, sin complicaciones|F32.9: Trastorno depresivo mayor, episodio único, no especificado|||||||||||||||||||F20
D17.22: Neoplasia lipomatosa benigna de piel y tejido subcutáneo de brazo izquierdo||Z88.0: Estado de alergia a penicilina|||||||||||||||||||F20
|T20.00XA: Quemadura de grado no especificado de cabeza, cara y cuello de localización no especificada, contacto inicial|X83.8XXA: Lesiones autoinfligidas intencionadamente por otros medios especificados, contacto inicial|Z04.6: Contacto para reconocimiento médico psiquiátrico general, solicitado por la autoridad|Z72.0: Consumo de tabaco|||||||||||||||||F20
|C85.80: Otros tipos especificados de linfoma no Hodgkin, localización no especificada||F17.200: Dependencia de nicotina no especificada, sin complicaciones||||||||||||||||||F20
|E87.1: Hiposmolaridad e hiponatremia|F50.8: Otros trastornos de la conducta alimentaria|Z04.6: Contacto para reconocimiento médico psiquiátrico general, solicitado por la autoridad|Z59.3: Problemas relacionados con la vida en una institución residencial|||||||||||||||||F20
J98.8: Otros trastornos respiratorios especificados|J96.90: Insuficiencia respiratoria no especificada, sin especificar si con hipoxia o con hipercapnia|E53.8: Carencia de otras vitaminas del grupo B especificadas|D30.3: Neoplasia benigna de vejiga||||||||||||||||||F20
J18.9: Neumonía, microorganismo no especificado|J96.01: Insuficiencia respiratoria aguda con hipoxia|N17.9: Fallo renal agudo, no especificado|Z87.891: Historia personal de dependencia a nicotina|F10.21: Dependencia de alcohol, en remisión|Z95.0: Presencia de marcapasos cardíaco|Z59.3: Problemas relacionados con la vida en una institución residencial||F41.9: Trastorno de ansiedad, no especificado|G44.209: Cefalea tensional, no especificada, no intratable|E53.8: Carencia de otras vitaminas del grupo B especificadas|||||||||||F20
I44.30: Bloqueo auriculoventricular no especificado|J95.811: Neumotórax posprocedimiento||G44.209: Cefalea tensional, no especificada, no intratable|F41.9: Trastorno de ansiedad, no especificado|Z87.891: Historia personal de dependencia a nicotina|F10.10: Abuso de alcohol, sin complicaciones|||||||||||||||F20
C71.9: Neoplasia maligna de cerebro, no especificada|||||||||||||||||||||F20
S06.0X0A: Conmoción sin pérdida de conciencia, contacto inicial|Z95.0: Presencia de marcapasos cardíaco||||||||||||||||||||F20
J98.8: Otros trastornos respiratorios especificados|I50.9: Insuficiencia cardiaca, no especificada||||||||||||||||||||F20
J20.9: Bronquitis aguda, no especificada|J96.00: Insuficiencia respiratoria aguda no especificada si con hipoxia o con hipercapnia|K92.2: Hemorragia gastrointestinal, no especificada|D62: Anemia poshemorrágica aguda|T36.0X5A: Efecto adverso de penicilinas, contacto inicial|I42.5: Otras miocardiopatías restrictivas|I50.9: Insuficiencia cardiaca, no especificada|I48.91: Fibrilación auricular no especificada|Z79.01: Uso prolongado (actual) de anticoagulantes|I25.5: Miocardiopatía isquémica||G31.9: Enfermedad degenerativa del sistema nervioso, no especificada|E78.4: Otros tipos de hiperlipidemia|J44.9: Enfermedad pulmonar obstructiva crónica, no especificada|J44.9: Enfermedad pulmonar obstructiva crónica, no especificada|||||||F20
N39.0: Infección de tracto urinario, localización no especificada|B95.61: Infección por Staphylococcus aureus sensible a meticilina como causa de enfermedades clasificadas bajo otro concepto|E11.9: Diabetes mellitus tipo 2 sin complicaciones|K76.0: Hígado graso (degeneración grasa) de hígado, no clasificado bajo otro concepto||Z59.3: Problemas relacionados con la vida en una institución residencial|Z98.49: Estado de extracción de catarata, ojo no especificado|||||||||||||||F20
|Z87.442: Historia personal de cálculos urinarios|Z91.19: Incumplimiento del paciente con otro tratamiento y régimen médico|||||||||||||||||||F22
R55: Síncope y colapso|I10: Hipertensión esencial (primaria)||I67.89: Otra enfermedad cerebrovascular|D16.4: Neoplasia benigna de huesos de cráneo y cara|Z85.828: Historia personal de otras neoplasias malignas de piel|Z98.42: Estado de extracción de catarata, ojo izquierdo|Z86.010: Historia personal de pólipos colónicos||||||||||||||F29
E86.0: Deshidratación|E87.0: Hiperosmolaridad e hipernatremia|N17.9: Fallo renal agudo, no especificado|R45.1: Inquietud y agitación|I10: Hipertensión esencial (primaria)|E79.0: Hiperuricemia sin signos de artritis inflamatoria y enfermedad tofácea|I48.2: Fibrilación auricular crónica||N40.0: Hiperplasia prostática benigna sin síntomas de tracto urinario inferior|H91.90: Pérdida de audición no especificada, oído no especificado|Z86.010: Historia personal de pólipos colónicos|Z98.42: Estado de extracción de catarata, ojo izquierdo|Z85.828: Historia personal de otras neoplasias malignas de piel|Z87.891: Historia personal de dependencia a nicotina|Z87.891: Historia personal de dependencia a nicotina|Z86.59: Historia personal de otros trastornos mentales y del comportamiento||||||F29
J98.8: Otros trastornos respiratorios especificados|I50.9: Insuficiencia cardiaca, no especificada|J96.20: Insuficiencia respiratoria aguda y crónica no especificada si con hipoxia o con hipercapnia|I48.91: Fibrilación auricular no especificada|Q43.4: Duplicación del intestino|K59.00: Estreñimiento, no especificado|R40.0: Somnolencia|D50.9: Anemia ferropénica, no especificada|M16.9: Artrosis de cadera no especificada|M47.814: Espondilosis sin mielopatía ni radiculopatía, región torácica||F70: Discapacidad intelectual leve|Z86.73: Historia personal de ataque isquémico transitorio (AIT) e infarto cerebral sin déficits residuales|Z79.82: Uso prolongado (actual) de aspirina|Z79.82: Uso prolongado (actual) de aspirina|||||||F20
|F60.5: Trastorno de personalidad obsesivo-compulsivo|Z60.2: Problemas relacionados con vivir solo|Z81.8: Historia familiar de otros trastornos mentales y del comportamiento|Z91.19: Incumplimiento del paciente con otro tratamiento y régimen médico|Z63.79: Otros acontecimientos de la vida que generan estrés en la familia y el hogar||||||||||||||||F22
|C78.6: Neoplasia maligna secundaria de retroperitoneo y peritoneo|Z85.43: Historia personal de neoplasia maligna de ovario|Z88.8: Estado de alergia a otros fármacos, medicamentos y sustancias biológicas||||||||||||||||||F20
K22.6: Síndrome de desgarro-hemorragia gastroesofágico||C78.6: Neoplasia maligna secundaria de retroperitoneo y peritoneo|Z85.43: Historia personal de neoplasia maligna de ovario|Z88.8: Estado de alergia a otros fármacos, medicamentos y sustancias biológicas|Z92.3: Historia personal de irradiación||||||||||||||||F20
S72.101A: Fractura de trocánter no especificado de fémur derecho, contacto inicial por fractura cerrada|W19.XXXA: Caída no especificada, contacto inicial||F41.8: Otros trastornos de ansiedad especificados|F03.90: Demencia no especificada, gravedad no especificada, sin alteración del comportamiento, alteración psicótica, alteración del estado de ánimo ni ansiedad|K21.9: Enfermedad por reflujo gastroesofágico sin esofagitis|K44.9: Hernia diafragmática sin obstrucción ni gangrena|||||||||||||||F20
D69.6: Trombocitopenia no especificada|D50.9: Anemia ferropénica, no especificada|T80.1XXA: Complicaciones vasculares después de infusión, transfusión e inyección terapéutica, contacto inicial|I80.8: Flebitis y tromboflebitis de otras localizaciones|B95.61: Infección por Staphylococcus aureus sensible a meticilina como causa de enfermedades clasificadas bajo otro concepto|E03.9: Hipotiroidismo, no especificado||F17.200: Dependencia de nicotina no especificada, sin complicaciones|Z88.6: Estado de alergia a analgésico|E40: Kwashiorkor||||||||||||F20
I13.0: Enfermedad cardiaca y renal crónica hipertensiva con insuficiencia cardiaca y enfermedad renal crónica estadios 1 a 4 o enfermedad renal crónica no especificada|I50.9: Insuficiencia cardiaca, no especificada|N18.3: Enfermedad renal crónica, estadio 3 (moderada)|I48.2: Fibrilación auricular crónica|Z79.01: Uso prolongado (actual) de anticoagulantes|E11.21: Diabetes mellitus tipo 2 con nefropatía diabética||Z90.49: Ausencia adquirida de otras partes especificadas del tracto digestivo|Z96.659: Presencia de articulación de rodilla artificial, no especificada|||||||||||||F22
F05: Delirio debido a afección fisiológica conocida|E87.1: Hiposmolaridad e hiponatremia|G40.309: Epilepsia y síndromes epilépticos generalizados idiopáticos, no intratables, sin estado de mal epiléptico||M19.90: Artrosis no especificada, localización no especificada|L80: Vitíligo|Z85.828: Historia personal de otras neoplasias malignas de piel|Z59.3: Problemas relacionados con la vida en una institución residencial||||||||||||||F20
|Z91.19: Incumplimiento del paciente con otro tratamiento y régimen médico|E11.9: Diabetes mellitus tipo 2 sin complicaciones|Z60.2: Problemas relacionados con vivir solo|F17.200: Dependencia de nicotina no especificada, sin complicaciones|||||||||||||||||F20
|F60.0: Trastorno de personalidad paranoide|E11.311: Diabetes mellitus tipo 2 con retinopatía diabética no especificada con edema macular|E11.319: Diabetes mellitus tipo 2 con retinopatía diabética no especificada sin edema macular|E11.51: Diabetes mellitus tipo 2 con angiopatía periférica diabética sin gangrena|L97.909: Úlcera crónica no debida a presión de parte no especificada de pierna no especificada, de gravedad no especificada|Z60.2: Problemas relacionados con vivir solo|I10: Hipertensión esencial (primaria)|Z79.4: Uso prolongado (actual) de insulina|||||||||||||F22
|Z60.2: Problemas relacionados con vivir solo|E11.9: Diabetes mellitus tipo 2 sin complicaciones|E78.5: Hiperlipidemia, no especificada|R41.83: Capacidad intelectual límite|||||||||||||||||F22
T43.501A: Envenenamiento por antipsicóticos y neurolépticos no especificados, accidental (no intencionado), contacto inicial|T60.1X1A: Efecto tóxico de insecticidas halogenados, accidental (no intencionado), contacto inicial||Z60.2: Problemas relacionados con vivir solo||||||||||||||||||F20
C34.11: Neoplasia maligna de lóbulo superior, bronquio o pulmón derecho|I87.1: Compresión de vena|G47.53: Paralisis del sueño aislada recurrente|J98.8: Otros trastornos respiratorios especificados|B95.61: Infección por Staphylococcus aureus sensible a meticilina como causa de enfermedades clasificadas bajo otro concepto||F68.8: Otros trastornos específicos de personalidad y comportamiento del adulto|F17.210: Dependencia de nicotina, cigarrillos, sin complicaciones|F10.20: Dependencia de alcohol, sin complicaciones|Z60.2: Problemas relacionados con vivir solo||||||||||||F21
J96.20: Insuficiencia respiratoria aguda y crónica no especificada si con hipoxia o con hipercapnia|E87.3: Alcalosis|J43.9: Enfisema, no especificado|I27.81: Cor pulmonale (crónico)|I07.1: Insuficiencia tricuspídea reumática||E78.4: Otros tipos de hiperlipidemia|F17.200: Dependencia de nicotina no especificada, sin complicaciones|E66.9: Obesidad, no especificada|||||||||||||F20
|G40.909: Epilepsia, no especificada, no intratable, sin estado de mal epiléptico||||||||||||||||||||F29
F25.9: Trastorno esquizoafectivo, no especificado|Z81.8: Historia familiar de otros trastornos mentales y del comportamiento|Z88.0: Estado de alergia a penicilina|Z63.5: Ruptura familiar por separación y divorcio|Z91.19: Incumplimiento del paciente con otro tratamiento y régimen médico|||||||||||||||||F20
C78.7: Neoplasia maligna secundaria de hígado y vías biliares intrahepáticas|C34.90: Neoplasia maligna de parte no especificada, bronquio o pulmón no especificados|C79.31: Neoplasia maligna secundaria de cerebro||Z59.3: Problemas relacionados con la vida en una institución residencial|||||||||||||||||F20
C61: Neoplasia maligna de próstata|C78.7: Neoplasia maligna secundaria de hígado y vías biliares intrahepáticas|R18.0: Ascitis maligna|C79.51: Neoplasia maligna secundaria de hueso|K52.89: Otras gastroenteritis y colitis no infecciosas especificadas|N17.9: Fallo renal agudo, no especificado|I10: Hipertensión esencial (primaria)|N28.1: Quiste de riñón, adquirido||Z59.3: Problemas relacionados con la vida en una institución residencial|Z51.5: Contacto para cuidados paliativos|||||||||||F20
J98.8: Otros trastornos respiratorios especificados|I48.91: Fibrilación auricular no especificada|K44.9: Hernia diafragmática sin obstrucción ni gangrena||Z86.718: Historia personal de otro tipo de trombosis y embolia venosas|Z86.73: Historia personal de ataque isquémico transitorio (AIT) e infarto cerebral sin déficits residuales||||||||||||||||F20
|F12.20: Dependencia de cannabis, sin complicaciones|R41.83: Capacidad intelectual límite|Z81.8: Historia familiar de otros trastornos mentales y del comportamiento||||||||||||||||||F20
|F12.10: Abuso de cannabis, sin complicaciones|R41.83: Capacidad intelectual límite|Z81.8: Historia familiar de otros trastornos mentales y del comportamiento||||||||||||||||||F20
|F12.10: Abuso de cannabis, sin complicaciones|F14.10: Abuso de cocaína, sin complicaciones|F10.10: Abuso de alcohol, sin complicaciones|R41.83: Capacidad intelectual límite|T43.596A: Infradosificación de otros antipsicóticos y neurolépticos, contacto inicial|Z91.19: Incumplimiento del paciente con otro tratamiento y régimen médico|||||||||||||||F20
|F12.20: Dependencia de cannabis, sin complicaciones|Z81.8: Historia familiar de otros trastornos mentales y del comportamiento|Z65.8: Otros problemas especificados relacionados con circunstancias psicosociales||||||||||||||||||F20
|F12.20: Dependencia de cannabis, sin complicaciones|Z65.8: Otros problemas especificados relacionados con circunstancias psicosociales|Z81.8: Historia familiar de otros trastornos mentales y del comportamiento|Z63.79: Otros acontecimientos de la vida que generan estrés en la familia y el hogar|||||||||||||||||F20
|F12.10: Abuso de cannabis, sin complicaciones|Z65.8: Otros problemas especificados relacionados con circunstancias psicosociales|I49.8: Otras arritmias cardiacas especificadas|Z91.19: Incumplimiento del paciente con otro tratamiento y régimen médico|||||||||||||||||F20
|F12.10: Abuso de cannabis, sin complicaciones|Z65.8: Otros problemas especificados relacionados con circunstancias psicosociales|||||||||||||||||||F20
K85.1: Pancreatitis aguda biliar||Z87.891: Historia personal de dependencia a nicotina|||||||||||||||||||F20
K85.9: Pancreatitis aguda, no especificada||Z90.89: Ausencia adquirida de otros órganos|||||||||||||||||||F20
J98.8: Otros trastornos respiratorios especificados|F11.20: Dependencia de opiáceos, sin complicaciones|F19.20: Dependencia de otra sustancia psicoactiva, sin complicaciones|||J43.9: Enfisema, no especificado|F17.200: Dependencia de nicotina no especificada, sin complicaciones|||||||||||||||F20
N20.0: Cálculo del riñón|N23: Cólico renal no especificado||I49.9: Arritmia cardiaca, no especificada|Z79.82: Uso prolongado (actual) de aspirina|Z91.041: Estado de alergia a contrastes radiográficos||||||||||||||||F20
|Z63.5: Ruptura familiar por separación y divorcio|Z98.51: Estado de ligadura de trompas (de Falopio)|||||||||||||||||||F23
|F60.9: Trastorno de personalidad, no especificado|N39.0: Infección de tracto urinario, localización no especificada|Z60.2: Problemas relacionados con vivir solo|Z63.5: Ruptura familiar por separación y divorcio|Z88.6: Estado de alergia a analgésico||||||||||||||||F23
|Z91.19: Incumplimiento del paciente con otro tratamiento y régimen médico|Z60.2: Problemas relacionados con vivir solo|||||||||||||||||||F20
|Z63.79: Otros acontecimientos de la vida que generan estrés en la familia y el hogar|Z65.8: Otros problemas especificados relacionados con circunstancias psicosociales|Z65.8: Otros problemas especificados relacionados con circunstancias psicosociales||||||||||||||||||F20
|F60.3: Trastorno límite de personalidad|Z91.19: Incumplimiento del paciente con otro tratamiento y régimen médico|||||||||||||||||||F22
|F60.89: Otros tipos de trastornos específicos de personalidad|Z91.19: Incumplimiento del paciente con otro tratamiento y régimen médico|||||||||||||||||||F20
K80.00: Cálculo de vesícula biliar con colecistitis aguda sin obstrucción|I08.0: Trastornos reumáticos tanto de la válvula mitral como de la aórtica|Z95.2: Presencia de válvula cardiaca protésica|F32.9: Trastorno depresivo mayor, episodio único, no especificado||R25.1: Temblor no especificado|M47.896: Otros tipos de espondilosis, región lumbar|M40.56: Lordosis no especificada, región lumbar|Z79.01: Uso prolongado (actual) de anticoagulantes|||||||||||||F20
S72.001A: Fractura de parte no especificada del cuello de fémur derecho, contacto inicial por fractura cerrada|W19.XXXA: Caída no especificada, contacto inicial|I10: Hipertensión esencial (primaria)|E11.9: Diabetes mellitus tipo 2 sin complicaciones||Z98.1: Estado de artrodesis||||||||||||||||F29
|F60.9: Trastorno de personalidad, no especificado|Z91.19: Incumplimiento del paciente con otro tratamiento y régimen médico|||||||||||||||||||F22
E04.2: Bocio multinodular no tóxico||J45.909: Asma no especificada, sin complicaciones|||||||||||||||||||F20
J18.9: Neumonía, microorganismo no especificado|J96.00: Insuficiencia respiratoria aguda no especificada si con hipoxia o con hipercapnia||F06.0: Trastorno psicótico con alucinaciones debido a afección fisiológica conocida|J44.9: Enfermedad pulmonar obstructiva crónica, no especificada|F17.200: Dependencia de nicotina no especificada, sin complicaciones|Z95.828: Presencia de otros implantes e injertos vasculares|Z90.79: Ausencia adquirida de otro (-s) órgano (-s) genital (-es)|Z91.041: Estado de alergia a contrastes radiográficos|||||||||||||F22
J98.8: Otros trastornos respiratorios especificados|J96.00: Insuficiencia respiratoria aguda no especificada si con hipoxia o con hipercapnia|J44.9: Enfermedad pulmonar obstructiva crónica, no especificada|G30.9: Enfermedad de Alzheimer, no especificada|F02.80: Demencia en otras enfermedades clasificadas bajo otro concepto, gravedad no especificada, sin alteración del comportamiento, alteración psicótica, alteración del estado de ánimo ni ansiedad|F01.50: Demencia vascular, gravedad no especificada, sin alteración del comportamiento, alteración psicótica, alteración del estado de ánimo ni ansiedad|I11.9: Enfermedad cardiaca hipertensiva sin insuficiencia cardiaca||E78.0: Hipercolesterolemia pura|F17.200: Dependencia de nicotina no especificada, sin complicaciones|Z95.828: Presencia de otros implantes e injertos vasculares|Z90.79: Ausencia adquirida de otro (-s) órgano (-s) genital (-es)|Z79.02: Uso prolongado (actual) de antitrombóticos / antiplaquetarios|Z91.041: Estado de alergia a contrastes radiográficos|Z91.041: Estado de alergia a contrastes radiográficos|||||||F22
F42: Trastorno obsesivo-compulsivo|F25.9: Trastorno esquizoafectivo, no especificado|B18.2: Hepatitis vírica crónica tipo C|||||||||||||||||||F20
R55: Síncope y colapso|I44.0: Bloqueo auriculoventricular, primer grado|N39.0: Infección de tracto urinario, localización no especificada|B96.1: Klebsiella pneumoniae [K. pneumoniae] como causa de enfermedades clasificadas bajo otro concepto|Z16.10: Resistencia a antibióticos beta lactámicos no especificados|Z16.11: Resistencia a penicilinas|Z16.23: Resistencia a quinolonas y fluoroquinolonas|Z16.29: Resistencia a otro único tipo de antibiótico especificado|J98.8: Otros trastornos respiratorios especificados|E53.8: Carencia de otras vitaminas del grupo B especificadas|I10: Hipertensión esencial (primaria)|F03.90: Demencia no especificada, gravedad no especificada, sin alteración del comportamiento, alteración psicótica, alteración del estado de ánimo ni ansiedad||K44.9: Hernia diafragmática sin obstrucción ni gangrena|K44.9: Hernia diafragmática sin obstrucción ni gangrena|||||||F22
C18.9: Neoplasia maligna de colon, no especificada||N40.0: Hiperplasia prostática benigna sin síntomas de tracto urinario inferior|||||||||||||||||||F20
J98.8: Otros trastornos respiratorios especificados|J96.01: Insuficiencia respiratoria aguda con hipoxia|J84.112: Fibrosis pulmonar idiopática|G30.9: Enfermedad de Alzheimer, no especificada|F02.80: Demencia en otras enfermedades clasificadas bajo otro concepto, gravedad no especificada, sin alteración del comportamiento, alteración psicótica, alteración del estado de ánimo ni ansiedad||F60.4: Trastorno de personalidad histriónica|F44.9: Trastorno disociativo y de conversión, no especificado|Z79.82: Uso prolongado (actual) de aspirina|Z59.3: Problemas relacionados con la vida en una institución residencial||||||||||||F20
J84.112: Fibrosis pulmonar idiopática|J84.9: Enfermedad intersticial pulmonar, no especificada|J98.8: Otros trastornos respiratorios especificados|J96.02: Insuficiencia respiratoria aguda con hipercapnia|Z59.3: Problemas relacionados con la vida en una institución residencial|F43.21: Trastorno adaptativo con estado de ánimo depresivo|F60.4: Trastorno de personalidad histriónica||Z79.82: Uso prolongado (actual) de aspirina|G30.9: Enfermedad de Alzheimer, no especificada|F02.80: Demencia en otras enfermedades clasificadas bajo otro concepto, gravedad no especificada, sin alteración del comportamiento, alteración psicótica, alteración del estado de ánimo ni ansiedad|||||||||||F20
M62.82: Rabdomiolisis|E43: Malnutrición calórico-proteica grave no especificada|N17.9: Fallo renal agudo, no especificado|G40.909: Epilepsia, no especificada, no intratable, sin estado de mal epiléptico||J98.8: Otros trastornos respiratorios especificados||||||||||||||||F20
|Z80.0: Historia familiar de neoplasia maligna de órganos digestivos||||||||||||||||||||F25
C34.10: Neoplasia maligna de lóbulo superior, bronquio y pulmón no especificados|R04.2: Hemoptisis|C79.70: Neoplasia maligna secundaria de glándula suprarrenal no especificada|J98.8: Otros trastornos respiratorios especificados||E11.9: Diabetes mellitus tipo 2 sin complicaciones|I10: Hipertensión esencial (primaria)|J44.9: Enfermedad pulmonar obstructiva crónica, no especificada|Z51.5: Contacto para cuidados paliativos|||||||||||||F20
F42.9: Trastorno obsesivo-compulsivo, no especificado||S00.83XA: Contusión de otra parte de la cabeza, contacto inicial|W19.XXXA: Caída no especificada, contacto inicial|L50.9: Urticaria, no especificada|T44.3X5A: Efecto adverso de otros parasimpaticolíticos [anticolinérgicos y antimuscarínicos] y espasmolíticos, contacto inicial||||||||||||||||F22
F42.9: Trastorno obsesivo-compulsivo, no especificado||F60.0: Trastorno de personalidad paranoide|||||||||||||||||||F22
F42.9: Trastorno obsesivo-compulsivo, no especificado||Z81.8: Historia familiar de otros trastornos mentales y del comportamiento|||||||||||||||||||F22
G40.409: Epilepsia y otros síndromes epilépticos generalizados, no intratables, sin estado de mal epiléptico||F60.1: Trastorno esquizoide de personalidad|K70.9: Enfermedad hepática alcohólica, no especificada|F10.21: Dependencia de alcohol, en remisión|||||||||||||||||F29
|F60.89: Otros tipos de trastornos específicos de personalidad|F10.21: Dependencia de alcohol, en remisión|F60.1: Trastorno esquizoide de personalidad|Z90.49: Ausencia adquirida de otras partes especificadas del tracto digestivo|||||||||||||||||F25
S32.009A: Fractura no especificada de vértebra lumbar no especificada, contacto inicial por fractura cerrada|M43.00: Espondilolisis, localización no especificada|I10: Hipertensión esencial (primaria)|E66.01: Obesidad mórbida (severa) por exceso de calorías||E78.0: Hipercolesterolemia pura||||||||||||||||F20
F01.50: Demencia vascular, gravedad no especificada, sin alteración del comportamiento, alteración psicótica, alteración del estado de ánimo ni ansiedad||D50.9: Anemia ferropénica, no especificada|I77.6: Arteritis, no especificada|M45.9: Espondilitis anquilosante de localizaciones no especificadas de la columna vertebral|N18.3: Enfermedad renal crónica, estadio 3 (moderada)|Z59.3: Problemas relacionados con la vida en una institución residencial|||||||||||||||F20
F25.9: Trastorno esquizoafectivo, no especificado|Z81.8: Historia familiar de otros trastornos mentales y del comportamiento|Z63.72: Alcoholismo y drogadicción en la familia|Z59.3: Problemas relacionados con la vida en una institución residencial||||||||||||||||||F20
I50.1: Insuficiencia ventricular izquierda, no especificada|I42.0: Miocardiopatía dilatada|I48.91: Fibrilación auricular no especificada|I25.2: Infarto de miocardio antiguo|Z95.5: Presencia de angioplastia, injertos y prótesis coronarios||N18.4: Enfermedad renal crónica, estadio 4 (grave)|E11.9: Diabetes mellitus tipo 2 sin complicaciones|E78.5: Hiperlipidemia, no especificada|Z72.0: Consumo de tabaco|Z79.02: Uso prolongado (actual) de antitrombóticos / antiplaquetarios|Z95.820: Estado angioplastia vascular periférico con implantes e injertos||||||||||F22
I83.90: Venas varicosas asintomáticas de extremidad inferior no especificada|||||||||||||||||||||F20
J69.0: Neumonitis debida a inhalación de alimentos y vómito|B96.21: Escherichia coli [E. coli] [STEC] O157 productor de toxina Shiga como causa de enfermedades clasificadas bajo otro concepto|B96.4: Proteus (mirabilis) (morganii) como causa de enfermedades clasificadas bajo otro concepto|J96.00: Insuficiencia respiratoria aguda no especificada si con hipoxia o con hipercapnia|E11.8: Diabetes mellitus tipo 2 con complicaciones no especificadas||M48.50XA: Vértebra colapsada, no clasificada bajo otro concepto, localización no especificada, contacto inicial por fractura|N20.0: Cálculo del riñón|N28.1: Quiste de riñón, adquirido|D35.00: Neoplasia benigna de glándula suprarrenal no especificada|K80.20: Cálculo de vesícula biliar sin colecistitis sin obstrucción|K64.9: Hemorroides no especificadas|Z85.118: Historia personal de otra neoplasia maligna de bronquios y pulmón|Z90.2: Ausencia adquirida (de parte) del pulmón|Z90.2: Ausencia adquirida (de parte) del pulmón|||||||F20
C34.30: Neoplasia maligna de lóbulo inferior, bronquio o pulmón no especificados|Z90.2: Ausencia adquirida (de parte) del pulmón|E11.9: Diabetes mellitus tipo 2 sin complicaciones|K80.20: Cálculo de vesícula biliar sin colecistitis sin obstrucción||F17.200: Dependencia de nicotina no especificada, sin complicaciones||||||||||||||||F20
J69.0: Neumonitis debida a inhalación de alimentos y vómito|J96.00: Insuficiencia respiratoria aguda no especificada si con hipoxia o con hipercapnia|K92.2: Hemorragia gastrointestinal, no especificada|C34.30: Neoplasia maligna de lóbulo inferior, bronquio o pulmón no especificados|Z90.2: Ausencia adquirida (de parte) del pulmón|E11.9: Diabetes mellitus tipo 2 sin complicaciones||Q43.4: Duplicación del intestino|F17.200: Dependencia de nicotina no especificada, sin complicaciones|Z59.3: Problemas relacionados con la vida en una institución residencial||||||||||||F20
|E11.9: Diabetes mellitus tipo 2 sin complicaciones|Z91.19: Incumplimiento del paciente con otro tratamiento y régimen médico|||||||||||||||||||F22
|Z81.8: Historia familiar de otros trastornos mentales y del comportamiento|Z04.6: Contacto para reconocimiento médico psiquiátrico general, solicitado por la autoridad|Z60.2: Problemas relacionados con vivir solo|Z91.19: Incumplimiento del paciente con otro tratamiento y régimen médico|||||||||||||||||F20
|F60.1: Trastorno esquizoide de personalidad|E11.9: Diabetes mellitus tipo 2 sin complicaciones|||||||||||||||||||F29
J84.89: Otros tipos de enfermedades pulmonares intersticiales especificadas|J96.90: Insuficiencia respiratoria no especificada, sin especificar si con hipoxia o con hipercapnia|N19: Insuficiencia renal no especificada|E87.1: Hiposmolaridad e hiponatremia|J64: Neumoconiosis no especificada|Z79.52: Uso prolongado (actual) de esteroides sistémicos|Z99.81: Dependencia de oxígeno suplementario||N40.0: Hiperplasia prostática benigna sin síntomas de tracto urinario inferior|K57.30: Diverticulosis de colon sin perforación ni absceso, sin hemorragia|K29.50: Gastritis crónica no especificada sin hemorragia|Z59.3: Problemas relacionados con la vida en una institución residencial||||||||||F20
J18.1: Neumonía lobar, microorganismo no especificado|J96.20: Insuficiencia respiratoria aguda y crónica no especificada si con hipoxia o con hipercapnia|J84.89: Otros tipos de enfermedades pulmonares intersticiales especificadas|J64: Neumoconiosis no especificada|Z79.52: Uso prolongado (actual) de esteroides sistémicos|Z99.81: Dependencia de oxígeno suplementario||N40.0: Hiperplasia prostática benigna sin síntomas de tracto urinario inferior|K57.30: Diverticulosis de colon sin perforación ni absceso, sin hemorragia|K29.50: Gastritis crónica no especificada sin hemorragia|Z59.3: Problemas relacionados con la vida en una institución residencial|||||||||||F20
N17.9: Fallo renal agudo, no especificado|M62.82: Rabdomiolisis|J44.1: Enfermedad pulmonar obstructiva crónica con exacerbación (aguda)|E11.9: Diabetes mellitus tipo 2 sin complicaciones|Z79.84: Uso prolongado (actual) de medicamentos hipoglucemiantes orales||F17.210: Dependencia de nicotina, cigarrillos, sin complicaciones|||||||||||||||F20
|Z60.2: Problemas relacionados con vivir solo|Z04.6: Contacto para reconocimiento médico psiquiátrico general, solicitado por la autoridad|Z91.19: Incumplimiento del paciente con otro tratamiento y régimen médico||||||||||||||||||F20
L98.419: Úlcera crónica no debida a presión en nalga, de gravedad no especificada|T20.00XS: Quemadura de grado no especificado de cabeza, cara y cuello de localización no especificada, secuela|T23.009S: Quemadura de grado no especificado de mano no especificada de localización no especificada, secuela|||||||||||||||||||F20
S72.099A: Otra fractura de cabeza y cuello de fémur no especificado, contacto inicial por fractura cerrada|D62: Anemia poshemorrágica aguda|F05: Delirio debido a afección fisiológica conocida|R09.02: Hipoxemia|I49.8: Otras arritmias cardiacas especificadas|I10: Hipertensión esencial (primaria)|I34.0: Insuficiencia (de la válvula) mitral no reumática|I70.0: Aterosclerosis de aorta|K44.9: Hernia diafragmática sin obstrucción ni gangrena|K58.9: Síndrome de intestino irritable sin diarrea||Z90.710: Ausencia adquirida de ambos, de cuello uterino y de útero||||||||||F22
S42.201A: Fractura no especificada de extremo superior de húmero derecho, contacto inicial por fractura cerrada|W19.XXXA: Caída no especificada, contacto inicial||G30.9: Enfermedad de Alzheimer, no especificada|F02.80: Demencia en otras enfermedades clasificadas bajo otro concepto, gravedad no especificada, sin alteración del comportamiento, alteración psicótica, alteración del estado de ánimo ni ansiedad|||||||||||||||||F22
J69.0: Neumonitis debida a inhalación de alimentos y vómito|T17.998A: Otro cuerpo extraño en vías respiratorias, parte no especificada, que produce otras lesiones, contacto inicial|J96.00: Insuficiencia respiratoria aguda no especificada si con hipoxia o con hipercapnia|A41.9: Sepsis, microorganismo no especificado|N17.9: Fallo renal agudo, no especificado|G30.1: Enfermedad de Alzheimer de comienzo tardío||K57.33: Diverticulitis de colon sin perforación ni absceso, con hemorragia|F10.21: Dependencia de alcohol, en remisión|Z59.3: Problemas relacionados con la vida en una institución residencial|Z87.891: Historia personal de dependencia a nicotina|||||||||||F22
J18.9: Neumonía, microorganismo no especificado|I50.9: Insuficiencia cardiaca, no especificada|N17.9: Fallo renal agudo, no especificado|E86.0: Deshidratación|I48.91: Fibrilación auricular no especificada|F03.90: Demencia no especificada, gravedad no especificada, sin alteración del comportamiento, alteración psicótica, alteración del estado de ánimo ni ansiedad||Z79.82: Uso prolongado (actual) de aspirina|Z59.3: Problemas relacionados con la vida en una institución residencial|||||||||||||F20
|G93.0: Quistes cerebrales|Z56.9: Problemas relacionados con el empleo no especificados|Z04.6: Contacto para reconocimiento médico psiquiátrico general, solicitado por la autoridad||||||||||||||||||F23
|F60.89: Otros tipos de trastornos específicos de personalidad||||||||||||||||||||F20
J18.9: Neumonía, microorganismo no especificado|J96.00: Insuficiencia respiratoria aguda no especificada si con hipoxia o con hipercapnia|I50.9: Insuficiencia cardiaca, no especificada|R30.1: Tenesmo vesical|I48.91: Fibrilación auricular no especificada|K80.20: Cálculo de vesícula biliar sin colecistitis sin obstrucción|E11.9: Diabetes mellitus tipo 2 sin complicaciones||F32.9: Trastorno depresivo mayor, episodio único, no especificado|Z96.649: Presencia de articulación de cadera artificial, no especificada|Z74.01: Situación de confinamiento en cama|||||||||||F20
F25.9: Trastorno esquizoafectivo, no especificado|Z63.6: Familiar dependiente que requiere cuidados en el hogar|Z63.9: Problema relacionado con el grupo de apoyo primario, no especificado|Z65.8: Otros problemas especificados relacionados con circunstancias psicosociales||||||||||||||||||F20
N17.9: Fallo renal agudo, no especificado|R65.11: Síndrome de respuesta inflamatoria sistémica (SIRS) de origen no infeccioso con disfunción orgánica aguda|J96.00: Insuficiencia respiratoria aguda no especificada si con hipoxia o con hipercapnia|J98.8: Otros trastornos respiratorios especificados||||||||||||||||||F20
E11.36: Diabetes mellitus tipo 2 con catarata diabética||Z79.4: Uso prolongado (actual) de insulina|||||||||||||||||||F20
F29: Psicosis no especificada no debida a sustancia o afección fisiológica conocidas||F60.89: Otros tipos de trastornos específicos de personalidad|||||||||||||||||||F22
J44.1: Enfermedad pulmonar obstructiva crónica con exacerbación (aguda)|J96.20: Insuficiencia respiratoria aguda y crónica no especificada si con hipoxia o con hipercapnia|I27.81: Cor pulmonale (crónico)|D75.1: Policitemia secundaria|I48.91: Fibrilación auricular no especificada|F17.200: Dependencia de nicotina no especificada, sin complicaciones||||||||||||||||F20
G93.49: Otros tipos de encefalopatía|J96.12: Insuficiencia respiratoria crónica con hipercapnia|G47.33: Apnea obstructiva del sueño (del adulto) (pediátrica)|J18.9: Neumonía, microorganismo no especificado|T17.908A: Cuerpo extraño no especificado en vías respiratorias, parte no especificada, que produce otras lesiones, contacto inicial|I48.91: Fibrilación auricular no especificada|Z74.3: Necesidad de supervisión continua|Z59.3: Problemas relacionados con la vida en una institución residencial|E66.9: Obesidad, no especificada|I10: Hipertensión esencial (primaria)||Z79.01: Uso prolongado (actual) de anticoagulantes|Z99.89: Dependencia de otras máquinas y dispositivos de apoyo|Z99.81: Dependencia de oxígeno suplementario|Z99.81: Dependencia de oxígeno suplementario|Z85.3: Historia personal de neoplasia maligna de mama|Z92.21: Historia personal de quimioterapia antineoplásica|Z92.3: Historia personal de irradiación|Z90.12: Ausencia adquirida de mama y pezón izquierdos|||F20
G93.49: Otros tipos de encefalopatía|G47.33: Apnea obstructiva del sueño (del adulto) (pediátrica)|J96.12: Insuficiencia respiratoria crónica con hipercapnia|I11.0: Enfermedad cardíaca hipertensiva con insuficiencia cardiaca|I50.9: Insuficiencia cardiaca, no especificada|I48.2: Fibrilación auricular crónica|E66.9: Obesidad, no especificada||Z79.01: Uso prolongado (actual) de anticoagulantes|Z59.3: Problemas relacionados con la vida en una institución residencial|Z74.3: Necesidad de supervisión continua|Z99.81: Dependencia de oxígeno suplementario|Z85.3: Historia personal de neoplasia maligna de mama|Z90.12: Ausencia adquirida de mama y pezón izquierdos|Z90.12: Ausencia adquirida de mama y pezón izquierdos|Z92.21: Historia personal de quimioterapia antineoplásica|Z92.3: Historia personal de irradiación|Z99.89: Dependencia de otras máquinas y dispositivos de apoyo||||F20
I11.0: Enfermedad cardíaca hipertensiva con insuficiencia cardiaca|I50.9: Insuficiencia cardiaca, no especificada|Z22.322: Portador o sospecha de portador de Staphylococcus aureus resistente a meticilina|I48.2: Fibrilación auricular crónica|Z79.01: Uso prolongado (actual) de anticoagulantes|G47.33: Apnea obstructiva del sueño (del adulto) (pediátrica)|Z99.89: Dependencia de otras máquinas y dispositivos de apoyo|J96.12: Insuficiencia respiratoria crónica con hipercapnia|Z99.81: Dependencia de oxígeno suplementario|G93.49: Otros tipos de encefalopatía|E66.9: Obesidad, no especificada||Z85.3: Historia personal de neoplasia maligna de mama|Z92.21: Historia personal de quimioterapia antineoplásica|Z92.21: Historia personal de quimioterapia antineoplásica|Z92.3: Historia personal de irradiación|Z90.12: Ausencia adquirida de mama y pezón izquierdos|Z74.3: Necesidad de supervisión continua|Z59.3: Problemas relacionados con la vida en una institución residencial|||F20
I50.9: Insuficiencia cardiaca, no especificada|J96.12: Insuficiencia respiratoria crónica con hipercapnia|I11.0: Enfermedad cardíaca hipertensiva con insuficiencia cardiaca|E87.5: Hiperpotasemia|I48.2: Fibrilación auricular crónica|E66.2: Obesidad mórbida (severa) con hipoventilación alveolar|E11.9: Diabetes mellitus tipo 2 sin complicaciones||Z79.01: Uso prolongado (actual) de anticoagulantes|Z59.3: Problemas relacionados con la vida en una institución residencial|Z74.3: Necesidad de supervisión continua|Z99.81: Dependencia de oxígeno suplementario|Z85.3: Historia personal de neoplasia maligna de mama|Z90.12: Ausencia adquirida de mama y pezón izquierdos|Z90.12: Ausencia adquirida de mama y pezón izquierdos|Z92.21: Historia personal de quimioterapia antineoplásica|Z92.3: Historia personal de irradiación|||||F20
G93.40: Encefalopatía, no especificada|E66.2: Obesidad mórbida (severa) con hipoventilación alveolar|J96.12: Insuficiencia respiratoria crónica con hipercapnia||I48.2: Fibrilación auricular crónica|Z79.01: Uso prolongado (actual) de anticoagulantes|I11.9: Enfermedad cardiaca hipertensiva sin insuficiencia cardiaca|Z59.3: Problemas relacionados con la vida en una institución residencial|Z85.3: Historia personal de neoplasia maligna de mama|Z92.21: Historia personal de quimioterapia antineoplásica||||||||||||F20
|F19.950: Consumo de otra sustancia psicoactiva, no especificado, con trastorno psicótico con ideas delirantes inducido por sustancias psicoactivas|F12.20: Dependencia de cannabis, sin complicaciones|B18.2: Hepatitis vírica crónica tipo C||||||||||||||||||F20
T78.3XXA: Edema angioneurótico, contacto inicial||F60.9: Trastorno de personalidad, no especificado|Z81.8: Historia familiar de otros trastornos mentales y del comportamiento|Z59.3: Problemas relacionados con la vida en una institución residencial|Z62.891: Rivalidad entre hermanos||||||||||||||||F20
|F79: Discapacidad intelectual no especificada|K44.9: Hernia diafragmática sin obstrucción ni gangrena|Z04.6: Contacto para reconocimiento médico psiquiátrico general, solicitado por la autoridad|Z59.3: Problemas relacionados con la vida en una institución residencial|||||||||||||||||F20
|F60.4: Trastorno de personalidad histriónica|F60.81: Trastorno de personalidad narcisista|F60.3: Trastorno límite de personalidad|F60.2: Trastorno de personalidad antisocial|F60.6: Trastorno de personalidad evitativa|F60.5: Trastorno de personalidad obsesivo-compulsivo|F60.7: Trastorno de personalidad dependiente|Z91.19: Incumplimiento del paciente con otro tratamiento y régimen médico|||||||||||||F29
I44.2: Bloqueo auriculoventricular, completo|E11.9: Diabetes mellitus tipo 2 sin complicaciones|E78.5: Hiperlipidemia, no especificada|E66.9: Obesidad, no especificada|E79.0: Hiperuricemia sin signos de artritis inflamatoria y enfermedad tofácea|G82.21: Paraplejia completa||||||||||||||||F29
A41.9: Sepsis, microorganismo no especificado|K59.00: Estreñimiento, no especificado|R40.4: Alteración transitoria de conciencia|F05: Delirio debido a afección fisiológica conocida|T50.905A: Efecto adverso de fármacos, medicamentos y sustancias biológicas no especificados, contacto inicial||E11.9: Diabetes mellitus tipo 2 sin complicaciones|E66.9: Obesidad, no especificada|E78.5: Hiperlipidemia, no especificada|E79.0: Hiperuricemia sin signos de artritis inflamatoria y enfermedad tofácea|G82.20: Paraplejia, no especificada|S22.081S: Fractura por estallido estable de vértebras D11-D12, secuela|X80.XXXS: Lesiones autoinfligidas intencionadamente al saltar desde un lugar alto, secuela|Z91.5: Historia personal de autolesión|Z91.5: Historia personal de autolesión|D25.9: Leiomioma de útero, no especificado|Z95.0: Presencia de marcapasos cardíaco|Z90.49: Ausencia adquirida de otras partes especificadas del tracto digestivo|Z74.3: Necesidad de supervisión continua|Z59.3: Problemas relacionados con la vida en una institución residencial||F20
J98.8: Otros trastornos respiratorios especificados|J42: Bronquitis crónica no especificada||G31.84: Deterioro cognitivo leve de etiología incierta o desconocida|K57.30: Diverticulosis de colon sin perforación ni absceso, sin hemorragia|N40.0: Hiperplasia prostática benigna sin síntomas de tracto urinario inferior||||||||||||||||F20
J18.9: Neumonía, microorganismo no especificado|J96.00: Insuficiencia respiratoria aguda no especificada si con hipoxia o con hipercapnia|I48.91: Fibrilación auricular no especificada|J44.9: Enfermedad pulmonar obstructiva crónica, no especificada|G30.9: Enfermedad de Alzheimer, no especificada|F02.80: Demencia en otras enfermedades clasificadas bajo otro concepto, gravedad no especificada, sin alteración del comportamiento, alteración psicótica, alteración del estado de ánimo ni ansiedad||Z87.11: Historia personal de enfermedad ulcerosa péptica||||||||||||||F20
H49.00: Parálisis del tercer nervio craneal [oculomotor], ojo no especificado|H53.2: Diplopía|E11.9: Diabetes mellitus tipo 2 sin complicaciones|G93.0: Quistes cerebrales|I10: Hipertensión esencial (primaria)||Z87.891: Historia personal de dependencia a nicotina|E66.9: Obesidad, no especificada|Z90.10: Ausencia adquirida de mama y pezón no especificados|||||||||||||F20
|E87.1: Hiposmolaridad e hiponatremia|F50.8: Otros trastornos de la conducta alimentaria|Z04.6: Contacto para reconocimiento médico psiquiátrico general, solicitado por la autoridad|Z86.718: Historia personal de otro tipo de trombosis y embolia venosas|||||||||||||||||F20
|F63.0: Ludopatía||||||||||||||||||||F20
|F12.20: Dependencia de cannabis, sin complicaciones||||||||||||||||||||F29
|F12.10: Abuso de cannabis, sin complicaciones|F17.210: Dependencia de nicotina, cigarrillos, sin complicaciones|Z81.8: Historia familiar de otros trastornos mentales y del comportamiento||||||||||||||||||F29
|F17.200: Dependencia de nicotina no especificada, sin complicaciones|E78.0: Hipercolesterolemia pura|||||||||||||||||||F20
T42.4X1A: Envenenamiento por benzodiacepinas, accidental (no intencionado), contacto inicial|R09.2: Paro respiratorio|J96.00: Insuficiencia respiratoria aguda no especificada si con hipoxia o con hipercapnia|J98.8: Otros trastornos respiratorios especificados|B95.61: Infección por Staphylococcus aureus sensible a meticilina como causa de enfermedades clasificadas bajo otro concepto||R09.2: Paro respiratorio|B18.2: Hepatitis vírica crónica tipo C||F41.9: Trastorno de ansiedad, no especificado|J42: Bronquitis crónica no especificada|F11.20: Dependencia de opiáceos, sin complicaciones|F10.21: Dependencia de alcohol, en remisión|F17.200: Dependencia de nicotina no especificada, sin complicaciones|F17.200: Dependencia de nicotina no especificada, sin complicaciones|||||||F20
T43.8X1A: Envenenamiento por otros fármacos psicótropos, accidental (no intencionado), contacto inicial|||B18.2: Hepatitis vírica crónica tipo C|F19.21: Dependencia de otra sustancia psicoactiva, en remisión|F17.200: Dependencia de nicotina no especificada, sin complicaciones|F10.10: Abuso de alcohol, sin complicaciones|F41.9: Trastorno de ansiedad, no especificado||||||||||||||F20
F05: Delirio debido a afección fisiológica conocida|T42.4X1A: Envenenamiento por benzodiacepinas, accidental (no intencionado), contacto inicial|J96.00: Insuficiencia respiratoria aguda no especificada si con hipoxia o con hipercapnia|B18.2: Hepatitis vírica crónica tipo C|F19.20: Dependencia de otra sustancia psicoactiva, sin complicaciones||F41.9: Trastorno de ansiedad, no especificado|F17.200: Dependencia de nicotina no especificada, sin complicaciones|Z87.891: Historia personal de dependencia a nicotina|||||||||||||F20
|R50.2: Fiebre provocada por fármaco|Z91.19: Incumplimiento del paciente con otro tratamiento y régimen médico|Z87.11: Historia personal de enfermedad ulcerosa péptica||||||||||||||||||F20
K52.89: Otras gastroenteritis y colitis no infecciosas especificadas|J69.0: Neumonitis debida a inhalación de alimentos y vómito|J96.00: Insuficiencia respiratoria aguda no especificada si con hipoxia o con hipercapnia|G40.309: Epilepsia y síndromes epilépticos generalizados idiopáticos, no intratables, sin estado de mal epiléptico|R33.9: Retención urinaria, no especificada||R13.0: Afagia|J44.9: Enfermedad pulmonar obstructiva crónica, no especificada|I73.9: Enfermedad vascular periférica, no especificada|Z86.010: Historia personal de pólipos colónicos|Z87.891: Historia personal de dependencia a nicotina|||||||||||F20
J13: Neumonía por Streptococcus pneumoniae|J44.9: Enfermedad pulmonar obstructiva crónica, no especificada|I70.209: Aterosclerosis no especificada de arterias nativas de las extremidades, extremidad no especificada||K80.20: Cálculo de vesícula biliar sin colecistitis sin obstrucción|Z87.891: Historia personal de dependencia a nicotina||||||||||||||||F20
K85.9: Pancreatitis aguda, no especificada|K80.20: Cálculo de vesícula biliar sin colecistitis sin obstrucción|J98.8: Otros trastornos respiratorios especificados|J42: Bronquitis crónica no especificada||I77.9: Trastorno de arterias y arteriolas, no especificado|Z86.010: Historia personal de pólipos colónicos|Z87.891: Historia personal de dependencia a nicotina||||||||||||||F20
K80.00: Cálculo de vesícula biliar con colecistitis aguda sin obstrucción|Z21: Estado de infección asintomática por virus de inmunodeficiencia humana [VIH]|B18.2: Hepatitis vírica crónica tipo C||E78.4: Otros tipos de hiperlipidemia|E66.9: Obesidad, no especificada|F17.200: Dependencia de nicotina no especificada, sin complicaciones|||||||||||||||F20
J18.9: Neumonía, microorganismo no especificado||K80.20: Cálculo de vesícula biliar sin colecistitis sin obstrucción|E78.4: Otros tipos de hiperlipidemia|F25.9: Trastorno esquizoafectivo, no especificado|F17.200: Dependencia de nicotina no especificada, sin complicaciones||||||||||||||||F20
|F60.89: Otros tipos de trastornos específicos de personalidad|Z21: Estado de infección asintomática por virus de inmunodeficiencia humana [VIH]|Z81.8: Historia familiar de otros trastornos mentales y del comportamiento||||||||||||||||||F25
|F60.89: Otros tipos de trastornos específicos de personalidad|T43.592A: Envenenamiento por otros antipsicóticos y neurolépticos, autolesión intencionada, contacto inicial|Z81.8: Historia familiar de otros trastornos mentales y del comportamiento|Z21: Estado de infección asintomática por virus de inmunodeficiencia humana [VIH]|||||||||||||||||F25
|F60.89: Otros tipos de trastornos específicos de personalidad|T43.592A: Envenenamiento por otros antipsicóticos y neurolépticos, autolesión intencionada, contacto inicial|E78.9: Trastorno del metabolismo de las lipoproteínas, no especificado|Z21: Estado de infección asintomática por virus de inmunodeficiencia humana [VIH]|Z81.8: Historia familiar de otros trastornos mentales y del comportamiento||||||||||||||||F25
T43.592A: Envenenamiento por otros antipsicóticos y neurolépticos, autolesión intencionada, contacto inicial|F44.4: Trastorno de conversión con síntoma o déficit motor|F60.89: Otros tipos de trastornos específicos de personalidad|F41.9: Trastorno de ansiedad, no especificado||Z81.8: Historia familiar de otros trastornos mentales y del comportamiento|B20: Enfermedad por virus de la inmunodeficiencia humana [VIH]|||||||||||||||F25
|F60.89: Otros tipos de trastornos específicos de personalidad|B20: Enfermedad por virus de la inmunodeficiencia humana [VIH]|Z81.8: Historia familiar de otros trastornos mentales y del comportamiento||||||||||||||||||F25
|F60.89: Otros tipos de trastornos específicos de personalidad||||||||||||||||||||F25
K70.30: Cirrosis alcohólica de hígado sin ascitis|I85.11: Varices esofágicas secundarias con hemorragia|K76.6: Hipertensión portal|F10.10: Abuso de alcohol, sin complicaciones|F17.200: Dependencia de nicotina no especificada, sin complicaciones|D62: Anemia poshemorrágica aguda|N39.0: Infección de tracto urinario, localización no especificada|E11.9: Diabetes mellitus tipo 2 sin complicaciones|Z79.4: Uso prolongado (actual) de insulina||Z85.51: Historia personal de neoplasia maligna de vejiga|Z90.10: Ausencia adquirida de mama y pezón no especificados||||||||||F20
K74.0: Fibrosis hepática|I85.11: Varices esofágicas secundarias con hemorragia|E11.9: Diabetes mellitus tipo 2 sin complicaciones||F10.10: Abuso de alcohol, sin complicaciones|F17.200: Dependencia de nicotina no especificada, sin complicaciones||||||||||||||||F20
K74.0: Fibrosis hepática|N39.0: Infección de tracto urinario, localización no especificada|F06.8: Otros trastornos mentales especificados debidos a afecciones fisiológicas conocidas|I85.10: Varices esofágicas secundarias sin hemorragia|E11.9: Diabetes mellitus tipo 2 sin complicaciones||F17.200: Dependencia de nicotina no especificada, sin complicaciones|Z85.51: Historia personal de neoplasia maligna de vejiga|Z90.6: Ausencia adquirida de otras partes del tracto urinario|||||||||||||F20
|I10: Hipertensión esencial (primaria)|E04.1: Nódulo tiroideo único no tóxico|I26.99: Otra embolia pulmonar sin cor pulmonale agudo||||||||||||||||||F22
|Z63.5: Ruptura familiar por separación y divorcio|Z56.0: Desempleo, no especificado|F17.200: Dependencia de nicotina no especificada, sin complicaciones|Z91.19: Incumplimiento del paciente con otro tratamiento y régimen médico|||||||||||||||||F20
|G24.9: Distonía, no especificada|G25.79: Otros trastornos del movimiento inducidos por fármacos|||||||||||||||||||F25
C83.38: Linfoma difuso de células B grandes, ganglios linfáticos de localizaciones múltiples|J90: Derrame pleural, no clasificable bajo otro concepto|I80.209: Flebitis y tromboflebitis de vasos profundos no especificados de extremidad inferior no especificada|E11.9: Diabetes mellitus tipo 2 sin complicaciones|E44.0: Malnutrición calórico-proteica moderada||E78.5: Hiperlipidemia, no especificada|Z72.0: Consumo de tabaco||||||||||||||F20
I13.0: Enfermedad cardiaca y renal crónica hipertensiva con insuficiencia cardiaca y enfermedad renal crónica estadios 1 a 4 o enfermedad renal crónica no especificada|E11.22: Diabetes mellitus tipo 2 con nefropatía diabética crónica|I50.9: Insuficiencia cardiaca, no especificada|N18.3: Enfermedad renal crónica, estadio 3 (moderada)|D47.2: Gammapatía monoclonal|E78.5: Hiperlipidemia, no especificada|Z95.2: Presencia de válvula cardiaca protésica|Z95.0: Presencia de marcapasos cardíaco|I48.2: Fibrilación auricular crónica|E05.20: Tirotoxicosis con bocio multinodular tóxico sin crisis tirotóxica ni tormenta tiroidea|E04.2: Bocio multinodular no tóxico||D50.9: Anemia ferropénica, no especificada|K52.9: Gastroenteritis y colitis no infecciosas, no especificadas|K52.9: Gastroenteritis y colitis no infecciosas, no especificadas|K63.5: Pólipo de colon|G25.81: Síndrome de piernas inquietas|Z79.82: Uso prolongado (actual) de aspirina||||F20
|I48.2: Fibrilación auricular crónica|Z79.01: Uso prolongado (actual) de anticoagulantes|E03.9: Hipotiroidismo, no especificado|I12.9: Enfermedad renal crónica hipertensiva con enfermedad renal crónica en estadio 1 a 4 o con enfermedad renal crónica no especificada|E11.22: Diabetes mellitus tipo 2 con nefropatía diabética crónica|N18.3: Enfermedad renal crónica, estadio 3 (moderada)|E78.5: Hiperlipidemia, no especificada||||||||||||||F25
K52.89: Otras gastroenteritis y colitis no infecciosas especificadas|E11.9: Diabetes mellitus tipo 2 sin complicaciones|I10: Hipertensión esencial (primaria)|I48.91: Fibrilación auricular no especificada|Z79.01: Uso prolongado (actual) de anticoagulantes||J44.9: Enfermedad pulmonar obstructiva crónica, no especificada|Z95.2: Presencia de válvula cardiaca protésica||||||||||||||F20
J98.4: Otros trastornos del pulmón|I10: Hipertensión esencial (primaria)|E11.9: Diabetes mellitus tipo 2 sin complicaciones|I48.91: Fibrilación auricular no especificada|Z79.01: Uso prolongado (actual) de anticoagulantes||E03.9: Hipotiroidismo, no especificado|Z95.2: Presencia de válvula cardiaca protésica|Z87.891: Historia personal de dependencia a nicotina|||||||||||||F20
I97.0: Síndrome poscardiotomía|I50.9: Insuficiencia cardiaca, no especificada|Z95.2: Presencia de válvula cardiaca protésica|J96.00: Insuficiencia respiratoria aguda no especificada si con hipoxia o con hipercapnia|D50.9: Anemia ferropénica, no especificada|I48.91: Fibrilación auricular no especificada|Z79.01: Uso prolongado (actual) de anticoagulantes|I10: Hipertensión esencial (primaria)|E11.9: Diabetes mellitus tipo 2 sin complicaciones|E03.9: Hipotiroidismo, no especificado||K64.9: Hemorroides no especificadas|K52.2: Gastroenteritis y colitis alérgicas y dietéticas|K76.0: Hígado graso (degeneración grasa) de hígado, no clasificado bajo otro concepto|K76.0: Hígado graso (degeneración grasa) de hígado, no clasificado bajo otro concepto|||||||F20
F25.9: Trastorno esquizoafectivo, no especificado|N60.19: Mastopatía quística difusa de mama no especificada|E03.9: Hipotiroidismo, no especificado|E78.0: Hipercolesterolemia pura|Z95.2: Presencia de válvula cardiaca protésica|I83.90: Venas varicosas asintomáticas de extremidad inferior no especificada|K11.20: Sialoadenitis, no especificada|||||||||||||||F20
I50.9: Insuficiencia cardiaca, no especificada|I07.1: Insuficiencia tricuspídea reumática|K76.0: Hígado graso (degeneración grasa) de hígado, no clasificado bajo otro concepto|D50.9: Anemia ferropénica, no especificada|E03.9: Hipotiroidismo, no especificado|J21.8: Bronquiolitis aguda debida a otros microorganismos especificados|J96.00: Insuficiencia respiratoria aguda no especificada si con hipoxia o con hipercapnia|E11.65: Diabetes mellitus tipo 2 con hiperglucemia|Z79.4: Uso prolongado (actual) de insulina|L71.0: Dermatitis peribucal|I10: Hipertensión esencial (primaria)|I48.91: Fibrilación auricular no especificada||K52.2: Gastroenteritis y colitis alérgicas y dietéticas|K52.2: Gastroenteritis y colitis alérgicas y dietéticas|||||||F20
I50.9: Insuficiencia cardiaca, no especificada|Z95.2: Presencia de válvula cardiaca protésica|Z95.2: Presencia de válvula cardiaca protésica|Z95.0: Presencia de marcapasos cardíaco|I48.91: Fibrilación auricular no especificada|E03.9: Hipotiroidismo, no especificado|I10: Hipertensión esencial (primaria)||E66.9: Obesidad, no especificada|Z79.01: Uso prolongado (actual) de anticoagulantes||||||||||||F20
I50.9: Insuficiencia cardiaca, no especificada|I10: Hipertensión esencial (primaria)|I48.91: Fibrilación auricular no especificada|Z95.0: Presencia de marcapasos cardíaco|E11.9: Diabetes mellitus tipo 2 sin complicaciones|E66.9: Obesidad, no especificada|E03.9: Hipotiroidismo, no especificado||Z88.6: Estado de alergia a analgésico|||||||||||||F20
N17.9: Fallo renal agudo, no especificado|I48.91: Fibrilación auricular no especificada|Z95.0: Presencia de marcapasos cardíaco|Z95.2: Presencia de válvula cardiaca protésica|I10: Hipertensión esencial (primaria)|E66.9: Obesidad, no especificada|E11.9: Diabetes mellitus tipo 2 sin complicaciones|E03.9: Hipotiroidismo, no especificado||||||||||||||F20
|F60.0: Trastorno de personalidad paranoide|Z04.6: Contacto para reconocimiento médico psiquiátrico general, solicitado por la autoridad|Z81.8: Historia familiar de otros trastornos mentales y del comportamiento|Z88.8: Estado de alergia a otros fármacos, medicamentos y sustancias biológicas|||||||||||||||||F22
I50.9: Insuficiencia cardiaca, no especificada|J96.92: Insuficiencia respiratoria no especificada, con hipercapnia|I34.0: Insuficiencia (de la válvula) mitral no reumática|I27.2: Otra hipertensión pulmonar secundaria|I48.2: Fibrilación auricular crónica|E02: Hipotiroidismo subclínico por carencia de yodo|C90.00: Mieloma múltiple, sin haber alcanzado remisión|K57.90: Diverticulosis de intestino, parte no especificada, sin perforación ni absceso, sin hemorragia|K62.1: Pólipo rectal||Z79.01: Uso prolongado (actual) de anticoagulantes|Z59.3: Problemas relacionados con la vida en una institución residencial||||||||||F29
C34.10: Neoplasia maligna de lóbulo superior, bronquio y pulmón no especificados|J96.20: Insuficiencia respiratoria aguda y crónica no especificada si con hipoxia o con hipercapnia|C78.00: Neoplasia maligna secundaria de pulmón no especificado|C78.7: Neoplasia maligna secundaria de hígado y vías biliares intrahepáticas|C77.1: Neoplasia maligna secundaria y no especificada de ganglios linfáticos intratorácicos|J43.9: Enfisema, no especificado|J15.212: Neumonía debida a Staphylococcus aureus resistente a meticilina|I48.91: Fibrilación auricular no especificada|I47.2: Taquicardia ventricular|D35.00: Neoplasia benigna de glándula suprarrenal no especificada||Z87.891: Historia personal de dependencia a nicotina|Z59.3: Problemas relacionados con la vida en una institución residencial|||||||||F20
C34.2: Neoplasia maligna de lóbulo medio, bronquio o pulmón|C78.00: Neoplasia maligna secundaria de pulmón no especificado|C78.7: Neoplasia maligna secundaria de hígado y vías biliares intrahepáticas|C77.1: Neoplasia maligna secundaria y no especificada de ganglios linfáticos intratorácicos|J96.10: Insuficiencia respiratoria crónica no especificada si con hipoxia o con hipercapnia|Z99.81: Dependencia de oxígeno suplementario|J43.9: Enfisema, no especificado||F17.200: Dependencia de nicotina no especificada, sin complicaciones|Z59.3: Problemas relacionados con la vida en una institución residencial||||||||||||F20
G30.9: Enfermedad de Alzheimer, no especificada|F02.81: Demencia en otras enfermedades clasificadas bajo otro concepto, gravedad no especificada, con alteración del comportamiento||H91.90: Pérdida de audición no especificada, oído no especificado|E44.1: Malnutrición calórico-proteica leve|Z04.6: Contacto para reconocimiento médico psiquiátrico general, solicitado por la autoridad|Z60.2: Problemas relacionados con vivir solo|Z91.19: Incumplimiento del paciente con otro tratamiento y régimen médico|K44.9: Hernia diafragmática sin obstrucción ni gangrena|Z81.8: Historia familiar de otros trastornos mentales y del comportamiento||||||||||||F22
|E78.4: Otros tipos de hiperlipidemia|I25.9: Enfermedad isquémica crónica cardiaca, no especificada|||||||||||||||||||F22
J98.8: Otros trastornos respiratorios especificados|I11.9: Enfermedad cardiaca hipertensiva sin insuficiencia cardiaca|I48.91: Fibrilación auricular no especificada||Z90.49: Ausencia adquirida de otras partes especificadas del tracto digestivo|E46: Malnutrición calórico-proteica no especificada|Z59.3: Problemas relacionados con la vida en una institución residencial|||||||||||||||F22
T83.090A: Otra complicación mecánica de catéter de cistostomía, contacto inicial|Z93.6: Estado de otros estomas artificiales del tracto urinario|N99.89: Otras complicaciones y trastornos posprocedimiento del aparato genitourinario|Z85.51: Historia personal de neoplasia maligna de vejiga|Z90.6: Ausencia adquirida de otras partes del tracto urinario||E11.9: Diabetes mellitus tipo 2 sin complicaciones|Z86.73: Historia personal de ataque isquémico transitorio (AIT) e infarto cerebral sin déficits residuales||||||||||||||F20
N10: Pielonefritis aguda|N18.5: Enfermedad renal crónica, estadio fase 5|Z85.51: Historia personal de neoplasia maligna de vejiga|Z90.6: Ausencia adquirida de otras partes del tracto urinario|Z93.6: Estado de otros estomas artificiales del tracto urinario|C77.2: Neoplasia maligna secundaria y no especificada de ganglios linfáticos intraabdominales|K68.11: Absceso retroperitoneal posprocedimiento|B96.4: Proteus (mirabilis) (morganii) como causa de enfermedades clasificadas bajo otro concepto|E11.9: Diabetes mellitus tipo 2 sin complicaciones||Z85.46: Historia personal de neoplasia maligna de próstata|Z90.79: Ausencia adquirida de otro (-s) órgano (-s) genital (-es)|Z86.73: Historia personal de ataque isquémico transitorio (AIT) e infarto cerebral sin déficits residuales|||||||||F20
N13.30: Hidronefrosis no especificadas|C77.2: Neoplasia maligna secundaria y no especificada de ganglios linfáticos intraabdominales|Z85.51: Historia personal de neoplasia maligna de vejiga|Z90.6: Ausencia adquirida de otras partes del tracto urinario|Z93.6: Estado de otros estomas artificiales del tracto urinario|Z92.21: Historia personal de quimioterapia antineoplásica|Z90.5: Ausencia adquirida de riñón|E11.9: Diabetes mellitus tipo 2 sin complicaciones||||||||||||||F20
|G47.00: Insomnio, no especificado|Z91.19: Incumplimiento del paciente con otro tratamiento y régimen médico|E11.22: Diabetes mellitus tipo 2 con nefropatía diabética crónica|N18.9: Enfermedad renal crónica, no especificada|Z85.46: Historia personal de neoplasia maligna de próstata|Z90.79: Ausencia adquirida de otro (-s) órgano (-s) genital (-es)|Z85.51: Historia personal de neoplasia maligna de vejiga|Z90.6: Ausencia adquirida de otras partes del tracto urinario|Z90.5: Ausencia adquirida de riñón|Z96.0: Presencia de implantes urogenitales|Z86.73: Historia personal de ataque isquémico transitorio (AIT) e infarto cerebral sin déficits residuales||||||||||F29
J18.0: Bronconeumonía, microorganismo no especificado|J96.00: Insuficiencia respiratoria aguda no especificada si con hipoxia o con hipercapnia|N17.9: Fallo renal agudo, no especificado|I10: Hipertensión esencial (primaria)|F32.9: Trastorno depresivo mayor, episodio único, no especificado||Z74.3: Necesidad de supervisión continua|Z59.3: Problemas relacionados con la vida en una institución residencial||||||||||||||F20
|F71: Discapacidad intelectual moderada|I10: Hipertensión esencial (primaria)|F90.9: Trastorno por déficit de atención con hiperactividad, tipo no especificado||||||||||||||||||F29
|F71: Discapacidad intelectual moderada|I10: Hipertensión esencial (primaria)|||||||||||||||||||F29
S42.402A: Fractura no especificada de extremo inferior de húmero izquierdo, contacto inicial por fractura cerrada|S80.01XA: Contusión de rodilla derecha, contacto inicial|W19.XXXA: Caída no especificada, contacto inicial||F03.90: Demencia no especificada, gravedad no especificada, sin alteración del comportamiento, alteración psicótica, alteración del estado de ánimo ni ansiedad|G20: Enfermedad de Parkinson|G40.909: Epilepsia, no especificada, no intratable, sin estado de mal epiléptico|||||||||||||||F20
L97.919: Úlcera crónica no debida a presión de parte no especificada de pierna derecha, de gravedad no especificada|L97.929: Úlcera crónica no debida a presión de parte no especificada de pierna izquierda, de gravedad no especificada|B96.20: Escherichia coli [E. coli] no especificado como causa de enfermedades clasificadas bajo otro concepto|B96.4: Proteus (mirabilis) (morganii) como causa de enfermedades clasificadas bajo otro concepto|N39.0: Infección de tracto urinario, localización no especificada|B96.1: Klebsiella pneumoniae [K. pneumoniae] como causa de enfermedades clasificadas bajo otro concepto|N17.9: Fallo renal agudo, no especificado|I10: Hipertensión esencial (primaria)|E78.5: Hiperlipidemia, no especificada||G40.909: Epilepsia, no especificada, no intratable, sin estado de mal epiléptico|G20: Enfermedad de Parkinson|F09: Trastorno mental no especificado debido a afección fisiológica conocida|E53.8: Carencia de otras vitaminas del grupo B especificadas|E53.8: Carencia de otras vitaminas del grupo B especificadas|Z59.3: Problemas relacionados con la vida en una institución residencial||||||F20
L97.919: Úlcera crónica no debida a presión de parte no especificada de pierna derecha, de gravedad no especificada|R41.81: Deterioro cognitivo relacionado con la edad||G40.909: Epilepsia, no especificada, no intratable, sin estado de mal epiléptico|G20: Enfermedad de Parkinson|I10: Hipertensión esencial (primaria)|E78.5: Hiperlipidemia, no especificada|E53.8: Carencia de otras vitaminas del grupo B especificadas|Z59.3: Problemas relacionados con la vida en una institución residencial|||||||||||||F20
L97.513: Úlcera crónica no debida a presión de otra parte de pie derecho, con necrosis de músculo|G40.909: Epilepsia, no especificada, no intratable, sin estado de mal epiléptico|I10: Hipertensión esencial (primaria)|E78.5: Hiperlipidemia, no especificada|G31.9: Enfermedad degenerativa del sistema nervioso, no especificada||G21.19: Parkinsonismo secundario inducido por otros fármacos|E53.8: Carencia de otras vitaminas del grupo B especificadas|Z59.3: Problemas relacionados con la vida en una institución residencial|||||||||||||F22
|F12.10: Abuso de cannabis, sin complicaciones|R45.851: Ideaciones suicidas|Z63.0: Problemas en la relación con el cónyuge o pareja||||||||||||||||||F23
|J18.9: Neumonía, microorganismo no especificado|B37.81: Esofagitis por cándidas|Z04.6: Contacto para reconocimiento médico psiquiátrico general, solicitado por la autoridad||||||||||||||||||F20
|R41.83: Capacidad intelectual límite|E78.0: Hipercolesterolemia pura|Z59.3: Problemas relacionados con la vida en una institución residencial|Z63.5: Ruptura familiar por separación y divorcio|Z91.19: Incumplimiento del paciente con otro tratamiento y régimen médico|Z81.8: Historia familiar de otros trastornos mentales y del comportamiento|Z81.0: Historia familiar de discapacidad intelectual||||||||||||||F20
|R41.83: Capacidad intelectual límite|E78.0: Hipercolesterolemia pura|Z59.3: Problemas relacionados con la vida en una institución residencial|Z63.5: Ruptura familiar por separación y divorcio|Z91.19: Incumplimiento del paciente con otro tratamiento y régimen médico|Z81.8: Historia familiar de otros trastornos mentales y del comportamiento|||||||||||||||F20
|R41.83: Capacidad intelectual límite|Z63.5: Ruptura familiar por separación y divorcio|Z59.3: Problemas relacionados con la vida en una institución residencial|Z91.19: Incumplimiento del paciente con otro tratamiento y régimen médico|Z81.8: Historia familiar de otros trastornos mentales y del comportamiento|Z81.0: Historia familiar de discapacidad intelectual|E78.0: Hipercolesterolemia pura||||||||||||||F20
C34.90: Neoplasia maligna de parte no especificada, bronquio o pulmón no especificados|C77.3: Neoplasia maligna secundaria y no especificada de ganglios linfáticos de axila y extremidad superior|C79.51: Neoplasia maligna secundaria de hueso|C78.7: Neoplasia maligna secundaria de hígado y vías biliares intrahepáticas|C77.8: Neoplasia maligna secundaria y no especificada de ganglios linfáticos de regiones múltiples||D18.09: Hemangioma de otras localizaciones|F17.200: Dependencia de nicotina no especificada, sin complicaciones||||||||||||||F20
C34.90: Neoplasia maligna de parte no especificada, bronquio o pulmón no especificados|J96.00: Insuficiencia respiratoria aguda no especificada si con hipoxia o con hipercapnia|C79.51: Neoplasia maligna secundaria de hueso|G99.2: Mielopatía en enfermedades clasificadas bajo otro concepto|G82.20: Paraplejia, no especificada|C78.7: Neoplasia maligna secundaria de hígado y vías biliares intrahepáticas|C79.31: Neoplasia maligna secundaria de cerebro|C77.2: Neoplasia maligna secundaria y no especificada de ganglios linfáticos intraabdominales||F17.200: Dependencia de nicotina no especificada, sin complicaciones|Z51.5: Contacto para cuidados paliativos|||||||||||F20
|F12.10: Abuso de cannabis, sin complicaciones|J45.909: Asma no especificada, sin complicaciones|||||||||||||||||||F20
T85.09XA: Otra complicación mecánica de derivación ventricular intracraneal (comunicante), contacto inicial|Z98.2: Presencia de dispositivo para drenaje de líquido cefalorraquídeo|G93.2: Hipertensión intracraneal benigna|I10: Hipertensión esencial (primaria)||E03.9: Hipotiroidismo, no especificado|E78.0: Hipercolesterolemia pura|F17.200: Dependencia de nicotina no especificada, sin complicaciones||||||||||||||F20
|I10: Hipertensión esencial (primaria)|J44.9: Enfermedad pulmonar obstructiva crónica, no especificada|F17.200: Dependencia de nicotina no especificada, sin complicaciones|E78.0: Hipercolesterolemia pura|G93.2: Hipertensión intracraneal benigna|Z98.2: Presencia de dispositivo para drenaje de líquido cefalorraquídeo|Z81.8: Historia familiar de otros trastornos mentales y del comportamiento||||||||||||||F20
T85.09XA: Otra complicación mecánica de derivación ventricular intracraneal (comunicante), contacto inicial|G96.0: Fuga de líquido cefalorraquídeo|G91.1: Hidrocefalia obstructiva||I10: Hipertensión esencial (primaria)|E03.9: Hipotiroidismo, no especificado|F17.200: Dependencia de nicotina no especificada, sin complicaciones|||||||||||||||F20
|F60.89: Otros tipos de trastornos específicos de personalidad|T43.021A: Envenenamiento por antidepresivos tetracíclicos, accidental (no intencionado), contacto inicial|K59.00: Estreñimiento, no especificado||||||||||||||||||F23
I25.110: Enfermedad cardiaca aterosclerótica de arteria coronaria nativa con angina de pecho inestable|I35.0: Estenosis (de la válvula) aórtica no reumática|I10: Hipertensión esencial (primaria)|E66.9: Obesidad, no especificada|Z87.891: Historia personal de dependencia a nicotina||Z88.1: Estado de alergia a otros antibióticos|||||||||||||||F20
F25.9: Trastorno esquizoafectivo, no especificado|F12.10: Abuso de cannabis, sin complicaciones|F10.10: Abuso de alcohol, sin complicaciones|F70: Discapacidad intelectual leve|E78.4: Otros tipos de hiperlipidemia|||||||||||||||||F20
K70.30: Cirrosis alcohólica de hígado sin ascitis|E43: Malnutrición calórico-proteica grave no especificada|B18.2: Hepatitis vírica crónica tipo C|R18.8: Otros tipos de ascitis|J95.811: Neumotórax posprocedimiento|C34.30: Neoplasia maligna de lóbulo inferior, bronquio o pulmón no especificados|E44.0: Malnutrición calórico-proteica moderada|K76.7: Síndrome hepatorrenal||F10.20: Dependencia de alcohol, sin complicaciones|F17.200: Dependencia de nicotina no especificada, sin complicaciones|Z60.2: Problemas relacionados con vivir solo||||||||||F20
J69.0: Neumonitis debida a inhalación de alimentos y vómito|T84.020A: Luxación de prótesis interna de cadera derecha, contacto inicial||Z86.73: Historia personal de ataque isquémico transitorio (AIT) e infarto cerebral sin déficits residuales|Z74.3: Necesidad de supervisión continua|Z59.3: Problemas relacionados con la vida en una institución residencial||||||||||||||||F29
J69.0: Neumonitis debida a inhalación de alimentos y vómito|B37.49: Otra candidiasis urogenital|Z59.3: Problemas relacionados con la vida en una institución residencial|Z86.73: Historia personal de ataque isquémico transitorio (AIT) e infarto cerebral sin déficits residuales|Z74.3: Necesidad de supervisión continua||R33.9: Retención urinaria, no especificada|Z96.641: Presencia de articulación de cadera derecha artificial||||||||||||||F29
J98.8: Otros trastornos respiratorios especificados|R33.9: Retención urinaria, no especificada|F09: Trastorno mental no especificado debido a afección fisiológica conocida|I10: Hipertensión esencial (primaria)|E78.5: Hiperlipidemia, no especificada|E87.0: Hiperosmolaridad e hipernatremia|E86.0: Deshidratación|D50.9: Anemia ferropénica, no especificada|E87.1: Hiposmolaridad e hiponatremia||Z59.3: Problemas relacionados con la vida en una institución residencial|Z96.649: Presencia de articulación de cadera artificial, no especificada|Z74.3: Necesidad de supervisión continua|||||||||F20
F25.9: Trastorno esquizoafectivo, no especificado|Z81.8: Historia familiar de otros trastornos mentales y del comportamiento|Z88.8: Estado de alergia a otros fármacos, medicamentos y sustancias biológicas|||||||||||||||||||F20
|E66.9: Obesidad, no especificada|G47.33: Apnea obstructiva del sueño (del adulto) (pediátrica)|||||||||||||||||||F20
|E78.0: Hipercolesterolemia pura||||||||||||||||||||F23
|Z04.6: Contacto para reconocimiento médico psiquiátrico general, solicitado por la autoridad|Z91.19: Incumplimiento del paciente con otro tratamiento y régimen médico|Z63.5: Ruptura familiar por separación y divorcio||||||||||||||||||F29
S72.402A: Fractura no especificada de extremo inferior de fémur izquierdo, contacto inicial por fractura cerrada|W19.XXXA: Caída no especificada, contacto inicial||I10: Hipertensión esencial (primaria)|E11.9: Diabetes mellitus tipo 2 sin complicaciones|C95.90: Leucemia, no especificada, sin haber alcanzado la remisión||||||||||||||||F20
D01.0: Carcinoma in situ de colon|D12.0: Neoplasia benigna de ciego|K80.20: Cálculo de vesícula biliar sin colecistitis sin obstrucción|E11.9: Diabetes mellitus tipo 2 sin complicaciones|H40.9: Glaucoma no especificado|E78.0: Hipercolesterolemia pura||Z80.0: Historia familiar de neoplasia maligna de órganos digestivos||||||||||||||F20
|Z63.5: Ruptura familiar por separación y divorcio||||||||||||||||||||F20
|Z04.6: Contacto para reconocimiento médico psiquiátrico general, solicitado por la autoridad|I10: Hipertensión esencial (primaria)|G40.909: Epilepsia, no especificada, no intratable, sin estado de mal epiléptico|Z81.8: Historia familiar de otros trastornos mentales y del comportamiento|B91: Secuelas de poliomielitis|Z72.0: Consumo de tabaco|||||||||||||||F20
|G31.84: Deterioro cognitivo leve de etiología incierta o desconocida|H91.13: Presbiacusia, bilateral|Z81.8: Historia familiar de otros trastornos mentales y del comportamiento|I45.10: Bloqueo de rama derecha no especificado|||||||||||||||||F22
J10.00: Gripe debida a otros tipos de virus de la gripe identificados con neumonía de tipo no especificada|J96.92: Insuficiencia respiratoria no especificada, con hipercapnia|E87.2: Acidosis|J44.1: Enfermedad pulmonar obstructiva crónica con exacerbación (aguda)|F44.89: Otros tipos de trastornos disociativos y de conversión||F32.9: Trastorno depresivo mayor, episodio único, no especificado|E66.9: Obesidad, no especificada|I10: Hipertensión esencial (primaria)|E78.5: Hiperlipidemia, no especificada|F17.210: Dependencia de nicotina, cigarrillos, sin complicaciones|Z60.2: Problemas relacionados con vivir solo||||||||||F20
J98.8: Otros trastornos respiratorios especificados|J96.00: Insuficiencia respiratoria aguda no especificada si con hipoxia o con hipercapnia|J44.1: Enfermedad pulmonar obstructiva crónica con exacerbación (aguda)|I10: Hipertensión esencial (primaria)|E78.4: Otros tipos de hiperlipidemia|F32.9: Trastorno depresivo mayor, episodio único, no especificado||F17.200: Dependencia de nicotina no especificada, sin complicaciones||||||||||||||F20
|F60.89: Otros tipos de trastornos específicos de personalidad|F10.229: Dependencia de alcohol con intoxicación, no especificada|||||||||||||||||||F20
|Z60.2: Problemas relacionados con vivir solo|Z63.9: Problema relacionado con el grupo de apoyo primario, no especificado|Z65.8: Otros problemas especificados relacionados con circunstancias psicosociales|Z72.4: Dieta y hábitos alimentarios inapropiados|||||||||||||||||F20
S82.201A: Fractura no especificada de diáfisis de tibia derecha, contacto inicial por fractura cerrada|S82.401A: Fractura no especificada de diáfisis de peroné derecho, contacto inicial por fractura cerrada|W19.XXXA: Caída no especificada, contacto inicial||H91.90: Pérdida de audición no especificada, oído no especificado|||||||||||||||||F20
|Z87.11: Historia personal de enfermedad ulcerosa péptica||||||||||||||||||||F20
S72.101A: Fractura de trocánter no especificado de fémur derecho, contacto inicial por fractura cerrada|W19.XXXA: Caída no especificada, contacto inicial|I10: Hipertensión esencial (primaria)||Z59.3: Problemas relacionados con la vida en una institución residencial|F09: Trastorno mental no especificado debido a afección fisiológica conocida||||||||||||||||F29
S72.043A: Fractura desplazada de base del cuello de fémur no especificado, contacto inicial por fractura cerrada|E11.9: Diabetes mellitus tipo 2 sin complicaciones|I10: Hipertensión esencial (primaria)|J42: Bronquitis crónica no especificada|G20: Enfermedad de Parkinson||M48.06: Estenosis vertebral, región lumbar|||||||||||||||F20
T84.50XA: Infección y reacción inflamatoria por (debida a) prótesis interna de articulación no especificada, contacto inicial|B96.20: Escherichia coli [E. coli] no especificado como causa de enfermedades clasificadas bajo otro concepto|Z16.24: Resistencia a múltiples antibióticos|Z96.649: Presencia de articulación de cadera artificial, no especificada|E11.9: Diabetes mellitus tipo 2 sin complicaciones|I10: Hipertensión esencial (primaria)|J42: Bronquitis crónica no especificada|G20: Enfermedad de Parkinson||||||||||||||F20
|Z04.6: Contacto para reconocimiento médico psiquiátrico general, solicitado por la autoridad|Z81.8: Historia familiar de otros trastornos mentales y del comportamiento|L40.9: Psoriasis, no especificada||||||||||||||||||F22
|F60.89: Otros tipos de trastornos específicos de personalidad|I10: Hipertensión esencial (primaria)|E78.5: Hiperlipidemia, no especificada|H40.9: Glaucoma no especificado|G25.0: Temblor esencial||||||||||||||||F25
|F60.89: Otros tipos de trastornos específicos de personalidad|D50.9: Anemia ferropénica, no especificada|I10: Hipertensión esencial (primaria)|E78.5: Hiperlipidemia, no especificada|H40.9: Glaucoma no especificado|G25.0: Temblor esencial|||||||||||||||F25
|F12.20: Dependencia de cannabis, sin complicaciones|Z90.49: Ausencia adquirida de otras partes especificadas del tracto digestivo|||||||||||||||||||F29
K80.71: Cálculo de vesícula y conducto biliar sin colecistitis con obstrucción|E03.9: Hipotiroidismo, no especificado|F25.9: Trastorno esquizoafectivo, no especificado|F17.200: Dependencia de nicotina no especificada, sin complicaciones||||||||||||||||||F20
|Z85.41: Historia personal de neoplasia maligna de cuello uterino||||||||||||||||||||F25
C78.2: Neoplasia maligna secundaria de pleura|J91.0: Derrame pleural maligno|J96.20: Insuficiencia respiratoria aguda y crónica no especificada si con hipoxia o con hipercapnia|Z99.81: Dependencia de oxígeno suplementario|C56.9: Neoplasia maligna de ovario no especificado||E66.9: Obesidad, no especificada|D18.09: Hemangioma de otras localizaciones|Z59.3: Problemas relacionados con la vida en una institución residencial|Z90.710: Ausencia adquirida de ambos, de cuello uterino y de útero||||||||||||F20
K35.3: Apendicitis aguda con peritonitis localizada|||||||||||||||||||||F20
F25.9: Trastorno esquizoafectivo, no especificado|Z81.8: Historia familiar de otros trastornos mentales y del comportamiento|Z81.0: Historia familiar de discapacidad intelectual|||||||||||||||||||F20
|Z63.5: Ruptura familiar por separación y divorcio|Z60.2: Problemas relacionados con vivir solo|Z86.73: Historia personal de ataque isquémico transitorio (AIT) e infarto cerebral sin déficits residuales|Z04.6: Contacto para reconocimiento médico psiquiátrico general, solicitado por la autoridad|||||||||||||||||F22
N92.4: Sangrado excesivo en periodo premenopáusico|N84.0: Pólipo del cuerpo uterino|N84.1: Pólipo del cuello del útero|||||||||||||||||||F20
K60.3: Fístula anal|K62.0: Pólipo anal|G25.0: Temblor esencial||Z79.01: Uso prolongado (actual) de anticoagulantes|||||||||||||||||F20
J44.0: Enfermedad pulmonar obstructiva crónica con infección (aguda) de las vías respiratorias inferiores|J96.01: Insuficiencia respiratoria aguda con hipoxia|E87.1: Hiposmolaridad e hiponatremia|N39.0: Infección de tracto urinario, localización no especificada||Z59.3: Problemas relacionados con la vida en una institución residencial|Z74.3: Necesidad de supervisión continua|||||||||||||||F20
J69.0: Neumonitis debida a inhalación de alimentos y vómito|J96.90: Insuficiencia respiratoria no especificada, sin especificar si con hipoxia o con hipercapnia|J44.9: Enfermedad pulmonar obstructiva crónica, no especificada|Z87.01: Historia personal de neumonía (recurrente)|Z87.891: Historia personal de dependencia a nicotina|Z74.1: Necesidad de asistencia con cuidado personal|Z59.3: Problemas relacionados con la vida en una institución residencial|||||||||||||||F20
T17.900A: Cuerpo extraño no especificado en vías respiratorias, parte no especificada, que produce asfixia, contacto inicial|J44.1: Enfermedad pulmonar obstructiva crónica con exacerbación (aguda)|J96.00: Insuficiencia respiratoria aguda no especificada si con hipoxia o con hipercapnia|K92.2: Hemorragia gastrointestinal, no especificada|D62: Anemia poshemorrágica aguda||F17.200: Dependencia de nicotina no especificada, sin complicaciones|Z79.82: Uso prolongado (actual) de aspirina|Z59.3: Problemas relacionados con la vida en una institución residencial|||||||||||||F20
|D17.1: Neoplasia lipomatosa benigna de piel y tejido subcutáneo de tronco|Z91.19: Incumplimiento del paciente con otro tratamiento y régimen médico|||||||||||||||||||F20
J98.8: Otros trastornos respiratorios especificados|J96.00: Insuficiencia respiratoria aguda no especificada si con hipoxia o con hipercapnia|E66.2: Obesidad mórbida (severa) con hipoventilación alveolar|I50.9: Insuficiencia cardiaca, no especificada|I10: Hipertensión esencial (primaria)|E11.9: Diabetes mellitus tipo 2 sin complicaciones|Z79.4: Uso prolongado (actual) de insulina||K64.9: Hemorroides no especificadas|H81.93: Trastorno no especificado de la función vestibular, bilateral|E66.9: Obesidad, no especificada|Z87.19: Historia personal de otras enfermedades del aparato digestivo|Z59.3: Problemas relacionados con la vida en una institución residencial|||||||||F20
|F10.21: Dependencia de alcohol, en remisión|Z81.8: Historia familiar de otros trastornos mentales y del comportamiento|||||||||||||||||||F23
|Z04.6: Contacto para reconocimiento médico psiquiátrico general, solicitado por la autoridad|Z81.8: Historia familiar de otros trastornos mentales y del comportamiento|||||||||||||||||||F23
I63.9: Infarto cerebral, no especificado|G81.94: Hemiplejia no especificada que afecta a lado izquierdo no dominante|F10.20: Dependencia de alcohol, sin complicaciones|E11.9: Diabetes mellitus tipo 2 sin complicaciones|I10: Hipertensión esencial (primaria)|E78.5: Hiperlipidemia, no especificada|E66.9: Obesidad, no especificada|F32.9: Trastorno depresivo mayor, episodio único, no especificado||E79.0: Hiperuricemia sin signos de artritis inflamatoria y enfermedad tofácea|Z79.4: Uso prolongado (actual) de insulina|||||||||||F20
|F11.159: Abuso de opiáceos, con trastorno psicótico inducido por opiáceos, no especificado|F14.10: Abuso de cocaína, sin complicaciones|Z91.19: Incumplimiento del paciente con otro tratamiento y régimen médico||||||||||||||||||F20
J69.0: Neumonitis debida a inhalación de alimentos y vómito|J96.00: Insuficiencia respiratoria aguda no especificada si con hipoxia o con hipercapnia|I10: Hipertensión esencial (primaria)|||||||||||||||||||F20
I25.10: Enfermedad cardiaca aterosclerótica de arteria coronaria nativa sin angina de pecho|I20.0: Angina inestable|J44.9: Enfermedad pulmonar obstructiva crónica, no especificada||F17.200: Dependencia de nicotina no especificada, sin complicaciones|F10.10: Abuso de alcohol, sin complicaciones|E78.4: Otros tipos de hiperlipidemia|||||||||||||||F20
I83.92: Venas varicosas asintomáticas de extremidad inferior izquierda||Z72.0: Consumo de tabaco|||||||||||||||||||F20
J98.8: Otros trastornos respiratorios especificados|I50.9: Insuficiencia cardiaca, no especificada|Z87.891: Historia personal de dependencia a nicotina|F10.20: Dependencia de alcohol, sin complicaciones|I42.0: Miocardiopatía dilatada|I48.2: Fibrilación auricular crónica|Z86.73: Historia personal de ataque isquémico transitorio (AIT) e infarto cerebral sin déficits residuales|J98.11: Atelectasia||J44.9: Enfermedad pulmonar obstructiva crónica, no especificada|Z79.01: Uso prolongado (actual) de anticoagulantes|Z59.3: Problemas relacionados con la vida en una institución residencial|Z74.3: Necesidad de supervisión continua|||||||||F25
|E22.1: Hiperprolactinemia|Z04.6: Contacto para reconocimiento médico psiquiátrico general, solicitado por la autoridad|Z81.8: Historia familiar de otros trastornos mentales y del comportamiento|H91.90: Pérdida de audición no especificada, oído no especificado|E66.9: Obesidad, no especificada|Z87.891: Historia personal de dependencia a nicotina|||||||||||||||F25
J18.9: Neumonía, microorganismo no especificado|C61: Neoplasia maligna de próstata||N18.9: Enfermedad renal crónica, no especificada|Z87.891: Historia personal de dependencia a nicotina|||||||||||||||||F20
J69.0: Neumonitis debida a inhalación de alimentos y vómito|R09.02: Hipoxemia|N39.0: Infección de tracto urinario, localización no especificada|N18.3: Enfermedad renal crónica, estadio 3 (moderada)|C61: Neoplasia maligna de próstata||D50.9: Anemia ferropénica, no especificada|Z87.891: Historia personal de dependencia a nicotina||||||||||||||F20
S82.109A: Fractura no especificada de extremo superior de tibia no especificada, contacto inicial por fractura cerrada|F32.9: Trastorno depresivo mayor, episodio único, no especificado||Z90.89: Ausencia adquirida de otros órganos||||||||||||||||||F20
L40.0: Psoriasis vulgar|||||||||||||||||||||F22
N75.1: Absceso de la glándula de Bartolino|E11.9: Diabetes mellitus tipo 2 sin complicaciones||E78.4: Otros tipos de hiperlipidemia||||||||||||||||||F20
|D47.2: Gammapatía monoclonal|K44.9: Hernia diafragmática sin obstrucción ni gangrena|N83.20: Quistes ováricos no especificados|K64.9: Hemorroides no especificadas|K60.2: Fisura anal, no especificada||||||||||||||||F22
J69.0: Neumonitis debida a inhalación de alimentos y vómito|T17.908A: Cuerpo extraño no especificado en vías respiratorias, parte no especificada, que produce otras lesiones, contacto inicial|J96.91: Insuficiencia respiratoria no especificada, con hipoxia|N17.9: Fallo renal agudo, no especificado|I10: Hipertensión esencial (primaria)||Z59.3: Problemas relacionados con la vida en una institución residencial|||||||||||||||F20
|I10: Hipertensión esencial (primaria)|Z60.2: Problemas relacionados con vivir solo|L03.119: Celulitis de parte no especificada de las extremidades|Z91.19: Incumplimiento del paciente con otro tratamiento y régimen médico|||||||||||||||||F20
|Z91.11: Incumplimiento del paciente con el régimen dietético||||||||||||||||||||F20
|F12.10: Abuso de cannabis, sin complicaciones|F14.10: Abuso de cocaína, sin complicaciones|F11.10: Abuso de opiáceos, sin complicaciones||||||||||||||||||F20
|L03.115: Celulitis de extremidad inferior derecha|Z04.6: Contacto para reconocimiento médico psiquiátrico general, solicitado por la autoridad|Z91.19: Incumplimiento del paciente con otro tratamiento y régimen médico||||||||||||||||||F20
|E78.4: Otros tipos de hiperlipidemia|K29.40: Gastritis crónica atrófica sin hemorragia|K44.9: Hernia diafragmática sin obstrucción ni gangrena|Z81.8: Historia familiar de otros trastornos mentales y del comportamiento|Z88.0: Estado de alergia a penicilina||||||||||||||||F20
|K51.90: Colitis ulcerosa, no especificada, sin complicaciones|K76.1: Congestión pasiva crónica de hígado|||||||||||||||||||F20
|F14.10: Abuso de cocaína, sin complicaciones|K51.90: Colitis ulcerosa, no especificada, sin complicaciones|K76.1: Congestión pasiva crónica de hígado||||||||||||||||||F20
|F13.10: Abuso de sedantes, hipnóticos o ansiolíticos, sin complicaciones|K51.90: Colitis ulcerosa, no especificada, sin complicaciones|K76.1: Congestión pasiva crónica de hígado|Z91.19: Incumplimiento del paciente con otro tratamiento y régimen médico|||||||||||||||||F20
|F32.9: Trastorno depresivo mayor, episodio único, no especificado|F10.10: Abuso de alcohol, sin complicaciones|||||||||||||||||||F20
C18.0: Neoplasia maligna de ciego|C78.5: Neoplasia maligna secundaria de intestino grueso y recto|C77.2: Neoplasia maligna secundaria y no especificada de ganglios linfáticos intraabdominales|K44.9: Hernia diafragmática sin obstrucción ni gangrena||E43: Malnutrición calórico-proteica grave no especificada||||||||||||||||F20
C18.0: Neoplasia maligna de ciego|K56.69: Otros tipos de obstrucción intestinal|Z90.49: Ausencia adquirida de otras partes especificadas del tracto digestivo|Z92.21: Historia personal de quimioterapia antineoplásica||Z51.5: Contacto para cuidados paliativos||||||||||||||||F20
C18.0: Neoplasia maligna de ciego|C77.2: Neoplasia maligna secundaria y no especificada de ganglios linfáticos intraabdominales|K56.69: Otros tipos de obstrucción intestinal|G89.3: Dolor (agudo) (crónico) relacionado con neoplasia|Z90.49: Ausencia adquirida de otras partes especificadas del tracto digestivo|Z92.21: Historia personal de quimioterapia antineoplásica||Z51.5: Contacto para cuidados paliativos||||||||||||||F20
S22.49XA: Fracturas múltiples de costillas, lado no especificado, contacto inicial por fractura cerrada|S27.329A: Contusión de pulmón no especificado, contacto inicial|S27.2XXA: Hemoneumotórax traumático, contacto inicial||N40.0: Hiperplasia prostática benigna sin síntomas de tracto urinario inferior|Z59.3: Problemas relacionados con la vida en una institución residencial|Z85.828: Historia personal de otras neoplasias malignas de piel|||||||||||||||F20
R42: Mareo y desvanecimiento|E83.10: Trastorno del metabolismo del hierro, no especificado|F10.10: Abuso de alcohol, sin complicaciones|J98.8: Otros trastornos respiratorios especificados|R09.02: Hipoxemia|I67.81: Insuficiencia cerebrovascular aguda|K76.0: Hígado graso (degeneración grasa) de hígado, no clasificado bajo otro concepto||Z85.818: Historia personal de neoplasia maligna de otras localizaciones de labio, cavidad oral y faringe|Z87.891: Historia personal de dependencia a nicotina||||||||||||F20
R42: Mareo y desvanecimiento|F10.20: Dependencia de alcohol, sin complicaciones|J44.9: Enfermedad pulmonar obstructiva crónica, no especificada||Z85.21: Historia personal de neoplasia maligna de laringe|Z93.0: Estado de traqueostomía|Z87.891: Historia personal de dependencia a nicotina|||||||||||||||F20
C13.9: Neoplasia maligna de hipofaringe, no especificada|C77.0: Neoplasia maligna secundaria y no especificada de ganglios linfáticos de cabeza, cara y cuello|F10.20: Dependencia de alcohol, sin complicaciones|E87.1: Hiposmolaridad e hiponatremia|J98.8: Otros trastornos respiratorios especificados||Z87.891: Historia personal de dependencia a nicotina|Z92.3: Historia personal de irradiación|Z51.5: Contacto para cuidados paliativos|||||||||||||F20
|F14.10: Abuso de cocaína, sin complicaciones|Z81.8: Historia familiar de otros trastornos mentales y del comportamiento|||||||||||||||||||F25
|E22.8: Otros tipos de hiperfunción de hipófisis|Z81.8: Historia familiar de otros trastornos mentales y del comportamiento|Z91.19: Incumplimiento del paciente con otro tratamiento y régimen médico||||||||||||||||||F22
|Z91.19: Incumplimiento del paciente con otro tratamiento y régimen médico|I10: Hipertensión esencial (primaria)|E11.9: Diabetes mellitus tipo 2 sin complicaciones|Z81.8: Historia familiar de otros trastornos mentales y del comportamiento|||||||||||||||||F20
S86.022A: Desgarro de tendón de Aquiles izquierdo, contacto inicial||W31.89XA: Contacto con otras maquinarias especificadas, contacto inicial|||||||||||||||||||F20
T81.31XA: Ruptura de herida operatoria (quirúrgica) externa, no clasificada bajo otro concepto, contacto inicial|Y83.8: Otros procedimientos quirúrgicos como causa de reacción anormal del paciente o de complicación posterior, sin mención de evento adverso en el momento del procedimiento|B95.61: Infección por Staphylococcus aureus sensible a meticilina como causa de enfermedades clasificadas bajo otro concepto|||||||||||||||||||F20
J98.8: Otros trastornos respiratorios especificados|B95.62: Infección por Staphylococcus aureus resistente a meticilina como causa de enfermedades clasificadas bajo otro concepto||K59.00: Estreñimiento, no especificado|M48.50XA: Vértebra colapsada, no clasificada bajo otro concepto, localización no especificada, contacto inicial por fractura|||||||||||||||||F20
C18.2: Neoplasia maligna de colon ascendente|D63.0: Anemia en enfermedad neoplásica|I50.9: Insuficiencia cardiaca, no especificada|I08.1: Trastornos reumáticos tanto de la válvula mitral como de la tricúspide|I27.2: Otra hipertensión pulmonar secundaria|I48.91: Fibrilación auricular no especificada|Z79.01: Uso prolongado (actual) de anticoagulantes|I10: Hipertensión esencial (primaria)|I87.2: Insuficiencia venosa (crónica) (periférica)||K57.30: Diverticulosis de colon sin perforación ni absceso, sin hemorragia|K44.9: Hernia diafragmática sin obstrucción ni gangrena|Z95.0: Presencia de marcapasos cardíaco|Z95.810: Presencia de desfibrilador cardíaco automático (implantable)|Z95.810: Presencia de desfibrilador cardíaco automático (implantable)|||||||F22
C18.2: Neoplasia maligna de colon ascendente|C77.2: Neoplasia maligna secundaria y no especificada de ganglios linfáticos intraabdominales|D63.0: Anemia en enfermedad neoplásica|I50.9: Insuficiencia cardiaca, no especificada|I08.1: Trastornos reumáticos tanto de la válvula mitral como de la tricúspide|I27.2: Otra hipertensión pulmonar secundaria|I48.91: Fibrilación auricular no especificada|Z79.01: Uso prolongado (actual) de anticoagulantes|I10: Hipertensión esencial (primaria)|I87.2: Insuficiencia venosa (crónica) (periférica)||K57.30: Diverticulosis de colon sin perforación ni absceso, sin hemorragia|K44.9: Hernia diafragmática sin obstrucción ni gangrena|Z95.0: Presencia de marcapasos cardíaco|Z95.0: Presencia de marcapasos cardíaco|Z95.810: Presencia de desfibrilador cardíaco automático (implantable)||||||F22
J44.1: Enfermedad pulmonar obstructiva crónica con exacerbación (aguda)|J96.02: Insuficiencia respiratoria aguda con hipercapnia||F17.210: Dependencia de nicotina, cigarrillos, sin complicaciones|Z59.3: Problemas relacionados con la vida en una institución residencial|||||||||||||||||F20
|Z59.3: Problemas relacionados con la vida en una institución residencial|Z59.9: Problema relacionado con la vivienda y circunstancias económicas, no especificadas|Z63.9: Problema relacionado con el grupo de apoyo primario, no especificado|Z65.8: Otros problemas especificados relacionados con circunstancias psicosociales|Z65.8: Otros problemas especificados relacionados con circunstancias psicosociales||||||||||||||||F20
|J44.9: Enfermedad pulmonar obstructiva crónica, no especificada|Z59.3: Problemas relacionados con la vida en una institución residencial|||||||||||||||||||F20
|E11.9: Diabetes mellitus tipo 2 sin complicaciones|Z79.84: Uso prolongado (actual) de medicamentos hipoglucemiantes orales|H91.93: Pérdida de audición no especificada, bilateral|Z97.4: Presencia de audífono externo|||||||||||||||||F22
S82.843A: Fractura bimaleolar desplazada de pierna no especificada, contacto inicial por fractura cerrada|S01.00XA: Herida abierta no especificada de cuero cabelludo, contacto inicial|S52.209B: Fractura no especificada de diáfisis de cúbito no especificado, contacto inicial por fractura abierta tipo I, II o NEOM|S22.49XA: Fracturas múltiples de costillas, lado no especificado, contacto inicial por fractura cerrada|S27.2XXA: Hemoneumotórax traumático, contacto inicial||K57.30: Diverticulosis de colon sin perforación ni absceso, sin hemorragia|||||||||||||||F22
S06.5X0A: Hemorragia subdural traumática sin pérdida de conciencia, contacto inicial|S06.6X0A: Hemorragia subaracnoidea traumática sin pérdida de conciencia, contacto inicial|X58.XXXA: Exposición a otros factores especificados, contacto inicial|F60.1: Trastorno esquizoide de personalidad|F60.0: Trastorno de personalidad paranoide||R45.1: Inquietud y agitación|F10.231: Dependencia de alcohol con delirio por abstinencia|F17.200: Dependencia de nicotina no especificada, sin complicaciones|||||||||||||F21
G31.84: Deterioro cognitivo leve de etiología incierta o desconocida||S32.009A: Fractura no especificada de vértebra lumbar no especificada, contacto inicial por fractura cerrada|I10: Hipertensión esencial (primaria)|E78.4: Otros tipos de hiperlipidemia|E03.9: Hipotiroidismo, no especificado|N40.0: Hiperplasia prostática benigna sin síntomas de tracto urinario inferior|Z88.6: Estado de alergia a analgésico|Z88.8: Estado de alergia a otros fármacos, medicamentos y sustancias biológicas|||||||||||||F22
K57.31: Diverticulosis de colon sin perforación ni absceso, con hemorragia|D62: Anemia poshemorrágica aguda||G31.84: Deterioro cognitivo leve de etiología incierta o desconocida|I10: Hipertensión esencial (primaria)|E03.9: Hipotiroidismo, no especificado|N40.0: Hiperplasia prostática benigna sin síntomas de tracto urinario inferior|E78.4: Otros tipos de hiperlipidemia|Z88.6: Estado de alergia a analgésico|||||||||||||F22
S52.502A: Fractura no especificada de extremo inferior de radio izquierdo, contacto inicial por fractura cerrada|X58.XXXA: Exposición a otros factores especificados, contacto inicial|I83.90: Venas varicosas asintomáticas de extremidad inferior no especificada|||||||||||||||||||F20
S52.502D: Fractura no especificada de extremo inferior de radio izquierdo, contacto sucesivo por fractura cerrada con curas rutinarias|X58.XXXD: Exposición a otros factores especificados, contacto sucesivo|I83.90: Venas varicosas asintomáticas de extremidad inferior no especificada|||||||||||||||||||F20
I26.99: Otra embolia pulmonar sin cor pulmonale agudo|J96.92: Insuficiencia respiratoria no especificada, con hipercapnia|I82.401: Embolia y trombosis agudas de venas profundas no especificadas de extremidad inferior derecha|E66.01: Obesidad mórbida (severa) por exceso de calorías|I27.2: Otra hipertensión pulmonar secundaria|F17.210: Dependencia de nicotina, cigarrillos, sin complicaciones||N39.0: Infección de tracto urinario, localización no especificada||||||||||||||F20
K52.2: Gastroenteritis y colitis alérgicas y dietéticas|E16.2: Hipoglucemia, no especificada|R33.9: Retención urinaria, no especificada|E11.65: Diabetes mellitus tipo 2 con hiperglucemia|E11.319: Diabetes mellitus tipo 2 con retinopatía diabética no especificada sin edema macular|H54.0: Ceguera, ambos ojos|Z79.4: Uso prolongado (actual) de insulina|I48.91: Fibrilación auricular no especificada|I10: Hipertensión esencial (primaria)||F60.9: Trastorno de personalidad, no especificado|H91.90: Pérdida de audición no especificada, oído no especificado|Z90.89: Ausencia adquirida de otros órganos|Z79.02: Uso prolongado (actual) de antitrombóticos / antiplaquetarios|Z79.02: Uso prolongado (actual) de antitrombóticos / antiplaquetarios|||||||F20
J96.20: Insuficiencia respiratoria aguda y crónica no especificada si con hipoxia o con hipercapnia|I27.81: Cor pulmonale (crónico)|E66.2: Obesidad mórbida (severa) con hipoventilación alveolar|E66.01: Obesidad mórbida (severa) por exceso de calorías||D75.1: Policitemia secundaria|F17.200: Dependencia de nicotina no especificada, sin complicaciones|||||||||||||||F20
J96.00: Insuficiencia respiratoria aguda no especificada si con hipoxia o con hipercapnia|I50.9: Insuficiencia cardiaca, no especificada|I27.2: Otra hipertensión pulmonar secundaria|E66.2: Obesidad mórbida (severa) con hipoventilación alveolar|Z99.89: Dependencia de otras máquinas y dispositivos de apoyo||E78.0: Hipercolesterolemia pura|F17.200: Dependencia de nicotina no especificada, sin complicaciones|I46.9: Paro cardiaco, causa no especificada|||||||||||||F20
J18.9: Neumonía, microorganismo no especificado|J96.00: Insuficiencia respiratoria aguda no especificada si con hipoxia o con hipercapnia|J44.1: Enfermedad pulmonar obstructiva crónica con exacerbación (aguda)|R73.09: Otros tipos de glucemia anormal||F17.200: Dependencia de nicotina no especificada, sin complicaciones|Z60.2: Problemas relacionados con vivir solo|||||||||||||||F20
F25.9: Trastorno esquizoafectivo, no especificado|F60.9: Trastorno de personalidad, no especificado|Z65.3: Problemas relacionados con otras circunstancias legales|||||||||||||||||||F20
|F60.89: Otros tipos de trastornos específicos de personalidad|Z65.1: Prisión y otros tipos de encarcelamiento|||||||||||||||||||F25
F29: Psicosis no especificada no debida a sustancia o afección fisiológica conocidas|F60.2: Trastorno de personalidad antisocial|F31.9: Trastorno bipolar, no especificado||F19.20: Dependencia de otra sustancia psicoactiva, sin complicaciones|||||||||||||||||F20
J18.9: Neumonía, microorganismo no especificado|J96.00: Insuficiencia respiratoria aguda no especificada si con hipoxia o con hipercapnia|F60.9: Trastorno de personalidad, no especificado|F19.20: Dependencia de otra sustancia psicoactiva, sin complicaciones||F31.9: Trastorno bipolar, no especificado|F60.9: Trastorno de personalidad, no especificado|B18.2: Hepatitis vírica crónica tipo C|Z65.3: Problemas relacionados con otras circunstancias legales|||||||||||||F20
F25.9: Trastorno esquizoafectivo, no especificado|F60.89: Otros tipos de trastornos específicos de personalidad|Z65.3: Problemas relacionados con otras circunstancias legales|||||||||||||||||||F20
|F60.89: Otros tipos de trastornos específicos de personalidad|Z65.3: Problemas relacionados con otras circunstancias legales|||||||||||||||||||F25
F25.9: Trastorno esquizoafectivo, no especificado||E22.1: Hiperprolactinemia|Z63.5: Ruptura familiar por separación y divorcio|Z60.2: Problemas relacionados con vivir solo|||||||||||||||||F21
F25.0: Trastorno esquizoafectivo, tipo bipolar||E78.5: Hiperlipidemia, no especificada|||||||||||||||||||F21
|F21: Trastorno esquizotípico|K50.90: Enfermedad de Crohn, no especificada, sin complicaciones|||||||||||||||||||F20
A41.9: Sepsis, microorganismo no especificado|A09: Gastroenteritis y colitis infecciosas, no especificadas|N19: Insuficiencia renal no especificada|D70.9: Neutropenia, no especificada|I11.9: Enfermedad cardiaca hipertensiva sin insuficiencia cardiaca|I48.91: Fibrilación auricular no especificada||F09: Trastorno mental no especificado debido a afección fisiológica conocida|Z74.3: Necesidad de supervisión continua|Z59.3: Problemas relacionados con la vida en una institución residencial||||||||||||F22
J98.8: Otros trastornos respiratorios especificados|J96.00: Insuficiencia respiratoria aguda no especificada si con hipoxia o con hipercapnia|R33.9: Retención urinaria, no especificada|N17.9: Fallo renal agudo, no especificado||Z59.3: Problemas relacionados con la vida en una institución residencial||||||||||||||||F20
|I10: Hipertensión esencial (primaria)||||||||||||||||||||F29
|T43.596A: Infradosificación de otros antipsicóticos y neurolépticos, contacto inicial|T42.4X6A: Infradosificación de benzodiacepinas, contacto inicial|Z91.19: Incumplimiento del paciente con otro tratamiento y régimen médico|Z86.59: Historia personal de otros trastornos mentales y del comportamiento|||||||||||||||||F20
J98.8: Otros trastornos respiratorios especificados|J96.91: Insuficiencia respiratoria no especificada, con hipoxia|N17.9: Fallo renal agudo, no especificado|E11.9: Diabetes mellitus tipo 2 sin complicaciones|K74.60: Cirrosis de hígado no especificada||Z85.828: Historia personal de otras neoplasias malignas de piel|||||||||||||||F20
I63.59: Infarto cerebral debido a oclusión o estenosis no especificada de otra arteria cerebral|R47.1: Disartria y anartria||||||||||||||||||||F20
|G31.84: Deterioro cognitivo leve de etiología incierta o desconocida|F21: Trastorno esquizotípico|||||||||||||||||||F20
|G31.84: Deterioro cognitivo leve de etiología incierta o desconocida|F21: Trastorno esquizotípico|Z98.89: Otros estados posprocedimiento especificados||||||||||||||||||F20
|T50.906A: Infradosificación de fármacos, medicamentos y sustancias biológicas no especificados, contacto inicial|Z91.14: Otro incumplimiento del paciente de la prescripción médica|E78.5: Hiperlipidemia, no especificada|Z81.8: Historia familiar de otros trastornos mentales y del comportamiento|||||||||||||||||F25
F25.9: Trastorno esquizoafectivo, no especificado|F60.5: Trastorno de personalidad obsesivo-compulsivo|G40.901: Epilepsia, no especificada, no intratable, con estado de mal epiléptico|Z96.659: Presencia de articulación de rodilla artificial, no especificada||||||||||||||||||F20
|J69.0: Neumonitis debida a inhalación de alimentos y vómito|Y95: Afección nosocomial|I63.9: Infarto cerebral, no especificado|G40.901: Epilepsia, no especificada, no intratable, con estado de mal epiléptico|N39.0: Infección de tracto urinario, localización no especificada|B96.20: Escherichia coli [E. coli] no especificado como causa de enfermedades clasificadas bajo otro concepto|E89.0: Hipotiroidismo posprocedimiento|E20.9: Hipoparatiroidismo, no especificado|||||||||||||F20
|F01.50: Demencia vascular, gravedad no especificada, sin alteración del comportamiento, alteración psicótica, alteración del estado de ánimo ni ansiedad|E89.0: Hipotiroidismo posprocedimiento|G40.909: Epilepsia, no especificada, no intratable, sin estado de mal epiléptico|Z86.73: Historia personal de ataque isquémico transitorio (AIT) e infarto cerebral sin déficits residuales|||||||||||||||||F25
|F95.2: Trastorno de Tourette|F70: Discapacidad intelectual leve|Z81.8: Historia familiar de otros trastornos mentales y del comportamiento|Z63.72: Alcoholismo y drogadicción en la familia|Z04.6: Contacto para reconocimiento médico psiquiátrico general, solicitado por la autoridad|Z72.0: Consumo de tabaco|||||||||||||||F29
|F79: Discapacidad intelectual no especificada|H26.009: Catarata no especificada infantil y juvenil, ojo no especificado|Z91.19: Incumplimiento del paciente con otro tratamiento y régimen médico|Z81.8: Historia familiar de otros trastornos mentales y del comportamiento|||||||||||||||||F20
|F79: Discapacidad intelectual no especificada|Z81.8: Historia familiar de otros trastornos mentales y del comportamiento|Z91.19: Incumplimiento del paciente con otro tratamiento y régimen médico||||||||||||||||||F20
K80.18: Cálculo de vesícula biliar con otro tipo de colecistitis sin obstrucción|||||||||||||||||||||F20
F25.9: Trastorno esquizoafectivo, no especificado|F10.10: Abuso de alcohol, sin complicaciones|F12.10: Abuso de cannabis, sin complicaciones|F14.10: Abuso de cocaína, sin complicaciones|F60.3: Trastorno límite de personalidad|M25.519: Dolor en hombro no especificado|Z04.6: Contacto para reconocimiento médico psiquiátrico general, solicitado por la autoridad|Z60.2: Problemas relacionados con vivir solo|Z91.19: Incumplimiento del paciente con otro tratamiento y régimen médico|Z81.8: Historia familiar de otros trastornos mentales y del comportamiento|Z63.72: Alcoholismo y drogadicción en la familia|||||||||||F20
J44.0: Enfermedad pulmonar obstructiva crónica con infección (aguda) de las vías respiratorias inferiores|J22: Infección aguda del tracto respiratorio inferior, no especificada|J44.1: Enfermedad pulmonar obstructiva crónica con exacerbación (aguda)|I11.9: Enfermedad cardiaca hipertensiva sin insuficiencia cardiaca|E11.65: Diabetes mellitus tipo 2 con hiperglucemia||N40.0: Hiperplasia prostática benigna sin síntomas de tracto urinario inferior|Z86.711: Historia personal de embolia pulmonar|Z86.718: Historia personal de otro tipo de trombosis y embolia venosas|E66.9: Obesidad, no especificada||||||||||||F20
|E11.9: Diabetes mellitus tipo 2 sin complicaciones|E78.5: Hiperlipidemia, no especificada|Z04.6: Contacto para reconocimiento médico psiquiátrico general, solicitado por la autoridad|Z81.8: Historia familiar de otros trastornos mentales y del comportamiento|||||||||||||||||F23
G24.01: Discinesia subaguda inducida por fármacos|T43.505A: Efecto adverso de antipsicóticos y neurolépticos no especificados, contacto inicial|E11.9: Diabetes mellitus tipo 2 sin complicaciones|E78.5: Hiperlipidemia, no especificada|Z81.8: Historia familiar de otros trastornos mentales y del comportamiento|||||||||||||||||F29
|F60.4: Trastorno de personalidad histriónica|F60.81: Trastorno de personalidad narcisista|F60.3: Trastorno límite de personalidad|F60.2: Trastorno de personalidad antisocial|Z91.19: Incumplimiento del paciente con otro tratamiento y régimen médico||||||||||||||||F29
|N23: Cólico renal no especificado|Z81.8: Historia familiar de otros trastornos mentales y del comportamiento|||||||||||||||||||F20
|Z91.19: Incumplimiento del paciente con otro tratamiento y régimen médico|Z81.8: Historia familiar de otros trastornos mentales y del comportamiento|Z80.0: Historia familiar de neoplasia maligna de órganos digestivos||||||||||||||||||F20
D23.30: Otras neoplasias benignas de piel de parte no especificada de la cara|D23.60: Otras neoplasias benignas de piel de extremidad superior no especificada, incluyendo hombro||F60.3: Trastorno límite de personalidad|F19.21: Dependencia de otra sustancia psicoactiva, en remisión|I48.92: Flutter auricular no especificado|K44.9: Hernia diafragmática sin obstrucción ni gangrena|||||||||||||||F20
H26.9: Catarata no especificada|G40.909: Epilepsia, no especificada, no intratable, sin estado de mal epiléptico||||||||||||||||||||F20
D32.0: Neoplasia benigna de meninges cerebrales|J45.909: Asma no especificada, sin complicaciones||||||||||||||||||||F29
|E66.9: Obesidad, no especificada|R45.851: Ideaciones suicidas|||||||||||||||||||F20
|Z91.19: Incumplimiento del paciente con otro tratamiento y régimen médico|K29.40: Gastritis crónica atrófica sin hemorragia|E66.9: Obesidad, no especificada|Z04.6: Contacto para reconocimiento médico psiquiátrico general, solicitado por la autoridad|K80.20: Cálculo de vesícula biliar sin colecistitis sin obstrucción||||||||||||||||F20
S72.012A: Fractura intracapsular no especificada de fémur izquierdo, contacto inicial por fractura cerrada|W19.XXXA: Caída no especificada, contacto inicial|R50.82: Fiebre posprocedimiento|E78.5: Hiperlipidemia, no especificada||Z95.828: Presencia de otros implantes e injertos vasculares||||||||||||||||F20
J98.8: Otros trastornos respiratorios especificados|C78.00: Neoplasia maligna secundaria de pulmón no especificado|C78.7: Neoplasia maligna secundaria de hígado y vías biliares intrahepáticas|C77.2: Neoplasia maligna secundaria y no especificada de ganglios linfáticos intraabdominales|C79.70: Neoplasia maligna secundaria de glándula suprarrenal no especificada|Z85.038: Historia personal de otra neoplasia maligna de intestino grueso|Z90.49: Ausencia adquirida de otras partes especificadas del tracto digestivo|Z93.3: Estado de colostomía|E11.9: Diabetes mellitus tipo 2 sin complicaciones||Z92.21: Historia personal de quimioterapia antineoplásica|Z51.5: Contacto para cuidados paliativos||||||||||F20
C50.312: Neoplasia maligna de cuadrante inferior interno de mama femenina izquierda|I10: Hipertensión esencial (primaria)|E78.5: Hiperlipidemia, no especificada|E79.0: Hiperuricemia sin signos de artritis inflamatoria y enfermedad tofácea|M16.10: Artrosis primaria unilateral, cadera no especificada|K57.30: Diverticulosis de colon sin perforación ni absceso, sin hemorragia||R32: Incontinencia urinaria no especificada|K43.9: Hernia ventral sin obstrucción ni gangrena|||||||||||||F20
K43.0: Hernia incisional con obstrucción, sin gangrena|I10: Hipertensión esencial (primaria)|E79.0: Hiperuricemia sin signos de artritis inflamatoria y enfermedad tofácea|E78.00: Hipercolesterolemia pura, no especificada||Z85.3: Historia personal de neoplasia maligna de mama|Z90.12: Ausencia adquirida de mama y pezón izquierdos|Z90.710: Ausencia adquirida de ambos, de cuello uterino y de útero|Z90.722: Ausencia adquirida de ovarios, bilateral|||||||||||||F20
J18.9: Neumonía, microorganismo no especificado|J98.11: Atelectasia|I10: Hipertensión esencial (primaria)|E78.5: Hiperlipidemia, no especificada|E79.0: Hiperuricemia sin signos de artritis inflamatoria y enfermedad tofácea||D50.9: Anemia ferropénica, no especificada|Z85.3: Historia personal de neoplasia maligna de mama|Z90.11: Ausencia adquirida de mama y pezón derechos|Z90.710: Ausencia adquirida de ambos, de cuello uterino y de útero|Z90.722: Ausencia adquirida de ovarios, bilateral|||||||||||F20
D69.3: Púrpura trombocitopénica inmune [PTI]|D69.6: Trombocitopenia no especificada|R73.9: Hiperglucemia, no especificada|T38.0X5A: Efecto adverso de glucocorticoides y análogos sintéticos, contacto inicial||Z87.891: Historia personal de dependencia a nicotina|E44.1: Malnutrición calórico-proteica leve|||||||||||||||F20
|I10: Hipertensión esencial (primaria)||||||||||||||||||||F20
F25.9: Trastorno esquizoafectivo, no especificado|L27.2: Dermatitis debida a alimentos ingeridos|I24.1: Síndrome de Dressler|K76.1: Congestión pasiva crónica de hígado|N28.1: Quiste de riñón, adquirido|I10: Hipertensión esencial (primaria)|Z81.8: Historia familiar de otros trastornos mentales y del comportamiento|||||||||||||||F20
I63.9: Infarto cerebral, no especificado|R29.707: Puntuación NIHSS 7|R29.810: Debilidad facial|R47.81: Dificultad para hablar|I11.9: Enfermedad cardiaca hipertensiva sin insuficiencia cardiaca|E11.9: Diabetes mellitus tipo 2 sin complicaciones|Z79.84: Uso prolongado (actual) de medicamentos hipoglucemiantes orales|E78.5: Hiperlipidemia, no especificada|E66.9: Obesidad, no especificada|I48.0: Fibrilación paroxística auricular|Z79.01: Uso prolongado (actual) de anticoagulantes|G31.84: Deterioro cognitivo leve de etiología incierta o desconocida||F32.9: Trastorno depresivo mayor, episodio único, no especificado|F32.9: Trastorno depresivo mayor, episodio único, no especificado|Z98.61: Estado de angioplastia coronaria|Z86.711: Historia personal de embolia pulmonar|G47.33: Apnea obstructiva del sueño (del adulto) (pediátrica)|Z99.81: Dependencia de oxígeno suplementario|Z96.652: Presencia de articulación de rodilla izquierda artificial|Z59.3: Problemas relacionados con la vida en una institución residencial|F20
F05: Delirio debido a afección fisiológica conocida||M51.86: Otros trastornos de disco intervertebral, región lumbar|I10: Hipertensión esencial (primaria)||||||||||||||||||F22
I74.3: Embolia y trombosis de arterias de los miembros inferiores|I70.249: Aterosclerosis de arterias nativas de pierna izquierda con ulceración de localización no especificada|L97.529: Úlcera crónica no debida a presión de otra parte de pie izquierdo, de gravedad no especificada|T82.868A: Trombosis debida a prótesis, implantes e injertos vasculares, contacto inicial|Y83.2: Cirugía con anastomosis, derivación o injerto como causa de reacción anormal del paciente, o de complicación posterior, sin mención de evento adverso en el momento del procedimiento|I10: Hipertensión esencial (primaria)|E11.9: Diabetes mellitus tipo 2 sin complicaciones|F03.90: Demencia no especificada, gravedad no especificada, sin alteración del comportamiento, alteración psicótica, alteración del estado de ánimo ni ansiedad||||||||||||||F20
A41.9: Sepsis, microorganismo no especificado|E86.0: Deshidratación|E87.0: Hiperosmolaridad e hipernatremia|N19: Insuficiencia renal no especificada|I10: Hipertensión esencial (primaria)|E11.9: Diabetes mellitus tipo 2 sin complicaciones|F03.90: Demencia no especificada, gravedad no especificada, sin alteración del comportamiento, alteración psicótica, alteración del estado de ánimo ni ansiedad||Z89.432: Ausencia adquirida de pie izquierdo|Z59.3: Problemas relacionados con la vida en una institución residencial||||||||||||F20
G35: Esclerosis múltiple|I10: Hipertensión esencial (primaria)|F17.200: Dependencia de nicotina no especificada, sin complicaciones||F14.10: Abuso de cocaína, sin complicaciones|F11.20: Dependencia de opiáceos, sin complicaciones|I45.10: Bloqueo de rama derecha no especificado|Z79.82: Uso prolongado (actual) de aspirina||||||||||||||F20
F44.9: Trastorno disociativo y de conversión, no especificado||Z91.19: Incumplimiento del paciente con otro tratamiento y régimen médico|Z81.8: Historia familiar de otros trastornos mentales y del comportamiento||||||||||||||||||F23
I48.91: Fibrilación auricular no especificada|I50.9: Insuficiencia cardiaca, no especificada|I10: Hipertensión esencial (primaria)|E03.9: Hipotiroidismo, no especificado||E11.9: Diabetes mellitus tipo 2 sin complicaciones|F09: Trastorno mental no especificado debido a afección fisiológica conocida|||||||||||||||F22
I11.0: Enfermedad cardíaca hipertensiva con insuficiencia cardiaca|I50.9: Insuficiencia cardiaca, no especificada|J96.01: Insuficiencia respiratoria aguda con hipoxia|E11.9: Diabetes mellitus tipo 2 sin complicaciones|Z79.84: Uso prolongado (actual) de medicamentos hipoglucemiantes orales|E53.8: Carencia de otras vitaminas del grupo B especificadas||F42.3: Trastorno de acaparamiento compulsivo|E03.9: Hipotiroidismo, no especificado|I48.2: Fibrilación auricular crónica|H40.9: Glaucoma no especificado|M81.0: Osteoporosis relacionada con la edad, sin fractura patológica actual|D50.9: Anemia ferropénica, no especificada|Z86.018: Historia personal de otro tipo de neoplasia benigna|Z86.018: Historia personal de otro tipo de neoplasia benigna|Z87.440: Historia personal de infecciones del tracto urinario|Z88.8: Estado de alergia a otros fármacos, medicamentos y sustancias biológicas|||||F22
F90.9: Trastorno por déficit de atención con hiperactividad, tipo no especificado||F60.1: Trastorno esquizoide de personalidad|||||||||||||||||||F29
|Z91.19: Incumplimiento del paciente con otro tratamiento y régimen médico|Z81.8: Historia familiar de otros trastornos mentales y del comportamiento|Z63.72: Alcoholismo y drogadicción en la familia||||||||||||||||||F25
|N39.0: Infección de tracto urinario, localización no especificada|Z81.8: Historia familiar de otros trastornos mentales y del comportamiento|Z63.72: Alcoholismo y drogadicción en la familia||||||||||||||||||F25
|Z81.1: Historia familiar de abuso y dependencia al alcohol|Z82.41: Historia familiar de muerte cardiaca súbita|||||||||||||||||||F25
K80.33: Cálculo de conducto biliar con colangitis aguda, con obstrucción|E11.9: Diabetes mellitus tipo 2 sin complicaciones||||||||||||||||||||F20
K81.1: Colecistitis crónica|E11.9: Diabetes mellitus tipo 2 sin complicaciones||Z53.31: Procedimiento quirúrgico laparoscópico convertido en procedimiento abierto||||||||||||||||||F20
C78.6: Neoplasia maligna secundaria de retroperitoneo y peritoneo|C22.0: Carcinoma de células hepáticas|I10: Hipertensión esencial (primaria)|B67.8: Equinococosis del hígado, no especificada|K80.20: Cálculo de vesícula biliar sin colecistitis sin obstrucción|K57.30: Diverticulosis de colon sin perforación ni absceso, sin hemorragia|N28.1: Quiste de riñón, adquirido|E78.4: Otros tipos de hiperlipidemia|E03.9: Hipotiroidismo, no especificado||Z85.828: Historia personal de otras neoplasias malignas de piel|Z59.3: Problemas relacionados con la vida en una institución residencial||||||||||F20
K80.00: Cálculo de vesícula biliar con colecistitis aguda sin obstrucción|I48.2: Fibrilación auricular crónica|Z88.1: Estado de alergia a otros antibióticos|Z88.8: Estado de alergia a otros fármacos, medicamentos y sustancias biológicas|I10: Hipertensión esencial (primaria)|E78.5: Hiperlipidemia, no especificada|Z74.3: Necesidad de supervisión continua|Z79.01: Uso prolongado (actual) de anticoagulantes|Z96.653: Presencia de articulación de rodilla artificial, bilateral|F01.50: Demencia vascular, gravedad no especificada, sin alteración del comportamiento, alteración psicótica, alteración del estado de ánimo ni ansiedad||||||||||||F29
K80.00: Cálculo de vesícula biliar con colecistitis aguda sin obstrucción|I10: Hipertensión esencial (primaria)|E78.5: Hiperlipidemia, no especificada|I48.2: Fibrilación auricular crónica|Z79.01: Uso prolongado (actual) de anticoagulantes|F01.50: Demencia vascular, gravedad no especificada, sin alteración del comportamiento, alteración psicótica, alteración del estado de ánimo ni ansiedad||Z88.1: Estado de alergia a otros antibióticos|Z88.6: Estado de alergia a analgésico|Z74.3: Necesidad de supervisión continua|Z96.653: Presencia de articulación de rodilla artificial, bilateral|||||||||||F29
|E78.0: Hipercolesterolemia pura|Z91.19: Incumplimiento del paciente con otro tratamiento y régimen médico|||||||||||||||||||F22
F25.9: Trastorno esquizoafectivo, no especificado|E78.4: Otros tipos de hiperlipidemia|Z91.19: Incumplimiento del paciente con otro tratamiento y régimen médico|||||||||||||||||||F20
|J45.909: Asma no especificada, sin complicaciones|Z59.3: Problemas relacionados con la vida en una institución residencial|||||||||||||||||||F20
J69.0: Neumonitis debida a inhalación de alimentos y vómito|T17.908A: Cuerpo extraño no especificado en vías respiratorias, parte no especificada, que produce otras lesiones, contacto inicial|J96.91: Insuficiencia respiratoria no especificada, con hipoxia|N17.9: Fallo renal agudo, no especificado||||||||||||||||||F20
J98.8: Otros trastornos respiratorios especificados||Z59.3: Problemas relacionados con la vida en una institución residencial|Z87.81: Historia personal de fractura (consolidada) traumática|Z87.01: Historia personal de neumonía (recurrente)|||||||||||||||||F20
J98.8: Otros trastornos respiratorios especificados|T17.908A: Cuerpo extraño no especificado en vías respiratorias, parte no especificada, que produce otras lesiones, contacto inicial|N39.0: Infección de tracto urinario, localización no especificada|N17.9: Fallo renal agudo, no especificado|N18.9: Enfermedad renal crónica, no especificada||Z59.3: Problemas relacionados con la vida en una institución residencial|Z74.3: Necesidad de supervisión continua|Z87.81: Historia personal de fractura (consolidada) traumática|Z87.01: Historia personal de neumonía (recurrente)||||||||||||F20
K40.90: Hernia inguinal unilateral, sin obstrucción ni gangrena, no especificada como recidivada|||||||||||||||||||||F20
|F60.9: Trastorno de personalidad, no especificado||||||||||||||||||||F22
I09.81: Insuficiencia cardiaca reumática|J98.8: Otros trastornos respiratorios especificados|R09.02: Hipoxemia|I08.8: Otras enfermedades reumáticas valvulares múltiples|I27.2: Otra hipertensión pulmonar secundaria|I10: Hipertensión esencial (primaria)||E03.9: Hipotiroidismo, no especificado|M15.0: Artrosis primaria generalizada|||||||||||||F20
E86.0: Deshidratación|R30.1: Tenesmo vesical|I10: Hipertensión esencial (primaria)|I34.0: Insuficiencia (de la válvula) mitral no reumática|I35.0: Estenosis (de la válvula) aórtica no reumática|M15.0: Artrosis primaria generalizada|E78.4: Otros tipos de hiperlipidemia|E03.9: Hipotiroidismo, no especificado||||||||||||||F20
I50.9: Insuficiencia cardiaca, no especificada|R09.02: Hipoxemia|I34.0: Insuficiencia (de la válvula) mitral no reumática|I35.0: Estenosis (de la válvula) aórtica no reumática|I10: Hipertensión esencial (primaria)|E03.9: Hipotiroidismo, no especificado|E46: Malnutrición calórico-proteica no especificada||N39.0: Infección de tracto urinario, localización no especificada|E78.4: Otros tipos de hiperlipidemia||||||||||||F20
N39.0: Infección de tracto urinario, localización no especificada|J81.0: Edema agudo de pulmón|I35.0: Estenosis (de la válvula) aórtica no reumática|I34.0: Insuficiencia (de la válvula) mitral no reumática|J18.9: Neumonía, microorganismo no especificado|I10: Hipertensión esencial (primaria)|E78.0: Hipercolesterolemia pura||E03.9: Hipotiroidismo, no especificado|||||||||||||F20
|E11.9: Diabetes mellitus tipo 2 sin complicaciones|G40.909: Epilepsia, no especificada, no intratable, sin estado de mal epiléptico|G47.33: Apnea obstructiva del sueño (del adulto) (pediátrica)|Z91.19: Incumplimiento del paciente con otro tratamiento y régimen médico|Z99.89: Dependencia de otras máquinas y dispositivos de apoyo|Z86.73: Historia personal de ataque isquémico transitorio (AIT) e infarto cerebral sin déficits residuales|||||||||||||||F22
|Z04.6: Contacto para reconocimiento médico psiquiátrico general, solicitado por la autoridad||||||||||||||||||||F25
J13: Neumonía por Streptococcus pneumoniae|J96.20: Insuficiencia respiratoria aguda y crónica no especificada si con hipoxia o con hipercapnia|E87.2: Acidosis|Z99.81: Dependencia de oxígeno suplementario|J98.6: Trastornos del diafragma|R78.81: Bacteriemia|B95.3: Streptococcus pneumoniae como causa de enfermedades clasificadas bajo otro concepto|R73.09: Otros tipos de glucemia anormal|I50.9: Insuficiencia cardiaca, no especificada|M15.9: Poliartrosis no especificada||F34.1: Trastorno distímico|E03.9: Hipotiroidismo, no especificado|G20: Enfermedad de Parkinson|G20: Enfermedad de Parkinson|||||||F20
C67.8: Neoplasia maligna de localizaciones contiguas de vejiga||K44.9: Hernia diafragmática sin obstrucción ni gangrena|E78.4: Otros tipos de hiperlipidemia|R78.89: Hallazgo de otras sustancias especificadas, que no se encuentran normalmente en sangre|||||||||||||||||F20
|F12.10: Abuso de cannabis, sin complicaciones|F13.10: Abuso de sedantes, hipnóticos o ansiolíticos, sin complicaciones|F14.10: Abuso de cocaína, sin complicaciones|Z81.8: Historia familiar de otros trastornos mentales y del comportamiento|Z91.19: Incumplimiento del paciente con otro tratamiento y régimen médico||||||||||||||||F20
|F14.20: Dependencia de cocaína, sin complicaciones|F13.20: Dependencia de sedantes, hipnóticos o ansiolíticos, sin complicaciones|F17.200: Dependencia de nicotina no especificada, sin complicaciones|Z81.8: Historia familiar de otros trastornos mentales y del comportamiento|Z91.19: Incumplimiento del paciente con otro tratamiento y régimen médico||||||||||||||||F20
|Z85.3: Historia personal de neoplasia maligna de mama|Z92.3: Historia personal de irradiación|||||||||||||||||||F20
C50.319: Neoplasia maligna de cuadrante inferior interno de mama femenina, lado no especificado|D05.90: Carcinoma in situ de tipo no especificado de mama no especificada|Z17.0: Estado de receptor de estrógeno positivo [RE+]|Z12.31: Contacto para mamografía de cribado de neoplasia maligna de mama||||||||||||||||||F20
A41.9: Sepsis, microorganismo no especificado|R65.20: Sepsis grave sin shock séptico|J96.00: Insuficiencia respiratoria aguda no especificada si con hipoxia o con hipercapnia|R40.20: Coma no especificado|J98.8: Otros trastornos respiratorios especificados|E11.9: Diabetes mellitus tipo 2 sin complicaciones|N20.0: Cálculo del riñón||Z59.3: Problemas relacionados con la vida en una institución residencial|||||||||||||F20
K85.9: Pancreatitis aguda, no especificada|K80.01: Cálculo de vesícula biliar con colecistitis aguda con obstrucción|I10: Hipertensión esencial (primaria)|||||||||||||||||||F20
|F10.20: Dependencia de alcohol, sin complicaciones|F14.10: Abuso de cocaína, sin complicaciones|E78.0: Hipercolesterolemia pura||||||||||||||||||F20
|Z63.79: Otros acontecimientos de la vida que generan estrés en la familia y el hogar|Z63.6: Familiar dependiente que requiere cuidados en el hogar|Z65.8: Otros problemas especificados relacionados con circunstancias psicosociales||||||||||||||||||F20
J43.9: Enfisema, no especificado|J96.00: Insuficiencia respiratoria aguda no especificada si con hipoxia o con hipercapnia|Z21: Estado de infección asintomática por virus de inmunodeficiencia humana [VIH]||B18.2: Hepatitis vírica crónica tipo C|F11.21: Dependencia de opiáceos, en remisión|F17.200: Dependencia de nicotina no especificada, sin complicaciones|E78.0: Hipercolesterolemia pura||||||||||||||F20
J96.20: Insuficiencia respiratoria aguda y crónica no especificada si con hipoxia o con hipercapnia|J43.9: Enfisema, no especificado||Z21: Estado de infección asintomática por virus de inmunodeficiencia humana [VIH]|B18.2: Hepatitis vírica crónica tipo C|F11.21: Dependencia de opiáceos, en remisión|E78.2: Hiperlipidemia mixta|F17.200: Dependencia de nicotina no especificada, sin complicaciones||||||||||||||F20
J44.1: Enfermedad pulmonar obstructiva crónica con exacerbación (aguda)|J96.20: Insuficiencia respiratoria aguda y crónica no especificada si con hipoxia o con hipercapnia||Z21: Estado de infección asintomática por virus de inmunodeficiencia humana [VIH]|B18.2: Hepatitis vírica crónica tipo C|F11.21: Dependencia de opiáceos, en remisión|F12.10: Abuso de cannabis, sin complicaciones|F17.200: Dependencia de nicotina no especificada, sin complicaciones|E78.2: Hiperlipidemia mixta|||||||||||||F20
J44.1: Enfermedad pulmonar obstructiva crónica con exacerbación (aguda)|J96.20: Insuficiencia respiratoria aguda y crónica no especificada si con hipoxia o con hipercapnia|Z21: Estado de infección asintomática por virus de inmunodeficiencia humana [VIH]||B18.2: Hepatitis vírica crónica tipo C|F11.21: Dependencia de opiáceos, en remisión|F12.10: Abuso de cannabis, sin complicaciones|F17.200: Dependencia de nicotina no especificada, sin complicaciones||||||||||||||F20
J44.1: Enfermedad pulmonar obstructiva crónica con exacerbación (aguda)|J96.00: Insuficiencia respiratoria aguda no especificada si con hipoxia o con hipercapnia|Z21: Estado de infección asintomática por virus de inmunodeficiencia humana [VIH]|B18.2: Hepatitis vírica crónica tipo C||E78.4: Otros tipos de hiperlipidemia|F12.10: Abuso de cannabis, sin complicaciones|F11.21: Dependencia de opiáceos, en remisión|F17.200: Dependencia de nicotina no especificada, sin complicaciones|||||||||||||F20
J43.9: Enfisema, no especificado|F17.200: Dependencia de nicotina no especificada, sin complicaciones|Z21: Estado de infección asintomática por virus de inmunodeficiencia humana [VIH]|B18.2: Hepatitis vírica crónica tipo C||F17.200: Dependencia de nicotina no especificada, sin complicaciones|F19.21: Dependencia de otra sustancia psicoactiva, en remisión|||||||||||||||F20
J44.1: Enfermedad pulmonar obstructiva crónica con exacerbación (aguda)|J96.20: Insuficiencia respiratoria aguda y crónica no especificada si con hipoxia o con hipercapnia||F19.21: Dependencia de otra sustancia psicoactiva, en remisión|Z21: Estado de infección asintomática por virus de inmunodeficiencia humana [VIH]|B18.2: Hepatitis vírica crónica tipo C|E78.4: Otros tipos de hiperlipidemia|F17.200: Dependencia de nicotina no especificada, sin complicaciones||||||||||||||F20
J44.1: Enfermedad pulmonar obstructiva crónica con exacerbación (aguda)|J96.20: Insuficiencia respiratoria aguda y crónica no especificada si con hipoxia o con hipercapnia||F17.200: Dependencia de nicotina no especificada, sin complicaciones|F19.21: Dependencia de otra sustancia psicoactiva, en remisión|Z21: Estado de infección asintomática por virus de inmunodeficiencia humana [VIH]|B18.2: Hepatitis vírica crónica tipo C|E78.4: Otros tipos de hiperlipidemia||||||||||||||F20
J44.1: Enfermedad pulmonar obstructiva crónica con exacerbación (aguda)|J96.20: Insuficiencia respiratoria aguda y crónica no especificada si con hipoxia o con hipercapnia|F17.200: Dependencia de nicotina no especificada, sin complicaciones|F19.21: Dependencia de otra sustancia psicoactiva, en remisión|Z21: Estado de infección asintomática por virus de inmunodeficiencia humana [VIH]|B18.2: Hepatitis vírica crónica tipo C||E78.4: Otros tipos de hiperlipidemia||||||||||||||F20
J44.1: Enfermedad pulmonar obstructiva crónica con exacerbación (aguda)|J96.00: Insuficiencia respiratoria aguda no especificada si con hipoxia o con hipercapnia|J98.8: Otros trastornos respiratorios especificados||J47.9: Bronquiectasias, sin complicaciones||B18.2: Hepatitis vírica crónica tipo C|F19.21: Dependencia de otra sustancia psicoactiva, en remisión|E78.4: Otros tipos de hiperlipidemia|F17.200: Dependencia de nicotina no especificada, sin complicaciones||||||||||||F20
J44.1: Enfermedad pulmonar obstructiva crónica con exacerbación (aguda)|J96.00: Insuficiencia respiratoria aguda no especificada si con hipoxia o con hipercapnia||B18.2: Hepatitis vírica crónica tipo C|J47.9: Bronquiectasias, sin complicaciones||F19.21: Dependencia de otra sustancia psicoactiva, en remisión|F17.200: Dependencia de nicotina no especificada, sin complicaciones||||||||||||||F20
J98.8: Otros trastornos respiratorios especificados|B95.62: Infección por Staphylococcus aureus resistente a meticilina como causa de enfermedades clasificadas bajo otro concepto|J96.00: Insuficiencia respiratoria aguda no especificada si con hipoxia o con hipercapnia|J44.1: Enfermedad pulmonar obstructiva crónica con exacerbación (aguda)|J47.9: Bronquiectasias, sin complicaciones||B18.2: Hepatitis vírica crónica tipo C||F19.21: Dependencia de otra sustancia psicoactiva, en remisión|F17.200: Dependencia de nicotina no especificada, sin complicaciones||||||||||||F20
K76.1: Congestión pasiva crónica de hígado|B18.2: Hepatitis vírica crónica tipo C|D69.6: Trombocitopenia no especificada|K80.20: Cálculo de vesícula biliar sin colecistitis sin obstrucción|K83.0: Colangitis||F19.21: Dependencia de otra sustancia psicoactiva, en remisión|||||||||||||||F20
F05: Delirio debido a afección fisiológica conocida||K76.1: Congestión pasiva crónica de hígado|B18.2: Hepatitis vírica crónica tipo C|D73.1: Hiperesplenismo|D69.6: Trombocitopenia no especificada|K80.20: Cálculo de vesícula biliar sin colecistitis sin obstrucción|K83.0: Colangitis|F19.21: Dependencia de otra sustancia psicoactiva, en remisión|||||||||||||F20
B18.2: Hepatitis vírica crónica tipo C|K65.2: Peritonitis bacteriana espontánea|R18.8: Otros tipos de ascitis|K72.90: Insuficiencia hepática, no especificada, sin coma|K72.00: Insuficiencia hepática aguda y subaguda sin coma|N39.0: Infección de tracto urinario, localización no especificada|B95.4: Otros estreptococos como causa de enfermedades clasificadas bajo otro concepto|J18.9: Neumonía, microorganismo no especificado|D73.1: Hiperesplenismo|D69.6: Trombocitopenia no especificada|K80.20: Cálculo de vesícula biliar sin colecistitis sin obstrucción||F19.21: Dependencia de otra sustancia psicoactiva, en remisión|||||||||F20
T86.40: Complicación no especificada de trasplante de hígado|K83.0: Colangitis|K83.1: Obstrucción de conducto biliar|||||||||||||||||||F20
J44.1: Enfermedad pulmonar obstructiva crónica con exacerbación (aguda)|J96.00: Insuficiencia respiratoria aguda no especificada si con hipoxia o con hipercapnia||E66.9: Obesidad, no especificada|F17.200: Dependencia de nicotina no especificada, sin complicaciones|||||||||||||||||F20
K43.2: Hernia incisional sin obstrucción ni gangrena||Z85.038: Historia personal de otra neoplasia maligna de intestino grueso|Z90.49: Ausencia adquirida de otras partes especificadas del tracto digestivo|Z85.3: Historia personal de neoplasia maligna de mama|Z90.10: Ausencia adquirida de mama y pezón no especificados||||||||||||||||F20
K43.2: Hernia incisional sin obstrucción ni gangrena|I10: Hipertensión esencial (primaria)|F34.1: Trastorno distímico||Z85.038: Historia personal de otra neoplasia maligna de intestino grueso|Z90.49: Ausencia adquirida de otras partes especificadas del tracto digestivo|Z68.41: Índice de masa corporal [IMC] 40.0-44.9, adulto|Z85.3: Historia personal de neoplasia maligna de mama|Z90.10: Ausencia adquirida de mama y pezón no especificados|Z85.828: Historia personal de otras neoplasias malignas de piel|Z86.11: Historia personal de tuberculosis|||||||||||F20
N39.0: Infección de tracto urinario, localización no especificada|F05: Delirio debido a afección fisiológica conocida|E11.9: Diabetes mellitus tipo 2 sin complicaciones|E78.4: Otros tipos de hiperlipidemia||F10.10: Abuso de alcohol, sin complicaciones|Z87.891: Historia personal de dependencia a nicotina|||||||||||||||F20
J18.9: Neumonía, microorganismo no especificado|N17.9: Fallo renal agudo, no especificado|D51.9: Anemia por carencia de vitamina B12, no especificada|I48.91: Fibrilación auricular no especificada||F03.90: Demencia no especificada, gravedad no especificada, sin alteración del comportamiento, alteración psicótica, alteración del estado de ánimo ni ansiedad|Z74.09: Otro tipo de movilidad reducida|Z74.3: Necesidad de supervisión continua||||||||||||||F20
J69.0: Neumonitis debida a inhalación de alimentos y vómito|J96.20: Insuficiencia respiratoria aguda y crónica no especificada si con hipoxia o con hipercapnia|C80.1: Neoplasia maligna (primaria), no especificada|R18.0: Ascitis maligna|E88.09: Otros trastornos del metabolismo de las proteínas plasmáticas no clasificados bajo otro concepto||G31.84: Deterioro cognitivo leve de etiología incierta o desconocida|I10: Hipertensión esencial (primaria)|D50.9: Anemia ferropénica, no especificada|Z59.3: Problemas relacionados con la vida en una institución residencial||||||||||||F20
E11.618: Diabetes mellitus tipo 2 con otra artropatía diabética|||||||||||||||||||||F20
J18.9: Neumonía, microorganismo no especificado|J96.00: Insuficiencia respiratoria aguda no especificada si con hipoxia o con hipercapnia|E11.9: Diabetes mellitus tipo 2 sin complicaciones|Z79.4: Uso prolongado (actual) de insulina||F10.10: Abuso de alcohol, sin complicaciones|F17.200: Dependencia de nicotina no especificada, sin complicaciones|Z87.81: Historia personal de fractura (consolidada) traumática||||||||||||||F20
|C77.1: Neoplasia maligna secundaria y no especificada de ganglios linfáticos intratorácicos|C34.10: Neoplasia maligna de lóbulo superior, bronquio y pulmón no especificados|Z87.891: Historia personal de dependencia a nicotina||||||||||||||||||F23
|F17.200: Dependencia de nicotina no especificada, sin complicaciones|Z04.6: Contacto para reconocimiento médico psiquiátrico general, solicitado por la autoridad|Z81.8: Historia familiar de otros trastornos mentales y del comportamiento|Z91.19: Incumplimiento del paciente con otro tratamiento y régimen médico|||||||||||||||||F22
D44.3: Neoplasia de comportamiento incierto de hipófisis|||||||||||||||||||||F20
D44.3: Neoplasia de comportamiento incierto de hipófisis|G91.1: Hidrocefalia obstructiva|E23.0: Hipopituitarismo||E23.2: Diabetes insípida|||||||||||||||||F20
D44.3: Neoplasia de comportamiento incierto de hipófisis|I49.8: Otras arritmias cardiacas especificadas|K68.11: Absceso retroperitoneal posprocedimiento|L03.811: Celulitis de cabeza [cualquier parte, excepto de cara]||||||||||||||||||F20
A41.4: Sepsis debida a anaerobios|N39.0: Infección de tracto urinario, localización no especificada|B96.4: Proteus (mirabilis) (morganii) como causa de enfermedades clasificadas bajo otro concepto|R65.21: Sepsis grave con shock séptico|N17.9: Fallo renal agudo, no especificado|D68.9: Defecto de coagulación, no especificado|N20.0: Cálculo del riñón|G93.41: Encefalopatía metabólica|T83.091A: Otra complicación mecánica de sonda uretral permanente, contacto inicial|F05: Delirio debido a afección fisiológica conocida||E23.2: Diabetes insípida|Z79.84: Uso prolongado (actual) de medicamentos hipoglucemiantes orales|E66.9: Obesidad, no especificada|E66.9: Obesidad, no especificada|Z86.03: Historia personal de neoplasia de comportamiento incierto|G91.9: Hidrocefalia, no especificada|Z98.2: Presencia de dispositivo para drenaje de líquido cefalorraquídeo|Z87.891: Historia personal de dependencia a nicotina|Z90.49: Ausencia adquirida de otras partes especificadas del tracto digestivo||F20
|I10: Hipertensión esencial (primaria)|Z04.6: Contacto para reconocimiento médico psiquiátrico general, solicitado por la autoridad|Z91.19: Incumplimiento del paciente con otro tratamiento y régimen médico||||||||||||||||||F22
F25.9: Trastorno esquizoafectivo, no especificado|F60.9: Trastorno de personalidad, no especificado|Z63.5: Ruptura familiar por separación y divorcio|Z91.041: Estado de alergia a contrastes radiográficos|Z04.6: Contacto para reconocimiento médico psiquiátrico general, solicitado por la autoridad|||||||||||||||||F20
F25.9: Trastorno esquizoafectivo, no especificado|F60.89: Otros tipos de trastornos específicos de personalidad|I10: Hipertensión esencial (primaria)|Z63.5: Ruptura familiar por separación y divorcio|Z59.0: Persona sin hogar|Z62.891: Rivalidad entre hermanos|Z88.6: Estado de alergia a analgésico|Z91.041: Estado de alergia a contrastes radiográficos||||||||||||||F20
|F60.89: Otros tipos de trastornos específicos de personalidad|Z04.6: Contacto para reconocimiento médico psiquiátrico general, solicitado por la autoridad|Z63.5: Ruptura familiar por separación y divorcio|Z91.19: Incumplimiento del paciente con otro tratamiento y régimen médico|R45.851: Ideaciones suicidas|Z63.72: Alcoholismo y drogadicción en la familia|Z86.711: Historia personal de embolia pulmonar||||||||||||||F29
J98.8: Otros trastornos respiratorios especificados|F05: Delirio debido a afección fisiológica conocida||Z96.659: Presencia de articulación de rodilla artificial, no especificada|Z59.3: Problemas relacionados con la vida en una institución residencial|||||||||||||||||F20
T17.900A: Cuerpo extraño no especificado en vías respiratorias, parte no especificada, que produce asfixia, contacto inicial|J98.8: Otros trastornos respiratorios especificados|J96.20: Insuficiencia respiratoria aguda y crónica no especificada si con hipoxia o con hipercapnia|Z99.81: Dependencia de oxígeno suplementario|G47.33: Apnea obstructiva del sueño (del adulto) (pediátrica)|E66.9: Obesidad, no especificada|E11.9: Diabetes mellitus tipo 2 sin complicaciones||G91.2: Hidrocefalia normotensiva (idiopática)|G31.84: Deterioro cognitivo leve de etiología incierta o desconocida|G40.901: Epilepsia, no especificada, no intratable, con estado de mal epiléptico|D47.2: Gammapatía monoclonal|E86.0: Deshidratación|Z86.73: Historia personal de ataque isquémico transitorio (AIT) e infarto cerebral sin déficits residuales|Z86.73: Historia personal de ataque isquémico transitorio (AIT) e infarto cerebral sin déficits residuales|||||||F20
J98.8: Otros trastornos respiratorios especificados|T17.900A: Cuerpo extraño no especificado en vías respiratorias, parte no especificada, que produce asfixia, contacto inicial|J96.10: Insuficiencia respiratoria crónica no especificada si con hipoxia o con hipercapnia|Z99.81: Dependencia de oxígeno suplementario|I50.9: Insuficiencia cardiaca, no especificada|J43.9: Enfisema, no especificado|G91.2: Hidrocefalia normotensiva (idiopática)|G40.901: Epilepsia, no especificada, no intratable, con estado de mal epiléptico|R13.19: Otros tipos de disfagia|E11.9: Diabetes mellitus tipo 2 sin complicaciones|D50.9: Anemia ferropénica, no especificada|D47.2: Gammapatía monoclonal||E66.9: Obesidad, no especificada|E66.9: Obesidad, no especificada|||||||F20
Z51.11: Contacto para quimioterapia antineoplásica|C91.10: Leucemia linfocítica crónica de células B, sin haber alcanzado remisión||Z86.718: Historia personal de otro tipo de trombosis y embolia venosas||||||||||||||||||F20
D50.9: Anemia ferropénica, no especificada|K44.9: Hernia diafragmática sin obstrucción ni gangrena|E53.8: Carencia de otras vitaminas del grupo B especificadas|R09.02: Hipoxemia|I50.9: Insuficiencia cardiaca, no especificada|I10: Hipertensión esencial (primaria)||F32.9: Trastorno depresivo mayor, episodio único, no especificado|Q05.4: Espina bífida no especificada con hidrocefalia|I87.2: Insuficiencia venosa (crónica) (periférica)|L80: Vitíligo|K80.20: Cálculo de vesícula biliar sin colecistitis sin obstrucción|F17.200: Dependencia de nicotina no especificada, sin complicaciones|Z86.73: Historia personal de ataque isquémico transitorio (AIT) e infarto cerebral sin déficits residuales|Z86.73: Historia personal de ataque isquémico transitorio (AIT) e infarto cerebral sin déficits residuales|||||||F20
|F31.9: Trastorno bipolar, no especificado|Z86.011: Historia personal de neoplasia benigna de cerebro|E88.81: Síndrome metabólico|E78.5: Hiperlipidemia, no especificada|E11.9: Diabetes mellitus tipo 2 sin complicaciones|E79.0: Hiperuricemia sin signos de artritis inflamatoria y enfermedad tofácea|E66.9: Obesidad, no especificada|Z68.41: Índice de masa corporal [IMC] 40.0-44.9, adulto|Z79.84: Uso prolongado (actual) de medicamentos hipoglucemiantes orales||||||||||||F20
|F25.9: Trastorno esquizoafectivo, no especificado|E11.9: Diabetes mellitus tipo 2 sin complicaciones|E78.5: Hiperlipidemia, no especificada|E79.0: Hiperuricemia sin signos de artritis inflamatoria y enfermedad tofácea|||||||||||||||||F22
S72.009A: Fractura de parte no especificado del cuello de fémur no especificado, contacto inicial por fractura cerrada|||||||||||||||||||||F20
E11.36: Diabetes mellitus tipo 2 con catarata diabética|I10: Hipertensión esencial (primaria)|E78.5: Hiperlipidemia, no especificada|E03.9: Hipotiroidismo, no especificado|F32.9: Trastorno depresivo mayor, episodio único, no especificado||G47.33: Apnea obstructiva del sueño (del adulto) (pediátrica)|||||||||||||||F20
|Z81.8: Historia familiar de otros trastornos mentales y del comportamiento|Z63.5: Ruptura familiar por separación y divorcio|Z60.2: Problemas relacionados con vivir solo|Z81.8: Historia familiar de otros trastornos mentales y del comportamiento|Z04.6: Contacto para reconocimiento médico psiquiátrico general, solicitado por la autoridad|Z86.79: Historia personal de otras enfermedades del aparato circulatorio|||||||||||||||F23
I13.0: Enfermedad cardiaca y renal crónica hipertensiva con insuficiencia cardiaca y enfermedad renal crónica estadios 1 a 4 o enfermedad renal crónica no especificada|I50.9: Insuficiencia cardiaca, no especificada|N17.0: Fallo renal agudo con necrosis tubular|N18.9: Enfermedad renal crónica, no especificada|E87.1: Hiposmolaridad e hiponatremia|N39.0: Infección de tracto urinario, localización no especificada||H35.039: Retinopatía hipertensiva, ojo no especificado|K44.9: Hernia diafragmática sin obstrucción ni gangrena|H35.00: Retinopatía de fondo no especificada|N28.1: Quiste de riñón, adquirido|Z60.2: Problemas relacionados con vivir solo||||||||||F20
|F79: Discapacidad intelectual no especificada|I13.0: Enfermedad cardiaca y renal crónica hipertensiva con insuficiencia cardiaca y enfermedad renal crónica estadios 1 a 4 o enfermedad renal crónica no especificada|N18.9: Enfermedad renal crónica, no especificada|I50.9: Insuficiencia cardiaca, no especificada|Z60.2: Problemas relacionados con vivir solo||||||||||||||||F20
I21.09: Infarto agudo de miocardio con elevación de ST (IAMCEST) (IMEST) (STEMI) con implicación de otra arteria coronaria de la cara anterior|E11.9: Diabetes mellitus tipo 2 sin complicaciones|Z79.4: Uso prolongado (actual) de insulina||F17.200: Dependencia de nicotina no especificada, sin complicaciones|E78.4: Otros tipos de hiperlipidemia||||||||||||||||F20
I47.2: Taquicardia ventricular|I50.1: Insuficiencia ventricular izquierda, no especificada|E10.9: Diabetes mellitus tipo 1 sin complicaciones|F17.200: Dependencia de nicotina no especificada, sin complicaciones||Z79.02: Uso prolongado (actual) de antitrombóticos / antiplaquetarios|Z79.82: Uso prolongado (actual) de aspirina|||||||||||||||F20
|F17.200: Dependencia de nicotina no especificada, sin complicaciones|I10: Hipertensión esencial (primaria)|N40.0: Hiperplasia prostática benigna sin síntomas de tracto urinario inferior|Z63.72: Alcoholismo y drogadicción en la familia|Z81.8: Historia familiar de otros trastornos mentales y del comportamiento||||||||||||||||F20
I21.19: Infarto agudo de miocardio con elevación de ST (IAMCEST) (IMEST) (STEMI) con implicación de otra arteria coronaria de cara inferior|I44.2: Bloqueo auriculoventricular, completo|I51.89: Otras enfermedades mal definidas cardiacas|Z88.6: Estado de alergia a analgésico|G30.9: Enfermedad de Alzheimer, no especificada|F02.80: Demencia en otras enfermedades clasificadas bajo otro concepto, gravedad no especificada, sin alteración del comportamiento, alteración psicótica, alteración del estado de ánimo ni ansiedad|Z59.3: Problemas relacionados con la vida en una institución residencial|||||||||||||||F22
F23: Trastorno psicótico breve|F60.1: Trastorno esquizoide de personalidad||G25.71: Acatisia inducida por fármacos|T43.595A: Efecto adverso de otros antipsicóticos y neurolépticos, contacto inicial|||||||||||||||||F22
A41.9: Sepsis, microorganismo no especificado|A41.9: Sepsis, microorganismo no especificado|D50.9: Anemia ferropénica, no especificada|K56.60: Obstrucción intestinal no especificada|R56.9: Convulsiones no especificadas||Z90.710: Ausencia adquirida de ambos, de cuello uterino y de útero|||||||||||||||F20
|F70: Discapacidad intelectual leve|F60.89: Otros tipos de trastornos específicos de personalidad|N39.0: Infección de tracto urinario, localización no especificada|E22.1: Hiperprolactinemia|||||||||||||||||F22
Z45.89: Contacto para ajuste y mantenimiento de otros dispositivos implantados|K85.9: Pancreatitis aguda, no especificada|K91.89: Otras complicaciones y trastornos de aparato digestivo posprocedimiento|Y83.8: Otros procedimientos quirúrgicos como causa de reacción anormal del paciente o de complicación posterior, sin mención de evento adverso en el momento del procedimiento|R65.11: Síndrome de respuesta inflamatoria sistémica (SIRS) de origen no infeccioso con disfunción orgánica aguda|N17.9: Fallo renal agudo, no especificado|R78.81: Bacteriemia|B96.89: Otros agentes bacterianos como causa de enfermedades clasificadas bajo otro concepto|J90: Derrame pleural, no clasificable bajo otro concepto|K44.9: Hernia diafragmática sin obstrucción ni gangrena||Z87.891: Historia personal de dependencia a nicotina||||||||||F20
|R41.83: Capacidad intelectual límite|J30.1: Rinitis alérgica debida a polen|||||||||||||||||||F20
O99.342: Otros trastornos mentales que complican el embarazo, segundo trimestre||F60.4: Trastorno de personalidad histriónica|||||||||||||||||||F29
K65.0: Peritonitis (aguda) generalizada|K91.89: Otras complicaciones y trastornos de aparato digestivo posprocedimiento|K40.90: Hernia inguinal unilateral, sin obstrucción ni gangrena, no especificada como recidivada|L89.159: Úlcera por presión en región sacra, estadio no especificado|B96.4: Proteus (mirabilis) (morganii) como causa de enfermedades clasificadas bajo otro concepto|B96.20: Escherichia coli [E. coli] no especificado como causa de enfermedades clasificadas bajo otro concepto||||||||||||||||F20
K43.2: Hernia incisional sin obstrucción ni gangrena|L89.159: Úlcera por presión en región sacra, estadio no especificado|K56.0: Íleo paralítico|Y84.8: Otros procedimientos médicos como causa de reacción anormal del paciente o de complicación posterior, sin mención de evento adverso en el momento del procedimiento||||||||||||||||||F20
|E05.90: Tirotoxicosis, no especificada sin crisis tirotóxica ni tormenta tiroidea|Z04.6: Contacto para reconocimiento médico psiquiátrico general, solicitado por la autoridad|Z91.19: Incumplimiento del paciente con otro tratamiento y régimen médico||||||||||||||||||F20
K80.20: Cálculo de vesícula biliar sin colecistitis sin obstrucción|N39.0: Infección de tracto urinario, localización no especificada|M1A.4711: Otros tipos de gota crónica secundaria, tobillo y pie derechos, con tofos|F10.20: Dependencia de alcohol, sin complicaciones|I12.9: Enfermedad renal crónica hipertensiva con enfermedad renal crónica en estadio 1 a 4 o con enfermedad renal crónica no especificada|N18.3: Enfermedad renal crónica, estadio 3 (moderada)|F41.8: Otros trastornos de ansiedad especificados|D50.9: Anemia ferropénica, no especificada||Z87.891: Historia personal de dependencia a nicotina||||||||||||F22
|F60.5: Trastorno de personalidad obsesivo-compulsivo|T43.016A: Infradosificación de antidepresivos tricíclicos, contacto inicial|Z91.19: Incumplimiento del paciente con otro tratamiento y régimen médico|Z81.8: Historia familiar de otros trastornos mentales y del comportamiento|||||||||||||||||F25
C50.419: Neoplasia maligna de cuadrante superior externo de mama femenina, lado no especificado|C77.3: Neoplasia maligna secundaria y no especificada de ganglios linfáticos de axila y extremidad superior|T88.8XXA: Otras complicaciones especificadas de atención quirúrgica y médica, no clasificadas bajo otro concepto, contacto inicial|G40.901: Epilepsia, no especificada, no intratable, con estado de mal epiléptico|J95.821: Insuficiencia respiratoria aguda posprocedimiento|I46.9: Paro cardiaco, causa no especificada|D50.9: Anemia ferropénica, no especificada||F71: Discapacidad intelectual moderada|E11.9: Diabetes mellitus tipo 2 sin complicaciones|Z17.0: Estado de receptor de estrógeno positivo [RE+]|Z59.3: Problemas relacionados con la vida en una institución residencial||||||||||F20
J20.9: Bronquitis aguda, no especificada|T50.905A: Efecto adverso de fármacos, medicamentos y sustancias biológicas no especificados, contacto inicial||||||||||||||||||||F20
J98.8: Otros trastornos respiratorios especificados|J96.92: Insuficiencia respiratoria no especificada, con hipercapnia|R41.0: Desorientación, no especificada||F79: Discapacidad intelectual no especificada|E11.9: Diabetes mellitus tipo 2 sin complicaciones|Z79.84: Uso prolongado (actual) de medicamentos hipoglucemiantes orales|E66.9: Obesidad, no especificada|Z85.3: Historia personal de neoplasia maligna de mama|Z74.3: Necesidad de supervisión continua|Z59.3: Problemas relacionados con la vida en una institución residencial|||||||||||F20
K55.0: Trastornos vasculares agudos de intestino|D37.1: Neoplasia de comportamiento incierto de estómago|K57.30: Diverticulosis de colon sin perforación ni absceso, sin hemorragia||Z79.891: Uso prolongado (actual) de analgésicos opiáceos|||||||||||||||||F22
S52.123A: Fractura desplazada de la cabeza de radio no especificado, contacto inicial por fractura cerrada|S32.810A: Fracturas múltiples de la pelvis con disrupción estable de la cintura pélvica, contacto inicial por fractura cerrada|S27.899A: Traumatismo no especificado de otros órganos intratorácicos especificados, contacto inicial||F79: Discapacidad intelectual no especificada|||||||||||||||||F20
C34.30: Neoplasia maligna de lóbulo inferior, bronquio o pulmón no especificados|J18.9: Neumonía, microorganismo no especificado|C77.1: Neoplasia maligna secundaria y no especificada de ganglios linfáticos intratorácicos|D63.0: Anemia en enfermedad neoplásica|Z92.21: Historia personal de quimioterapia antineoplásica|Z92.3: Historia personal de irradiación|F79: Discapacidad intelectual no especificada||E87.1: Hiposmolaridad e hiponatremia|Z87.891: Historia personal de dependencia a nicotina|Z59.3: Problemas relacionados con la vida en una institución residencial|Z86.010: Historia personal de pólipos colónicos||||||||||F20
D63.0: Anemia en enfermedad neoplásica|J98.8: Otros trastornos respiratorios especificados|C34.30: Neoplasia maligna de lóbulo inferior, bronquio o pulmón no especificados|C77.1: Neoplasia maligna secundaria y no especificada de ganglios linfáticos intratorácicos|Z92.21: Historia personal de quimioterapia antineoplásica|Z92.3: Historia personal de irradiación|F79: Discapacidad intelectual no especificada||K59.00: Estreñimiento, no especificado|Z51.5: Contacto para cuidados paliativos|Z59.3: Problemas relacionados con la vida en una institución residencial|Z87.891: Historia personal de dependencia a nicotina|Z86.010: Historia personal de pólipos colónicos|||||||||F20
|T50.901A: Envenenamiento por fármacos, medicamentos y sustancias biológicas no especificados, accidental (no intencionado), contacto inicial||||||||||||||||||||F20
|K57.32: Diverticulitis de colon sin perforación ni absceso, sin hemorragia|A41.9: Sepsis, microorganismo no especificado|A41.9: Sepsis, microorganismo no especificado|K80.00: Cálculo de vesícula biliar con colecistitis aguda sin obstrucción|N39.0: Infección de tracto urinario, localización no especificada|I10: Hipertensión esencial (primaria)|E03.9: Hipotiroidismo, no especificado|Z04.6: Contacto para reconocimiento médico psiquiátrico general, solicitado por la autoridad|Z59.3: Problemas relacionados con la vida en una institución residencial||||||||||||F20
J96.22: Insuficiencia respiratoria aguda y crónica con hipercapnia|T50.905A: Efecto adverso de fármacos, medicamentos y sustancias biológicas no especificados, contacto inicial|E66.9: Obesidad, no especificada|M40.209: Cifosis no especificada, localización no especificada|N25.1: Diabetes insípida nefrogénica|T43.595A: Efecto adverso de otros antipsicóticos y neurolépticos, contacto inicial||H54.0: Ceguera, ambos ojos||||||||||||||F20
A41.51: Sepsis por Escherichia coli [E. coli]|N39.0: Infección de tracto urinario, localización no especificada|J98.8: Otros trastornos respiratorios especificados|B96.20: Escherichia coli [E. coli] no especificado como causa de enfermedades clasificadas bajo otro concepto|J96.20: Insuficiencia respiratoria aguda y crónica no especificada si con hipoxia o con hipercapnia|E23.2: Diabetes insípida|N17.9: Fallo renal agudo, no especificado|N18.9: Enfermedad renal crónica, no especificada|E87.0: Hiperosmolaridad e hipernatremia|E86.0: Deshidratación|E66.9: Obesidad, no especificada|M40.209: Cifosis no especificada, localización no especificada||||||||||F20
K00.6: Alteraciones en erupción de diente|E03.9: Hipotiroidismo, no especificado||||||||||||||||||||F20
N40.0: Hiperplasia prostática benigna sin síntomas de tracto urinario inferior||B18.2: Hepatitis vírica crónica tipo C|K26.9: Úlcera duodenal, no especificada como aguda ni como crónica, sin hemorragia ni perforación|Z86.11: Historia personal de tuberculosis|Z59.3: Problemas relacionados con la vida en una institución residencial||||||||||||||||F20
S82.209B: Fractura no especificada de diáfisis de tibia no especificada, contacto inicial por fractura abierta tipo I, II o NEOM|||||||||||||||||||||F20
J44.1: Enfermedad pulmonar obstructiva crónica con exacerbación (aguda)|J98.8: Otros trastornos respiratorios especificados|E87.1: Hiposmolaridad e hiponatremia|M54.5: Dolor en la parte inferior de la espalda|M47.817: Espondilosis sin mielopatía ni radiculopatía, región lumbosacra|M41.20: Otra escoliosis idiopática, localización no especificada||F17.200: Dependencia de nicotina no especificada, sin complicaciones|F10.10: Abuso de alcohol, sin complicaciones|Z89.9: Ausencia adquirida de miembro no especificado|Z59.3: Problemas relacionados con la vida en una institución residencial|||||||||||F20
J44.1: Enfermedad pulmonar obstructiva crónica con exacerbación (aguda)|J96.00: Insuficiencia respiratoria aguda no especificada si con hipoxia o con hipercapnia|J98.8: Otros trastornos respiratorios especificados|I46.9: Paro cardiaco, causa no especificada|K83.5: Quiste biliar||F17.200: Dependencia de nicotina no especificada, sin complicaciones|F10.10: Abuso de alcohol, sin complicaciones|Z89.9: Ausencia adquirida de miembro no especificado|Z59.3: Problemas relacionados con la vida en una institución residencial||||||||||||F20
|Z04.6: Contacto para reconocimiento médico psiquiátrico general, solicitado por la autoridad|Z91.19: Incumplimiento del paciente con otro tratamiento y régimen médico|||||||||||||||||||F20
|T42.4X1A: Envenenamiento por benzodiacepinas, accidental (no intencionado), contacto inicial|T43.011A: Envenenamiento por antidepresivos tricíclicos, accidental (no intencionado), contacto inicial|||||||||||||||||||F22
C18.5: Neoplasia maligna de ángulo esplénico|C78.7: Neoplasia maligna secundaria de hígado y vías biliares intrahepáticas|C78.6: Neoplasia maligna secundaria de retroperitoneo y peritoneo|R18.0: Ascitis maligna|I10: Hipertensión esencial (primaria)||Z59.3: Problemas relacionados con la vida en una institución residencial|||||||||||||||F20
|F01.51: Demencia vascular, gravedad no especificada, con alteración del comportamiento||||||||||||||||||||F22
|Z63.5: Ruptura familiar por separación y divorcio|Z04.6: Contacto para reconocimiento médico psiquiátrico general, solicitado por la autoridad|Z91.19: Incumplimiento del paciente con otro tratamiento y régimen médico||||||||||||||||||F22
J20.9: Bronquitis aguda, no especificada|J96.20: Insuficiencia respiratoria aguda y crónica no especificada si con hipoxia o con hipercapnia|Z99.81: Dependencia de oxígeno suplementario|N40.1: Hiperplasia prostática benigna con síntomas de tracto urinario inferior|R33.9: Retención urinaria, no especificada|E11.29: Diabetes mellitus tipo 2 con otra complicación renal diabética|N08: Trastornos glomerulares en enfermedades clasificadas bajo otro concepto|E11.40: Diabetes mellitus tipo 2 con neuropatía diabética, no especificada|E10.42: Diabetes mellitus tipo 1 con polineuropatía diabética|Z79.4: Uso prolongado (actual) de insulina||D47.2: Gammapatía monoclonal|K57.30: Diverticulosis de colon sin perforación ni absceso, sin hemorragia|K76.0: Hígado graso (degeneración grasa) de hígado, no clasificado bajo otro concepto|K76.0: Hígado graso (degeneración grasa) de hígado, no clasificado bajo otro concepto|||||||F20
K42.9: Hernia umbilical sin obstrucción ni gangrena|J44.9: Enfermedad pulmonar obstructiva crónica, no especificada|E11.29: Diabetes mellitus tipo 2 con otra complicación renal diabética|N08: Trastornos glomerulares en enfermedades clasificadas bajo otro concepto||||||||||||||||||F20
L40.54: Artropatía psoriásica juvenil|||||||||||||||||||||F20
|Z91.19: Incumplimiento del paciente con otro tratamiento y régimen médico|Z81.8: Historia familiar de otros trastornos mentales y del comportamiento|Z59.3: Problemas relacionados con la vida en una institución residencial||||||||||||||||||F20
M47.812: Espondilosis sin mielopatía ni radiculopatía, región cervical|||||||||||||||||||||F20
|G31.84: Deterioro cognitivo leve de etiología incierta o desconocida|G20: Enfermedad de Parkinson|I10: Hipertensión esencial (primaria)|Z60.2: Problemas relacionados con vivir solo|Z63.5: Ruptura familiar por separación y divorcio|E78.0: Hipercolesterolemia pura|N40.0: Hiperplasia prostática benigna sin síntomas de tracto urinario inferior||||||||||||||F22
|E03.2: Hipotiroidismo debido a medicamentos y otras sustancias exógenas|E78.0: Hipercolesterolemia pura|Z91.19: Incumplimiento del paciente con otro tratamiento y régimen médico|Z04.6: Contacto para reconocimiento médico psiquiátrico general, solicitado por la autoridad|||||||||||||||||F20
|F42: Trastorno obsesivo-compulsivo|Z91.19: Incumplimiento del paciente con otro tratamiento y régimen médico|Z65.9: Problema relacionado con circunstancias psicosociales no especificadas||||||||||||||||||F20
I26.99: Otra embolia pulmonar sin cor pulmonale agudo||F17.200: Dependencia de nicotina no especificada, sin complicaciones|Z86.718: Historia personal de otro tipo de trombosis y embolia venosas||||||||||||||||||F20
J18.9: Neumonía, microorganismo no especificado|I26.99: Otra embolia pulmonar sin cor pulmonale agudo|I82.419: Embolia y trombosis agudas de vena femoral no especificada|D47.2: Gammapatía monoclonal|L89.509: Úlcera por presión en tobillo no especificado, estadio no especificado||J32.0: Sinusitis crónica maxilar|B37.0: Estomatitis candidiásica||Z59.3: Problemas relacionados con la vida en una institución residencial||||||||||||F20
N39.0: Infección de tracto urinario, localización no especificada|B96.4: Proteus (mirabilis) (morganii) como causa de enfermedades clasificadas bajo otro concepto|Z16.29: Resistencia a otro único tipo de antibiótico especificado|D47.2: Gammapatía monoclonal||F09: Trastorno mental no especificado debido a afección fisiológica conocida|Z59.3: Problemas relacionados con la vida en una institución residencial|Z74.1: Necesidad de asistencia con cuidado personal|Z86.711: Historia personal de embolia pulmonar|Z86.718: Historia personal de otro tipo de trombosis y embolia venosas|Z79.82: Uso prolongado (actual) de aspirina|||||||||||F20
D14.0: Neoplasia benigna de oído medio, cavidad nasal y senos accesorios|E11.9: Diabetes mellitus tipo 2 sin complicaciones|I25.5: Miocardiopatía isquémica|||||||||||||||||||F20
|Z91.19: Incumplimiento del paciente con otro tratamiento y régimen médico|Z59.0: Persona sin hogar|||||||||||||||||||F20
|Z59.0: Persona sin hogar|Z60.2: Problemas relacionados con vivir solo|Z63.9: Problema relacionado con el grupo de apoyo primario, no especificado|Z65.8: Otros problemas especificados relacionados con circunstancias psicosociales|||||||||||||||||F20
K40.90: Hernia inguinal unilateral, sin obstrucción ni gangrena, no especificada como recidivada|E78.0: Hipercolesterolemia pura|E03.9: Hipotiroidismo, no especificado||Z85.028: Historia personal de otra neoplasia maligna de estómago|R33.9: Retención urinaria, no especificada|N18.9: Enfermedad renal crónica, no especificada|||||||||||||||F20
J98.8: Otros trastornos respiratorios especificados|J96.00: Insuficiencia respiratoria aguda no especificada si con hipoxia o con hipercapnia|T17.900A: Cuerpo extraño no especificado en vías respiratorias, parte no especificada, que produce asfixia, contacto inicial|E66.01: Obesidad mórbida (severa) por exceso de calorías|I50.9: Insuficiencia cardiaca, no especificada||Z88.0: Estado de alergia a penicilina|Z88.1: Estado de alergia a otros antibióticos|Z91.041: Estado de alergia a contrastes radiográficos|Z87.891: Historia personal de dependencia a nicotina||||||||||||F20
|Z86.73: Historia personal de ataque isquémico transitorio (AIT) e infarto cerebral sin déficits residuales|I10: Hipertensión esencial (primaria)|||||||||||||||||||F22
T82.818A: Embolia debida a prótesis, implantes e injertos vasculares, contacto inicial|I82.619: Embolia y trombosis agudas de venas superficiales de extremidad superior no especificada|I12.0: Enfermedad renal crónica hipertensiva con enfermedad renal crónica en estadio 5 o con enfermedad renal en estadio terminal|N18.5: Enfermedad renal crónica, estadio fase 5|Z99.2: Dependencia de diálisis renal|T82.818A: Embolia debida a prótesis, implantes e injertos vasculares, contacto inicial|I82.619: Embolia y trombosis agudas de venas superficiales de extremidad superior no especificada|N25.81: Hiperparatiroidismo secundario de origen renal||||||||||||||F20
L03.119: Celulitis de parte no especificada de las extremidades|I12.0: Enfermedad renal crónica hipertensiva con enfermedad renal crónica en estadio 5 o con enfermedad renal en estadio terminal|N18.5: Enfermedad renal crónica, estadio fase 5|N25.81: Hiperparatiroidismo secundario de origen renal||||||||||||||||||F20
|F70: Discapacidad intelectual leve|Z63.6: Familiar dependiente que requiere cuidados en el hogar|Z63.9: Problema relacionado con el grupo de apoyo primario, no especificado|Z65.8: Otros problemas especificados relacionados con circunstancias psicosociales|||||||||||||||||F20
|F12.20: Dependencia de cannabis, sin complicaciones|Z04.6: Contacto para reconocimiento médico psiquiátrico general, solicitado por la autoridad|Z81.8: Historia familiar de otros trastornos mentales y del comportamiento||||||||||||||||||F29
|F02.80: Demencia en otras enfermedades clasificadas bajo otro concepto, gravedad no especificada, sin alteración del comportamiento, alteración psicótica, alteración del estado de ánimo ni ansiedad||||||||||||||||||||F22
S50.02XA: Contusión de codo izquierdo, contacto inicial|||||||||||||||||||||F20
K52.9: Gastroenteritis y colitis no infecciosas, no especificadas|I10: Hipertensión esencial (primaria)|H91.90: Pérdida de audición no especificada, oído no especificado|F09: Trastorno mental no especificado debido a afección fisiológica conocida|I48.0: Fibrilación paroxística auricular|D50.9: Anemia ferropénica, no especificada||Z90.49: Ausencia adquirida de otras partes especificadas del tracto digestivo|Z90.79: Ausencia adquirida de otro (-s) órgano (-s) genital (-es)|Z88.1: Estado de alergia a otros antibióticos|Z59.3: Problemas relacionados con la vida en una institución residencial|||||||||||F29
|S31.102A: Herida abierta no especificada de pared abdominal, región epigástrica, sin penetración en cavidad peritoneal, contacto inicial||||||||||||||||||||F20
|F10.10: Abuso de alcohol, sin complicaciones|Z63.79: Otros acontecimientos de la vida que generan estrés en la familia y el hogar|Z63.9: Problema relacionado con el grupo de apoyo primario, no especificado|Z60.3: Dificultades por aculturación|Z65.8: Otros problemas especificados relacionados con circunstancias psicosociales|Z72.4: Dieta y hábitos alimentarios inapropiados|||||||||||||||F20
L03.119: Celulitis de parte no especificada de las extremidades|F19.21: Dependencia de otra sustancia psicoactiva, en remisión|F25.9: Trastorno esquizoafectivo, no especificado|||||||||||||||||||F20
C83.31: Linfoma difuso de células B grandes, ganglios linfáticos de cabeza, cara y cuello|F17.210: Dependencia de nicotina, cigarrillos, sin complicaciones||||||||||||||||||||F20
C83.39: Linfoma difuso de células B grandes, localizaciones extraganglionares y de órganos sólidos|C83.38: Linfoma difuso de células B grandes, ganglios linfáticos de localizaciones múltiples|E11.9: Diabetes mellitus tipo 2 sin complicaciones||F17.210: Dependencia de nicotina, cigarrillos, sin complicaciones|||||||||||||||||F20
A41.9: Sepsis, microorganismo no especificado|R65.21: Sepsis grave con shock séptico|R78.81: Bacteriemia|B96.20: Escherichia coli [E. coli] no especificado como causa de enfermedades clasificadas bajo otro concepto|I20.9: Angina de pecho, no especificada|J96.00: Insuficiencia respiratoria aguda no especificada si con hipoxia o con hipercapnia|I46.9: Paro cardiaco, causa no especificada|R57.8: Otros tipos de shock||C83.39: Linfoma difuso de células B grandes, localizaciones extraganglionares y de órganos sólidos|Z92.21: Historia personal de quimioterapia antineoplásica|F17.210: Dependencia de nicotina, cigarrillos, sin complicaciones||||||||||F20
F25.9: Trastorno esquizoafectivo, no especificado|F10.10: Abuso de alcohol, sin complicaciones|F18.10: Abuso de inhalantes, sin complicaciones|Z81.8: Historia familiar de otros trastornos mentales y del comportamiento|Z88.0: Estado de alergia a penicilina|Z91.013: Alergia a alimentos marinos|Z98.51: Estado de ligadura de trompas (de Falopio)|Z59.5: Pobreza extrema|Z59.9: Problema relacionado con la vivienda y circunstancias económicas, no especificadas|Z63.9: Problema relacionado con el grupo de apoyo primario, no especificado|Z65.8: Otros problemas especificados relacionados con circunstancias psicosociales|||||||||||F20
|F17.210: Dependencia de nicotina, cigarrillos, sin complicaciones|Z59.3: Problemas relacionados con la vida en una institución residencial|||||||||||||||||||F20
N17.9: Fallo renal agudo, no especificado|I12.9: Enfermedad renal crónica hipertensiva con enfermedad renal crónica en estadio 1 a 4 o con enfermedad renal crónica no especificada|E11.22: Diabetes mellitus tipo 2 con nefropatía diabética crónica|N18.9: Enfermedad renal crónica, no especificada|J96.20: Insuficiencia respiratoria aguda y crónica no especificada si con hipoxia o con hipercapnia||E78.5: Hiperlipidemia, no especificada|F32.9: Trastorno depresivo mayor, episodio único, no especificado|J84.89: Otros tipos de enfermedades pulmonares intersticiales especificadas|||||||||||||F25
I61.9: Hemorragia intracerebral no traumática, no especificada|Q28.2: Malformación arteriovenosa de los vasos cerebrales|G81.93: Hemiplejia no especificada que afecta a lado derecho no dominante|G40.301: Epilepsia y síndromes epilépticos generalizados idiopáticos, no intratables, con estado de mal epiléptico|R78.81: Bacteriemia|B95.7: Otros estafilococos como causa de enfermedades clasificadas bajo otro concepto||E03.9: Hipotiroidismo, no especificado|E78.0: Hipercolesterolemia pura|E66.9: Obesidad, no especificada|Z88.1: Estado de alergia a otros antibióticos|||||||||||F20
K02.7: Caries de raíz dental|M27.40: Quiste de mandíbula no especificado||E11.9: Diabetes mellitus tipo 2 sin complicaciones|Z86.73: Historia personal de ataque isquémico transitorio (AIT) e infarto cerebral sin déficits residuales|||||||||||||||||F20
|J44.9: Enfermedad pulmonar obstructiva crónica, no especificada||||||||||||||||||||F20
|R41.83: Capacidad intelectual límite|Z59.3: Problemas relacionados con la vida en una institución residencial|B18.2: Hepatitis vírica crónica tipo C||||||||||||||||||F20
|F70: Discapacidad intelectual leve|B18.2: Hepatitis vírica crónica tipo C|F12.10: Abuso de cannabis, sin complicaciones|Z63.79: Otros acontecimientos de la vida que generan estrés en la familia y el hogar|||||||||||||||||F20
|B18.2: Hepatitis vírica crónica tipo C|F17.200: Dependencia de nicotina no especificada, sin complicaciones|F12.10: Abuso de cannabis, sin complicaciones|Z04.6: Contacto para reconocimiento médico psiquiátrico general, solicitado por la autoridad|Z98.51: Estado de ligadura de trompas (de Falopio)||||||||||||||||F20
|N39.0: Infección de tracto urinario, localización no especificada|B35.1: Tiña de las uñas|Z63.5: Ruptura familiar por separación y divorcio|Z04.6: Contacto para reconocimiento médico psiquiátrico general, solicitado por la autoridad|Z91.19: Incumplimiento del paciente con otro tratamiento y régimen médico||||||||||||||||F22
|Z62.891: Rivalidad entre hermanos|Z81.8: Historia familiar de otros trastornos mentales y del comportamiento|||||||||||||||||||F22
|S02.5XXA: Fractura de diente (traumática), contacto inicial por fractura cerrada|Z62.891: Rivalidad entre hermanos|Z81.8: Historia familiar de otros trastornos mentales y del comportamiento|Z04.6: Contacto para reconocimiento médico psiquiátrico general, solicitado por la autoridad|||||||||||||||||F22
|Z81.8: Historia familiar de otros trastornos mentales y del comportamiento|Z04.6: Contacto para reconocimiento médico psiquiátrico general, solicitado por la autoridad|||||||||||||||||||F22
|R29.818: Otros síntomas y signos que afectan al sistema nervioso|G21.11: Parkinsonismo inducido por neurolépticos|N39.0: Infección de tracto urinario, localización no especificada|B95.7: Otros estafilococos como causa de enfermedades clasificadas bajo otro concepto|J15.211: Neumonía debida a Staphylococcus aureus sensible a meticilina|J96.00: Insuficiencia respiratoria aguda no especificada si con hipoxia o con hipercapnia|Z04.6: Contacto para reconocimiento médico psiquiátrico general, solicitado por la autoridad|E41: Marasmo nutricional|||||||||||||F20
|F07.0: Alteración de personalidad debida a afección fisiológica conocida|E11.9: Diabetes mellitus tipo 2 sin complicaciones|E03.9: Hipotiroidismo, no especificado|I83.90: Venas varicosas asintomáticas de extremidad inferior no especificada|E78.0: Hipercolesterolemia pura|Z94.7: Estado de trasplante de córnea|||||||||||||||F20
C50.912: Neoplasia maligna de localización no especificada de mama femenina izquierda|N63: Bulto no especificado de mama||F84.0: Trastorno autista|R41.9: Síntomas y signos no especificados que afectan a las funciones cognitivas y la conciencia|J44.9: Enfermedad pulmonar obstructiva crónica, no especificada|Z90.12: Ausencia adquirida de mama y pezón izquierdos|||||||||||||||F20
M84.552A: Fractura patológica en enfermedad neoplásica, fémur izquierdo, contacto inicial por fractura|S32.302A: Fractura no especificada de ilion izquierdo, contacto inicial por fractura cerrada|S32.602A: Fractura no especificada de isquion izquierdo, contacto inicial por fractura cerrada|S32.502A: Fractura de pubis izquierda, contacto inicial por fractura cerrada|W19.XXXA: Caída no especificada, contacto inicial|C79.51: Neoplasia maligna secundaria de hueso|C50.912: Neoplasia maligna de localización no especificada de mama femenina izquierda|I10: Hipertensión esencial (primaria)|E78.5: Hiperlipidemia, no especificada||F84.0: Trastorno autista|J44.9: Enfermedad pulmonar obstructiva crónica, no especificada|G47.33: Apnea obstructiva del sueño (del adulto) (pediátrica)|||||||||F20
J18.1: Neumonía lobar, microorganismo no especificado|Y95: Afección nosocomial|J96.21: Insuficiencia respiratoria aguda y crónica con hipoxia|J96.22: Insuficiencia respiratoria aguda y crónica con hipercapnia|J44.0: Enfermedad pulmonar obstructiva crónica con infección (aguda) de las vías respiratorias inferiores|C79.51: Neoplasia maligna secundaria de hueso|C50.912: Neoplasia maligna de localización no especificada de mama femenina izquierda|I10: Hipertensión esencial (primaria)|E78.5: Hiperlipidemia, no especificada|E66.2: Obesidad mórbida (severa) con hipoventilación alveolar||F84.0: Trastorno autista|G47.33: Apnea obstructiva del sueño (del adulto) (pediátrica)|Z90.12: Ausencia adquirida de mama y pezón izquierdos|Z90.12: Ausencia adquirida de mama y pezón izquierdos|F17.210: Dependencia de nicotina, cigarrillos, sin complicaciones|Z79.810: Uso prolongado (actual) de moduladores selectivos de receptores de estrógenos (SERMs)|Z74.1: Necesidad de asistencia con cuidado personal|Z59.3: Problemas relacionados con la vida en una institución residencial|Z99.81: Dependencia de oxígeno suplementario|Z99.89: Dependencia de otras máquinas y dispositivos de apoyo|F20
J44.0: Enfermedad pulmonar obstructiva crónica con infección (aguda) de las vías respiratorias inferiores|I11.0: Enfermedad cardíaca hipertensiva con insuficiencia cardiaca|I50.9: Insuficiencia cardiaca, no especificada|J96.11: Insuficiencia respiratoria crónica con hipoxia|J96.12: Insuficiencia respiratoria crónica con hipercapnia|N17.9: Fallo renal agudo, no especificado|D64.9: Anemia, no especificada|C79.51: Neoplasia maligna secundaria de hueso|C50.912: Neoplasia maligna de localización no especificada de mama femenina izquierda|E78.5: Hiperlipidemia, no especificada|E66.2: Obesidad mórbida (severa) con hipoventilación alveolar||F84.0: Trastorno autista|G47.33: Apnea obstructiva del sueño (del adulto) (pediátrica)|G47.33: Apnea obstructiva del sueño (del adulto) (pediátrica)|Z90.12: Ausencia adquirida de mama y pezón izquierdos|Z87.891: Historia personal de dependencia a nicotina|Z79.810: Uso prolongado (actual) de moduladores selectivos de receptores de estrógenos (SERMs)|Z74.1: Necesidad de asistencia con cuidado personal|Z59.3: Problemas relacionados con la vida en una institución residencial|Z99.81: Dependencia de oxígeno suplementario|F20
J20.9: Bronquitis aguda, no especificada|J44.1: Enfermedad pulmonar obstructiva crónica con exacerbación (aguda)|J96.20: Insuficiencia respiratoria aguda y crónica no especificada si con hipoxia o con hipercapnia|E66.2: Obesidad mórbida (severa) con hipoventilación alveolar|Z99.81: Dependencia de oxígeno suplementario|Z99.89: Dependencia de otras máquinas y dispositivos de apoyo|I10: Hipertensión esencial (primaria)||Z85.3: Historia personal de neoplasia maligna de mama|Z90.10: Ausencia adquirida de mama y pezón no especificados|Z59.3: Problemas relacionados con la vida en una institución residencial|Z87.891: Historia personal de dependencia a nicotina||||||||||F20
J44.1: Enfermedad pulmonar obstructiva crónica con exacerbación (aguda)|J96.20: Insuficiencia respiratoria aguda y crónica no especificada si con hipoxia o con hipercapnia|Z99.81: Dependencia de oxígeno suplementario|J18.9: Neumonía, microorganismo no especificado|E66.2: Obesidad mórbida (severa) con hipoventilación alveolar|Z99.89: Dependencia de otras máquinas y dispositivos de apoyo||I10: Hipertensión esencial (primaria)|Z85.3: Historia personal de neoplasia maligna de mama|Z90.10: Ausencia adquirida de mama y pezón no especificados|Z87.891: Historia personal de dependencia a nicotina|Z59.3: Problemas relacionados con la vida en una institución residencial||||||||||F20
F25.9: Trastorno esquizoafectivo, no especificado|Z63.5: Ruptura familiar por separación y divorcio|Z63.72: Alcoholismo y drogadicción en la familia|||||||||||||||||||F20
I48.91: Fibrilación auricular no especificada|I10: Hipertensión esencial (primaria)|I27.2: Otra hipertensión pulmonar secundaria|D50.9: Anemia ferropénica, no especificada||E78.4: Otros tipos de hiperlipidemia|Z87.11: Historia personal de enfermedad ulcerosa péptica|Z79.01: Uso prolongado (actual) de anticoagulantes|Z85.038: Historia personal de otra neoplasia maligna de intestino grueso|Z90.49: Ausencia adquirida de otras partes especificadas del tracto digestivo||||||||||||F20
K56.5: Adherencias [bridas] intestinales con obstrucción (posinfección)|J95.859: Otras complicaciones por el respirador [ventilador]|J18.9: Neumonía, microorganismo no especificado|E41: Marasmo nutricional||Z88.0: Estado de alergia a penicilina|Z59.3: Problemas relacionados con la vida en una institución residencial|||||||||||||||F20
S42.202A: Fractura no especificada de extremo superior de húmero izquierdo, contacto inicial por fractura cerrada|S42.302A: Fractura no especificada de diáfisis de húmero del brazo izquierdo, contacto inicial por fractura cerrada|W19.XXXA: Caída no especificada, contacto inicial|G20: Enfermedad de Parkinson||||||||||||||||||F20
S22.39XA: Fractura de una costilla, lado no especificado, contacto inicial por fractura cerrada|R74.0: Elevación inespecífica de niveles de transaminasas y lactato deshidrogenasa [LDH]||F79: Discapacidad intelectual no especificada|E11.9: Diabetes mellitus tipo 2 sin complicaciones|L40.0: Psoriasis vulgar|K76.0: Hígado graso (degeneración grasa) de hígado, no clasificado bajo otro concepto|||||||||||||||F20
C34.32: Neoplasia maligna de lóbulo inferior, bronquio o pulmón izquierdo|C78.01: Neoplasia maligna secundaria de pulmón derecho|C77.8: Neoplasia maligna secundaria y no especificada de ganglios linfáticos de regiones múltiples|I27.2: Otra hipertensión pulmonar secundaria|C67.9: Neoplasia maligna de vejiga, no especificada||Z59.3: Problemas relacionados con la vida en una institución residencial|||||||||||||||F20
I34.0: Insuficiencia (de la válvula) mitral no reumática|I25.10: Enfermedad cardiaca aterosclerótica de arteria coronaria nativa sin angina de pecho|I10: Hipertensión esencial (primaria)|E11.9: Diabetes mellitus tipo 2 sin complicaciones||H40.9: Glaucoma no especificado|F17.200: Dependencia de nicotina no especificada, sin complicaciones|||||||||||||||F20
I35.0: Estenosis (de la válvula) aórtica no reumática|I25.10: Enfermedad cardiaca aterosclerótica de arteria coronaria nativa sin angina de pecho|I10: Hipertensión esencial (primaria)|E11.9: Diabetes mellitus tipo 2 sin complicaciones|F17.200: Dependencia de nicotina no especificada, sin complicaciones||H40.9: Glaucoma no especificado|||||||||||||||F20
I50.9: Insuficiencia cardiaca, no especificada|J91.8: Derrame pleural en otras afecciones clasificadas bajo otro concepto|J18.9: Neumonía, microorganismo no especificado|E11.8: Diabetes mellitus tipo 2 con complicaciones no especificadas|F17.200: Dependencia de nicotina no especificada, sin complicaciones|I10: Hipertensión esencial (primaria)|||I35.0: Estenosis (de la válvula) aórtica no reumática|I25.5: Miocardiopatía isquémica|Z95.1: Presencia de injerto derivación aortocoronaria|Z95.2: Presencia de válvula cardiaca protésica|Z79.1: Uso prolongado (actual) de antiinflamatorios no esteroideos (AINES)|Z79.82: Uso prolongado (actual) de aspirina|Z79.82: Uso prolongado (actual) de aspirina|||||||F20
|Z04.6: Contacto para reconocimiento médico psiquiátrico general, solicitado por la autoridad|Z91.19: Incumplimiento del paciente con otro tratamiento y régimen médico|Z63.9: Problema relacionado con el grupo de apoyo primario, no especificado||||||||||||||||||F20
S06.360A: Hemorragia traumática de cerebro, no especificada, sin pérdida de conciencia, contacto inicial|S32.009A: Fractura no especificada de vértebra lumbar no especificada, contacto inicial por fractura cerrada|S22.20XA: Fractura no especificada de esternón, contacto inicial por fractura cerrada||I69.953: Hemiplejia y hemiparesia tras enfermedad cerebrovascular no especificada con afectación de lado derecho no dominante|I69.922: Disartria tras enfermedad cerebrovascular no especificada|F12.10: Abuso de cannabis, sin complicaciones|F17.200: Dependencia de nicotina no especificada, sin complicaciones||||||||||||||F20
K62.6: Úlcera de ano y de recto|K62.5: Hemorragia de ano y recto|D62: Anemia poshemorrágica aguda|R57.1: Shock hipovolémico|K31.819: Angiodisplasia de estómago y duodeno sin hemorragia|D50.9: Anemia ferropénica, no especificada|N18.3: Enfermedad renal crónica, estadio 3 (moderada)||I69.359: Hemiplejia y hemiparesia tras infarto cerebral con afectación de lado no especificado|I69.122: Disartria tras hemorragia intracerebral no traumática|Z79.02: Uso prolongado (actual) de antitrombóticos / antiplaquetarios|||||||||||F20
|Z59.3: Problemas relacionados con la vida en una institución residencial|Z87.891: Historia personal de dependencia a nicotina|||||||||||||||||||F20
|R63.0: Anorexia|Z87.891: Historia personal de dependencia a nicotina|Z59.3: Problemas relacionados con la vida en una institución residencial||||||||||||||||||F20
|Z04.6: Contacto para reconocimiento médico psiquiátrico general, solicitado por la autoridad|Z91.19: Incumplimiento del paciente con otro tratamiento y régimen médico|Z86.19: Historia personal de otras enfermedades infecciosas y parasitarias||||||||||||||||||F23
J44.1: Enfermedad pulmonar obstructiva crónica con exacerbación (aguda)||F41.9: Trastorno de ansiedad, no especificado|I10: Hipertensión esencial (primaria)|N40.0: Hiperplasia prostática benigna sin síntomas de tracto urinario inferior|F17.210: Dependencia de nicotina, cigarrillos, sin complicaciones||||||||||||||||F20
Z42.1: Contacto para reconstrucción mamaria después de mastectomía|Z85.3: Historia personal de neoplasia maligna de mama|Z90.12: Ausencia adquirida de mama y pezón izquierdos|J44.9: Enfermedad pulmonar obstructiva crónica, no especificada||E78.5: Hiperlipidemia, no especificada|Z90.710: Ausencia adquirida de ambos, de cuello uterino y de útero|Z90.722: Ausencia adquirida de ovarios, bilateral|Z88.8: Estado de alergia a otros fármacos, medicamentos y sustancias biológicas|Z91.048: Estado de alergia a otras sustancias no medicinales||||||||||||F20
Z42.1: Contacto para reconstrucción mamaria después de mastectomía|Z15.01: Susceptibilidad genética a neoplasia maligna de mama|Z90.10: Ausencia adquirida de mama y pezón no especificados|Z90.710: Ausencia adquirida de ambos, de cuello uterino y de útero|Z90.79: Ausencia adquirida de otro (-s) órgano (-s) genital (-es)||Z88.1: Estado de alergia a otros antibióticos|||||||||||||||F20
J96.20: Insuficiencia respiratoria aguda y crónica no especificada si con hipoxia o con hipercapnia|E87.2: Acidosis|E66.2: Obesidad mórbida (severa) con hipoventilación alveolar|F17.200: Dependencia de nicotina no especificada, sin complicaciones|J98.8: Otros trastornos respiratorios especificados||R30.1: Tenesmo vesical|E11.9: Diabetes mellitus tipo 2 sin complicaciones|F32.9: Trastorno depresivo mayor, episodio único, no especificado|Z59.3: Problemas relacionados con la vida en una institución residencial|Z87.442: Historia personal de cálculos urinarios|||||||||||F20
J96.20: Insuficiencia respiratoria aguda y crónica no especificada si con hipoxia o con hipercapnia|E87.2: Acidosis|E66.2: Obesidad mórbida (severa) con hipoventilación alveolar|J98.8: Otros trastornos respiratorios especificados|J44.9: Enfermedad pulmonar obstructiva crónica, no especificada||F43.0: Reacción aguda de estrés|F32.9: Trastorno depresivo mayor, episodio único, no especificado|F17.200: Dependencia de nicotina no especificada, sin complicaciones|Z59.3: Problemas relacionados con la vida en una institución residencial||||||||||||F20
L12.0: Penfigoide ampolloso|N17.9: Fallo renal agudo, no especificado|E11.22: Diabetes mellitus tipo 2 con nefropatía diabética crónica|I12.9: Enfermedad renal crónica hipertensiva con enfermedad renal crónica en estadio 1 a 4 o con enfermedad renal crónica no especificada|N18.9: Enfermedad renal crónica, no especificada|E78.5: Hiperlipidemia, no especificada||Z79.84: Uso prolongado (actual) de medicamentos hipoglucemiantes orales|Z59.3: Problemas relacionados con la vida en una institución residencial|||||||||||||F20
K52.9: Gastroenteritis y colitis no infecciosas, no especificadas|E11.649: Diabetes mellitus tipo 2 con hipoglucemia sin coma|E53.8: Carencia de otras vitaminas del grupo B especificadas|E11.22: Diabetes mellitus tipo 2 con nefropatía diabética crónica|I12.9: Enfermedad renal crónica hipertensiva con enfermedad renal crónica en estadio 1 a 4 o con enfermedad renal crónica no especificada|N18.2: Enfermedad renal crónica, estadio 2 (leve)|E78.5: Hiperlipidemia, no especificada||Z79.4: Uso prolongado (actual) de insulina|Z79.82: Uso prolongado (actual) de aspirina|Z74.3: Necesidad de supervisión continua|Z59.3: Problemas relacionados con la vida en una institución residencial||||||||||F20
|F12.10: Abuso de cannabis, sin complicaciones|Z63.5: Ruptura familiar por separación y divorcio|Z91.19: Incumplimiento del paciente con otro tratamiento y régimen médico|Z81.8: Historia familiar de otros trastornos mentales y del comportamiento|||||||||||||||||F20
|F60.3: Trastorno límite de personalidad|F13.188: Abuso de sedantes, hipnóticos o ansiolíticos con otro trastorno inducido por sedantes, hipnóticos o ansiolíticos|F10.19: Abuso de alcohol, con trastorno no especificado inducido por alcohol||||||||||||||||||F20
|F60.3: Trastorno límite de personalidad|Z91.19: Incumplimiento del paciente con otro tratamiento y régimen médico|F10.10: Abuso de alcohol, sin complicaciones|F18.10: Abuso de inhalantes, sin complicaciones|||||||||||||||||F20
|E03.9: Hipotiroidismo, no especificado|Z59.0: Persona sin hogar|Z04.6: Contacto para reconocimiento médico psiquiátrico general, solicitado por la autoridad|Z63.72: Alcoholismo y drogadicción en la familia|||||||||||||||||F20
K80.51: Cálculo de conducto biliar sin colangitis ni colecistitis, con obstrucción|E11.9: Diabetes mellitus tipo 2 sin complicaciones|D63.1: Anemia en enfermedad renal crónica||E78.4: Otros tipos de hiperlipidemia|||||||||||||||||F20
|G25.81: Síndrome de piernas inquietas||||||||||||||||||||F22
I21.3: Infarto agudo de miocardio con elevación de ST (IAMCEST) (IMEST) (STEMI) de localización no especificada|I31.9: Enfermedades del pericardio, no especificadas|J91.8: Derrame pleural en otras afecciones clasificadas bajo otro concepto|I31.4: Taponamiento cardiaco|J96.00: Insuficiencia respiratoria aguda no especificada si con hipoxia o con hipercapnia|K76.7: Síndrome hepatorrenal|E11.65: Diabetes mellitus tipo 2 con hiperglucemia|R78.81: Bacteriemia|N39.0: Infección de tracto urinario, localización no especificada|B96.20: Escherichia coli [E. coli] no especificado como causa de enfermedades clasificadas bajo otro concepto|B95.7: Otros estafilococos como causa de enfermedades clasificadas bajo otro concepto|I25.3: Aneurisma de corazón|J43.9: Enfisema, no especificado|||||||||F20
I21.02: Infarto agudo de miocardio con elevación de ST (IAMCEST) (IMEST) (STEMI) con implicación de arteria coronaria descendente anterior|I25.10: Enfermedad cardiaca aterosclerótica de arteria coronaria nativa sin angina de pecho|I25.84: Aterosclerosis coronaria debida a lesión coronaria calcificada|E11.9: Diabetes mellitus tipo 2 sin complicaciones|Z79.84: Uso prolongado (actual) de medicamentos hipoglucemiantes orales|F17.210: Dependencia de nicotina, cigarrillos, sin complicaciones|I73.9: Enfermedad vascular periférica, no especificada|||||||||||||||F25
A09: Gastroenteritis y colitis infecciosas, no especificadas|I10: Hipertensión esencial (primaria)|I34.0: Insuficiencia (de la válvula) mitral no reumática||F17.210: Dependencia de nicotina, cigarrillos, sin complicaciones|Z95.0: Presencia de marcapasos cardíaco|Z79.02: Uso prolongado (actual) de antitrombóticos / antiplaquetarios|||||||||||||||F20
|E66.9: Obesidad, no especificada|Z59.3: Problemas relacionados con la vida en una institución residencial|||||||||||||||||||F20
|R41.81: Deterioro cognitivo relacionado con la edad|Z91.11: Incumplimiento del paciente con el régimen dietético|||||||||||||||||||F25
|G25.0: Temblor esencial|E05.90: Tirotoxicosis, no especificada sin crisis tirotóxica ni tormenta tiroidea|E78.0: Hipercolesterolemia pura|Z04.6: Contacto para reconocimiento médico psiquiátrico general, solicitado por la autoridad|Z91.19: Incumplimiento del paciente con otro tratamiento y régimen médico||||||||||||||||F20
I63.50: Infarto cerebral debido a oclusión o estenosis no especificada de arteria cerebral no especificada|E11.9: Diabetes mellitus tipo 2 sin complicaciones|Z96.649: Presencia de articulación de cadera artificial, no especificada||G81.91: Hemiplejia no especificada que afecta a lado derecho dominante|||||||||||||||||F20
I34.0: Insuficiencia (de la válvula) mitral no reumática|I51.1: Rotura de cuerdas tendinosas, no clasificada bajo otro concepto|I36.0: Estenosis (de la válvula) tricuspídea no reumática|I27.2: Otra hipertensión pulmonar secundaria|I48.91: Fibrilación auricular no especificada|Z79.01: Uso prolongado (actual) de anticoagulantes||D50.9: Anemia ferropénica, no especificada|F17.200: Dependencia de nicotina no especificada, sin complicaciones|||||||||||||F20
|I10: Hipertensión esencial (primaria)|E78.4: Otros tipos de hiperlipidemia|Z88.1: Estado de alergia a otros antibióticos||||||||||||||||||F20
F70: Discapacidad intelectual leve|F19.99: Consumo de otra sustancia psicoactiva, no especificado, con trastorno no especificado inducido por sustancias psicoactivas|F12.10: Abuso de cannabis, sin complicaciones||E78.4: Otros tipos de hiperlipidemia|Z59.3: Problemas relacionados con la vida en una institución residencial||||||||||||||||F20
|F12.10: Abuso de cannabis, sin complicaciones||||||||||||||||||||F20
|Z59.3: Problemas relacionados con la vida en una institución residencial|E11.9: Diabetes mellitus tipo 2 sin complicaciones|I10: Hipertensión esencial (primaria)|E78.5: Hiperlipidemia, no especificada|D50.9: Anemia ferropénica, no especificada|Q43.8: Otras malformaciones congénitas especificadas del intestino|||||||||||||||F20
|E11.9: Diabetes mellitus tipo 2 sin complicaciones|I10: Hipertensión esencial (primaria)|D50.9: Anemia ferropénica, no especificada|H40.9: Glaucoma no especificado|Z59.3: Problemas relacionados con la vida en una institución residencial||||||||||||||||F20
J98.8: Otros trastornos respiratorios especificados|D50.9: Anemia ferropénica, no especificada|I10: Hipertensión esencial (primaria)|E11.9: Diabetes mellitus tipo 2 sin complicaciones||E66.9: Obesidad, no especificada|E78.4: Otros tipos de hiperlipidemia|Z59.3: Problemas relacionados con la vida en una institución residencial||||||||||||||F20
|E88.81: Síndrome metabólico|E11.9: Diabetes mellitus tipo 2 sin complicaciones|E78.4: Otros tipos de hiperlipidemia|E66.9: Obesidad, no especificada|Z68.34: Índice de masa corporal [IMC] 34.0-34.9, adulto|I10: Hipertensión esencial (primaria)|H40.9: Glaucoma no especificado|R78.89: Hallazgo de otras sustancias especificadas, que no se encuentran normalmente en sangre|Z59.3: Problemas relacionados con la vida en una institución residencial||||||||||||F20
Z49.01: Contacto para ajuste y mantenimiento de catéter de diálisis extracorpórea|N18.6: Enfermedad renal en estadio terminal|Z99.2: Dependencia de diálisis renal|E03.9: Hipotiroidismo, no especificado|J44.9: Enfermedad pulmonar obstructiva crónica, no especificada|||||||||||||||||F20
C78.7: Neoplasia maligna secundaria de hígado y vías biliares intrahepáticas|C78.6: Neoplasia maligna secundaria de retroperitoneo y peritoneo|C78.00: Neoplasia maligna secundaria de pulmón no especificado|Z85.42: Historia personal de neoplasia maligna de otras partes del útero|G89.3: Dolor (agudo) (crónico) relacionado con neoplasia|Z90.710: Ausencia adquirida de ambos, de cuello uterino y de útero|Z92.21: Historia personal de quimioterapia antineoplásica||Z87.891: Historia personal de dependencia a nicotina|Z51.5: Contacto para cuidados paliativos|Z88.6: Estado de alergia a analgésico|||||||||||F20
C50.819: Neoplasia maligna de localizaciones contiguas de mama femenina, lado no especificado|C77.3: Neoplasia maligna secundaria y no especificada de ganglios linfáticos de axila y extremidad superior|Z17.0: Estado de receptor de estrógeno positivo [RE+]||Z80.3: Historia familiar de neoplasia maligna de mama|||||||||||||||||F20
|F14.10: Abuso de cocaína, sin complicaciones||||||||||||||||||||F20
|F60.9: Trastorno de personalidad, no especificado|Z59.3: Problemas relacionados con la vida en una institución residencial|||||||||||||||||||F20
I63.50: Infarto cerebral debido a oclusión o estenosis no especificada de arteria cerebral no especificada|R47.1: Disartria y anartria|G81.91: Hemiplejia no especificada que afecta a lado derecho dominante|E11.9: Diabetes mellitus tipo 2 sin complicaciones||||||||||||||||||F20
|G25.89: Otros trastornos extrapiramidales y del movimiento especificados|Z81.8: Historia familiar de otros trastornos mentales y del comportamiento|||||||||||||||||||F20
T18.2XXA: Cuerpo extraño en estómago, contacto inicial||Z65.3: Problemas relacionados con otras circunstancias legales|||||||||||||||||||F20
S06.5X0A: Hemorragia subdural traumática sin pérdida de conciencia, contacto inicial||I10: Hipertensión esencial (primaria)|E11.9: Diabetes mellitus tipo 2 sin complicaciones|Z87.11: Historia personal de enfermedad ulcerosa péptica|Z79.01: Uso prolongado (actual) de anticoagulantes|Z59.3: Problemas relacionados con la vida en una institución residencial|||||||||||||||F20
F25.9: Trastorno esquizoafectivo, no especificado|Z81.8: Historia familiar de otros trastornos mentales y del comportamiento|Z91.19: Incumplimiento del paciente con otro tratamiento y régimen médico|||||||||||||||||||F20
F25.9: Trastorno esquizoafectivo, no especificado|E78.0: Hipercolesterolemia pura|R45.851: Ideaciones suicidas|F17.200: Dependencia de nicotina no especificada, sin complicaciones||||||||||||||||||F20
F60.1: Trastorno esquizoide de personalidad||Z59.0: Persona sin hogar|Z62.891: Rivalidad entre hermanos||||||||||||||||||F29
|C91.11: Leucemia linfocítica crónica de células B, en remisión|N39.0: Infección de tracto urinario, localización no especificada|F17.200: Dependencia de nicotina no especificada, sin complicaciones|Z04.6: Contacto para reconocimiento médico psiquiátrico general, solicitado por la autoridad|R73.09: Otros tipos de glucemia anormal||||||||||||||||F23
J18.9: Neumonía, microorganismo no especificado|T17.928A: Alimento en vías respiratorias, parte no especificada, que produce otras lesiones, contacto inicial||I10: Hipertensión esencial (primaria)|E03.9: Hipotiroidismo, no especificado|E04.2: Bocio multinodular no tóxico|Z59.3: Problemas relacionados con la vida en una institución residencial|||||||||||||||F20
J20.9: Bronquitis aguda, no especificada|I10: Hipertensión esencial (primaria)||F32.9: Trastorno depresivo mayor, episodio único, no especificado|N60.19: Mastopatía quística difusa de mama no especificada|E04.2: Bocio multinodular no tóxico|E03.9: Hipotiroidismo, no especificado|Z59.3: Problemas relacionados con la vida en una institución residencial||||||||||||||F20
|Z63.5: Ruptura familiar por separación y divorcio|Z04.6: Contacto para reconocimiento médico psiquiátrico general, solicitado por la autoridad|||||||||||||||||||F29
H26.9: Catarata no especificada||G31.84: Deterioro cognitivo leve de etiología incierta o desconocida|||||||||||||||||||F20
S82.201A: Fractura no especificada de diáfisis de tibia derecha, contacto inicial por fractura cerrada|W19.XXXA: Caída no especificada, contacto inicial|I10: Hipertensión esencial (primaria)|K40.90: Hernia inguinal unilateral, sin obstrucción ni gangrena, no especificada como recidivada||F17.200: Dependencia de nicotina no especificada, sin complicaciones||||||||||||||||F20
K40.90: Hernia inguinal unilateral, sin obstrucción ni gangrena, no especificada como recidivada|I10: Hipertensión esencial (primaria)||||||||||||||||||||F20
S72.102A: Fractura de trocánter no especificado de fémur izquierdo, contacto inicial por fractura cerrada|W19.XXXA: Caída no especificada, contacto inicial|F41.8: Otros trastornos de ansiedad especificados|||||||||||||||||||F20
K56.5: Adherencias [bridas] intestinales con obstrucción (posinfección)|K80.20: Cálculo de vesícula biliar sin colecistitis sin obstrucción|N28.1: Quiste de riñón, adquirido|I70.0: Aterosclerosis de aorta||G20: Enfermedad de Parkinson|Z90.3: Ausencia adquirida (de parte) del estómago|Z96.641: Presencia de articulación de cadera derecha artificial|Z59.3: Problemas relacionados con la vida en una institución residencial|||||||||||||F20
A41.9: Sepsis, microorganismo no especificado|J18.9: Neumonía, microorganismo no especificado|J96.91: Insuficiencia respiratoria no especificada, con hipoxia|E61.1: Carencia de hierro|E53.8: Carencia de otras vitaminas del grupo B especificadas|G20: Enfermedad de Parkinson||Z59.3: Problemas relacionados con la vida en una institución residencial|Z90.3: Ausencia adquirida (de parte) del estómago|||||||||||||F20
|Z63.5: Ruptura familiar por separación y divorcio||||||||||||||||||||F29
|F60.0: Trastorno de personalidad paranoide||||||||||||||||||||F25
L05.92: Sinus pilonidal sin absceso|E03.9: Hipotiroidismo, no especificado|K26.9: Úlcera duodenal, no especificada como aguda ni como crónica, sin hemorragia ni perforación|K44.9: Hernia diafragmática sin obstrucción ni gangrena||||||||||||||||||F20
I50.23: Insuficiencia cardiaca sistólica (congestiva), aguda sobre crónica|I25.2: Infarto de miocardio antiguo|I25.10: Enfermedad cardiaca aterosclerótica de arteria coronaria nativa sin angina de pecho|F17.210: Dependencia de nicotina, cigarrillos, sin complicaciones||I25.82: Oclusión total crónica de arteria coronaria|E66.3: Sobrepeso|||||||||||||||F20
|T18.2XXA: Cuerpo extraño en estómago, contacto inicial|Z65.3: Problemas relacionados con otras circunstancias legales|||||||||||||||||||F20
S82.892A: Otra fractura de pierna izquierda, contacto inicial por fractura cerrada|X58.XXXA: Exposición a otros factores especificados, contacto inicial||||||||||||||||||||F20
|F13.20: Dependencia de sedantes, hipnóticos o ansiolíticos, sin complicaciones||||||||||||||||||||F23
I63.532: Infarto cerebral debido a oclusión o estenosis no especificada de arteria cerebral posterior izquierda|R47.1: Disartria y anartria|G81.94: Hemiplejia no especificada que afecta a lado izquierdo no dominante|R20.1: Hipoestesia cutánea|H53.462: Defectos de campos homónimos bilaterales, lado izquierdo|Z72.0: Consumo de tabaco||||||||||||||||F20
T42.4X2A: Envenenamiento por benzodiacepinas, autolesión intencionada, contacto inicial||F29: Psicosis no especificada no debida a sustancia o afección fisiológica conocidas|M62.82: Rabdomiolisis|J69.0: Neumonitis debida a inhalación de alimentos y vómito|J96.90: Insuficiencia respiratoria no especificada, sin especificar si con hipoxia o con hipercapnia|R40.20: Coma no especificado|T43.605A: Efecto adverso de psicoestimulantes no especificados, contacto inicial||||||||||||||F20
E11.621: Diabetes mellitus tipo 2 con úlcera en pie|L97.529: Úlcera crónica no debida a presión de otra parte de pie izquierdo, de gravedad no especificada|T81.4XXA: T81.4XXA|B95.7: Otros estafilococos como causa de enfermedades clasificadas bajo otro concepto|B96.89: Otros agentes bacterianos como causa de enfermedades clasificadas bajo otro concepto|E11.319: Diabetes mellitus tipo 2 con retinopatía diabética no especificada sin edema macular|I10: Hipertensión esencial (primaria)|E66.9: Obesidad, no especificada||E78.5: Hiperlipidemia, no especificada||||||||||||F20
|E78.5: Hiperlipidemia, no especificada|I10: Hipertensión esencial (primaria)|||||||||||||||||||F22
|I10: Hipertensión esencial (primaria)|Z04.6: Contacto para reconocimiento médico psiquiátrico general, solicitado por la autoridad|||||||||||||||||||F20
D50.0: Anemia ferropénica secundaria a pérdida de sangre (crónica)|K92.2: Hemorragia gastrointestinal, no especificada||F03.90: Demencia no especificada, gravedad no especificada, sin alteración del comportamiento, alteración psicótica, alteración del estado de ánimo ni ansiedad|Z74.3: Necesidad de supervisión continua|Z59.3: Problemas relacionados con la vida en una institución residencial||||||||||||||||F20
|E11.9: Diabetes mellitus tipo 2 sin complicaciones|E66.01: Obesidad mórbida (severa) por exceso de calorías|I10: Hipertensión esencial (primaria)|Z81.8: Historia familiar de otros trastornos mentales y del comportamiento|||||||||||||||||F20
|I10: Hipertensión esencial (primaria)|E11.9: Diabetes mellitus tipo 2 sin complicaciones|E66.01: Obesidad mórbida (severa) por exceso de calorías||||||||||||||||||F20
S09.90XA: Traumatismo no especificado de la cabeza, contacto inicial|W19.XXXA: Caída no especificada, contacto inicial|J98.8: Otros trastornos respiratorios especificados|J96.90: Insuficiencia respiratoria no especificada, sin especificar si con hipoxia o con hipercapnia|K59.00: Estreñimiento, no especificado|I50.9: Insuficiencia cardiaca, no especificada||||||||||||||||F20
|Z86.19: Historia personal de otras enfermedades infecciosas y parasitarias|Z65.1: Prisión y otros tipos de encarcelamiento|||||||||||||||||||F25
|B18.2: Hepatitis vírica crónica tipo C|Z59.3: Problemas relacionados con la vida en una institución residencial|F19.21: Dependencia de otra sustancia psicoactiva, en remisión||||||||||||||||||F29
S72.101A: Fractura de trocánter no especificado de fémur derecho, contacto inicial por fractura cerrada|W19.XXXA: Caída no especificada, contacto inicial|E11.9: Diabetes mellitus tipo 2 sin complicaciones||F09: Trastorno mental no especificado debido a afección fisiológica conocida|||||||||||||||||F20
C18.7: Neoplasia maligna de colon sigmoide|C77.2: Neoplasia maligna secundaria y no especificada de ganglios linfáticos intraabdominales||||||||||||||||||||F20
I26.99: Otra embolia pulmonar sin cor pulmonale agudo|C18.7: Neoplasia maligna de colon sigmoide|C78.6: Neoplasia maligna secundaria de retroperitoneo y peritoneo|C78.7: Neoplasia maligna secundaria de hígado y vías biliares intrahepáticas|E78.5: Hiperlipidemia, no especificada|J45.909: Asma no especificada, sin complicaciones|I99.8: Otros trastornos de aparato circulatorio||F17.200: Dependencia de nicotina no especificada, sin complicaciones|Z90.49: Ausencia adquirida de otras partes especificadas del tracto digestivo|Z92.21: Historia personal de quimioterapia antineoplásica|Z59.3: Problemas relacionados con la vida en una institución residencial||||||||||F20
|F60.5: Trastorno de personalidad obsesivo-compulsivo||||||||||||||||||||F29
|Z60.2: Problemas relacionados con vivir solo||||||||||||||||||||F22
|Z59.0: Persona sin hogar|Z63.8: Otros problemas especificados relacionados con el grupo de apoyo primario|Z04.6: Contacto para reconocimiento médico psiquiátrico general, solicitado por la autoridad|Z63.5: Ruptura familiar por separación y divorcio|Z21: Estado de infección asintomática por virus de inmunodeficiencia humana [VIH]||||||||||||||||F29
|B18.1: Hepatitis vírica crónica tipo B, sin agente delta||||||||||||||||||||F20
K80.00: Cálculo de vesícula biliar con colecistitis aguda sin obstrucción||F79: Discapacidad intelectual no especificada|Z59.3: Problemas relacionados con la vida en una institución residencial||||||||||||||||||F20
N45.3: Orquiepididimitis|||||||||||||||||||||F20
|F60.3: Trastorno límite de personalidad|Z63.5: Ruptura familiar por separación y divorcio|Z59.0: Persona sin hogar|T54.3X2A: Efecto tóxico de álcalis corrosivos y sustancias similares a álcalis, autolesión intencionada, contacto inicial|||||||||||||||||F25
T42.4X2A: Envenenamiento por benzodiacepinas, autolesión intencionada, contacto inicial|F31.30: Trastorno bipolar, episodio actual depresivo, gravedad leve o moderada, no especificado||F60.2: Trastorno de personalidad antisocial|F14.21: Dependencia de cocaína, en remisión|F12.21: Dependencia de cannabis, en remisión|F11.21: Dependencia de opiáceos, en remisión|F10.21: Dependencia de alcohol, en remisión|B19.20: Hepatitis vírica C no especificada, sin coma hepático|Z86.73: Historia personal de ataque isquémico transitorio (AIT) e infarto cerebral sin déficits residuales|Z79.82: Uso prolongado (actual) de aspirina|Z81.1: Historia familiar de abuso y dependencia al alcohol|Z59.3: Problemas relacionados con la vida en una institución residencial|||||||||F20
F31.10: Trastorno bipolar, episodio actual maníaco, sin rasgos psicóticos, no especificado|F60.2: Trastorno de personalidad antisocial||F14.21: Dependencia de cocaína, en remisión|F11.21: Dependencia de opiáceos, en remisión|F12.21: Dependencia de cannabis, en remisión|F10.21: Dependencia de alcohol, en remisión|B18.2: Hepatitis vírica crónica tipo C|Z59.3: Problemas relacionados con la vida en una institución residencial|Z79.82: Uso prolongado (actual) de aspirina|Z86.73: Historia personal de ataque isquémico transitorio (AIT) e infarto cerebral sin déficits residuales|||||||||||F20
J22: Infección aguda del tracto respiratorio inferior, no especificada|S06.5X9A: Hemorragia subdural traumática, con pérdida de conciencia de duración no especificada, contacto inicial|W18.30XA: Caída en el mismo nivel, no especificada, contacto inicial|Y92.129: Lugar no especificado en residencia de ancianos como lugar del acontecimiento de la causa externa|I10: Hipertensión esencial (primaria)|E11.9: Diabetes mellitus tipo 2 sin complicaciones|E78.5: Hiperlipidemia, no especificada|D68.0: Enfermedad de von Willebrand|M81.0: Osteoporosis relacionada con la edad, sin fractura patológica actual|K55.9: Trastorno vascular de intestino, no especificado|K81.9: Colecistitis, no especificada||Z98.41: Estado de extracción de catarata, ojo derecho|Z98.42: Estado de extracción de catarata, ojo izquierdo|Z98.42: Estado de extracción de catarata, ojo izquierdo|Z59.3: Problemas relacionados con la vida en una institución residencial||||||F20
K55.9: Trastorno vascular de intestino, no especificado|N17.9: Fallo renal agudo, no especificado|I11.0: Enfermedad cardíaca hipertensiva con insuficiencia cardiaca|I50.9: Insuficiencia cardiaca, no especificada|I48.91: Fibrilación auricular no especificada|J96.10: Insuficiencia respiratoria crónica no especificada si con hipoxia o con hipercapnia|Z99.81: Dependencia de oxígeno suplementario|J45.909: Asma no especificada, sin complicaciones|E11.9: Diabetes mellitus tipo 2 sin complicaciones|Z79.84: Uso prolongado (actual) de medicamentos hipoglucemiantes orales||E78.5: Hiperlipidemia, no especificada|D68.0: Enfermedad de von Willebrand|M81.0: Osteoporosis relacionada con la edad, sin fractura patológica actual|M81.0: Osteoporosis relacionada con la edad, sin fractura patológica actual|Z98.49: Estado de extracción de catarata, ojo no especificado|Z96.641: Presencia de articulación de cadera derecha artificial|Z59.3: Problemas relacionados con la vida en una institución residencial||||F20
N39.0: Infección de tracto urinario, localización no especificada|R41.0: Desorientación, no especificada||H44.113: Panuveítis, bilateral|H54.62: Pérdida de visión sin calificar, ojo izquierdo, visión normal en ojo derecho|M35.9: Afectación sistémica de tejido conectivo, no especificada|G21.19: Parkinsonismo secundario inducido por otros fármacos|E66.9: Obesidad, no especificada|Z88.1: Estado de alergia a otros antibióticos|Z59.3: Problemas relacionados con la vida en una institución residencial||||||||||||F29
|F60.89: Otros tipos de trastornos específicos de personalidad|Z81.8: Historia familiar de otros trastornos mentales y del comportamiento|G40.909: Epilepsia, no especificada, no intratable, sin estado de mal epiléptico|Z85.72: Historia personal de linfomas no Hodgkin|Z92.21: Historia personal de quimioterapia antineoplásica|Z92.3: Historia personal de irradiación|Z94.81: Estado de trasplante de médula ósea||||||||||||||F25
||F70: Discapacidad intelectual leve|E66.01: Obesidad mórbida (severa) por exceso de calorías|K59.09: Otros tipos de estreñimiento|||||||||||||||||F20
|F14.20: Dependencia de cocaína, sin complicaciones|F12.21: Dependencia de cannabis, en remisión|F15.21: Dependencia de otro estimulante, en remisión|F16.21: Dependencia de alucinógenos, en remisión|J45.909: Asma no especificada, sin complicaciones|E78.5: Hiperlipidemia, no especificada|||||||||||||||F20
K81.0: Colecistitis aguda|||||||||||||||||||||F20
I61.5: Hemorragia intracerebral no traumática, intraventricular|Q28.2: Malformación arteriovenosa de los vasos cerebrales|J95.811: Neumotórax posprocedimiento|Y83.6: Extirpación de otro órgano (parcial) (total) como causa de reacción anormal del paciente o de complicación posterior, sin mención de evento adverso en el momento del procedimiento|G93.6: Edema cerebral|I10: Hipertensión esencial (primaria)||||||||||||||||F20
I25.110: Enfermedad cardiaca aterosclerótica de arteria coronaria nativa con angina de pecho inestable|F17.210: Dependencia de nicotina, cigarrillos, sin complicaciones|M06.9: Artritis reumatoide no especificada|||||||||||||||||||F20
I74.3: Embolia y trombosis de arterias de los miembros inferiores|I72.4: Aneurisma de arteria de extremidad inferior||||||||||||||||||||F20
D33.0: Neoplasia benigna de cerebro, supratentorial|G96.0: Fuga de líquido cefalorraquídeo|G93.89: Otros trastornos especificados del cerebro||F17.210: Dependencia de nicotina, cigarrillos, sin complicaciones|||||||||||||||||F20
|F07.0: Alteración de personalidad debida a afección fisiológica conocida|F70: Discapacidad intelectual leve|H91.90: Pérdida de audición no especificada, oído no especificado|G40.909: Epilepsia, no especificada, no intratable, sin estado de mal epiléptico|||||||||||||||||F29
S00.83XA: Contusión de otra parte de la cabeza, contacto inicial|S52.509A: Fractura no especificada de extremo inferior de radio no especificado, contacto inicial por fractura cerrada|X58.XXXA: Exposición a otros factores especificados, contacto inicial|C90.00: Mieloma múltiple, sin haber alcanzado remisión||Z59.3: Problemas relacionados con la vida en una institución residencial|Z79.82: Uso prolongado (actual) de aspirina|||||||||||||||F20
F29: Psicosis no especificada no debida a sustancia o afección fisiológica conocidas|||||||||||||||||||||F25
|Z86.19: Historia personal de otras enfermedades infecciosas y parasitarias|Z65.1: Prisión y otros tipos de encarcelamiento|||||||||||||||||||F29
C22.0: Carcinoma de células hepáticas|B18.2: Hepatitis vírica crónica tipo C|K74.69: Otras cirrosis de hígado||F10.21: Dependencia de alcohol, en remisión|F17.210: Dependencia de nicotina, cigarrillos, sin complicaciones||||||||||||||||F20
|F12.10: Abuso de cannabis, sin complicaciones|G80.1: Parálisis cerebral espástica dipléjica|||||||||||||||||||F29
K80.00: Cálculo de vesícula biliar con colecistitis aguda sin obstrucción||J45.909: Asma no especificada, sin complicaciones|F17.210: Dependencia de nicotina, cigarrillos, sin complicaciones||||||||||||||||||F20
A41.51: Sepsis por Escherichia coli [E. coli]|N39.0: Infección de tracto urinario, localización no especificada|B96.20: Escherichia coli [E. coli] no especificado como causa de enfermedades clasificadas bajo otro concepto|I10: Hipertensión esencial (primaria)|E78.5: Hiperlipidemia, no especificada|E11.9: Diabetes mellitus tipo 2 sin complicaciones|F17.210: Dependencia de nicotina, cigarrillos, sin complicaciones||Z79.84: Uso prolongado (actual) de medicamentos hipoglucemiantes orales|||||||||||||F20
S72.101A: Fractura de trocánter no especificado de fémur derecho, contacto inicial por fractura cerrada|W19.XXXA: Caída no especificada, contacto inicial|F03.90: Demencia no especificada, gravedad no especificada, sin alteración del comportamiento, alteración psicótica, alteración del estado de ánimo ni ansiedad|I10: Hipertensión esencial (primaria)||K58.9: Síndrome de intestino irritable sin diarrea|N39.0: Infección de tracto urinario, localización no especificada|Z90.49: Ausencia adquirida de otras partes especificadas del tracto digestivo||||||||||||||F22
I21.11: Infarto agudo de miocardio con elevación de ST (IAMCEST) (IMEST) (STEMI) con implicación de arteria coronaria derecha|I25.10: Enfermedad cardiaca aterosclerótica de arteria coronaria nativa sin angina de pecho|I24.1: Síndrome de Dressler|I31.3: Derrame pericárdico (no inflamatorio)|R73.03: Prediabetes|I25.41: Aneurisma de arteria coronaria|F17.210: Dependencia de nicotina, cigarrillos, sin complicaciones|||||||||||||||F20
I63.412: Infarto cerebral debido a embolia de arteria cerebral media izquierda|R47.01: Afasia|G81.91: Hemiplejia no especificada que afecta a lado derecho dominante|R29.723: Puntuación NIHSS 23|R13.10: Disfagia, no especificada|I48.2: Fibrilación auricular crónica|F32.9: Trastorno depresivo mayor, episodio único, no especificado||M15.0: Artrosis primaria generalizada|L30.9: Dermatitis, no especificada||||||||||||F20
|Z91.19: Incumplimiento del paciente con otro tratamiento y régimen médico|Z81.8: Historia familiar de otros trastornos mentales y del comportamiento|||||||||||||||||||F29
T83.511A: Infección y reacción inflamatoria debidas a catéter uretral permanente, contacto inicial|N39.0: Infección de tracto urinario, localización no especificada|Y84.6: Cateterismo urinario como causa de reacción anormal del paciente o de complicación posterior, sin mención de evento adverso en el momento del procedimiento|R33.9: Retención urinaria, no especificada|Z96.0: Presencia de implantes urogenitales||Z59.3: Problemas relacionados con la vida en una institución residencial|||||||||||||||F20
I21.4: Infarto agudo de miocardio sin elevación de ST (IAMSEST) (IMNEST) (NSTEMI)|I25.10: Enfermedad cardiaca aterosclerótica de arteria coronaria nativa sin angina de pecho|I25.2: Infarto de miocardio antiguo|I34.0: Insuficiencia (de la válvula) mitral no reumática|I51.89: Otras enfermedades mal definidas cardiacas|I22.9: Infarto agudo de miocardio subsiguiente con elevación de ST (IAMCEST) (IMEST) (STEMI) de localización no especificada|I48.91: Fibrilación auricular no especificada|I10: Hipertensión esencial (primaria)|E11.9: Diabetes mellitus tipo 2 sin complicaciones|E66.9: Obesidad, no especificada|F17.210: Dependencia de nicotina, cigarrillos, sin complicaciones||N40.0: Hiperplasia prostática benigna sin síntomas de tracto urinario inferior|||||||||F20
C83.33: Linfoma difuso de células B grandes, ganglios linfáticos intraabdominales|N13.30: Hidronefrosis no especificadas|B25.8: Otras enfermedades por citomegalovirus|A09: Gastroenteritis y colitis infecciosas, no especificadas|R65.11: Síndrome de respuesta inflamatoria sistémica (SIRS) de origen no infeccioso con disfunción orgánica aguda|N17.9: Fallo renal agudo, no especificado|R57.1: Shock hipovolémico||E43: Malnutrición calórico-proteica grave no especificada|||||||||||||F20
L05.92: Sinus pilonidal sin absceso|L73.2: Hidradenitis supurativa||||||||||||||||||||F20
I26.99: Otra embolia pulmonar sin cor pulmonale agudo|I82.401: Embolia y trombosis agudas de venas profundas no especificadas de extremidad inferior derecha|J96.00: Insuficiencia respiratoria aguda no especificada si con hipoxia o con hipercapnia|D50.0: Anemia ferropénica secundaria a pérdida de sangre (crónica)|M79.81: Hematoma no traumático de tejidos blandos|T80.89XA: Otras complicaciones después de infusión, transfusión e inyección terapéutica, contacto inicial|N39.0: Infección de tracto urinario, localización no especificada|K56.2: Vólvulo|P11.2: Daño cerebral no especificado debido a traumatismo del nacimiento|F79: Discapacidad intelectual no especificada||Z87.898: Historia personal de otras afecciones especificadas||||||||||F20
I21.11: Infarto agudo de miocardio con elevación de ST (IAMCEST) (IMEST) (STEMI) con implicación de arteria coronaria derecha|I25.10: Enfermedad cardiaca aterosclerótica de arteria coronaria nativa sin angina de pecho|I48.0: Fibrilación paroxística auricular|I10: Hipertensión esencial (primaria)|E78.5: Hiperlipidemia, no especificada|E66.9: Obesidad, no especificada||||||||||||||||F20
J44.1: Enfermedad pulmonar obstructiva crónica con exacerbación (aguda)|L03.116: Celulitis de extremidad inferior izquierda||I87.2: Insuficiencia venosa (crónica) (periférica)|E66.9: Obesidad, no especificada|Z86.718: Historia personal de otro tipo de trombosis y embolia venosas||||||||||||||||F20
|F71: Discapacidad intelectual moderada||||||||||||||||||||F20
R04.2: Hemoptisis|J47.1: Bronquiectasias con exacerbación (aguda)|I48.91: Fibrilación auricular no especificada|I47.2: Taquicardia ventricular|J84.111: Neumonía intersticial idiopática, no especificada de otro modo|K44.9: Hernia diafragmática sin obstrucción ni gangrena||Z87.891: Historia personal de dependencia a nicotina||||||||||||||F22
|F22: Trastornos delirantes|Z60.2: Problemas relacionados con vivir solo|Z63.8: Otros problemas especificados relacionados con el grupo de apoyo primario||||||||||||||||||F20
|R55: Síncope y colapso|T43.595A: Efecto adverso de otros antipsicóticos y neurolépticos, contacto inicial|||||||||||||||||||F20
|F12.10: Abuso de cannabis, sin complicaciones|Z81.8: Historia familiar de otros trastornos mentales y del comportamiento|||||||||||||||||||F29
F34.1: Trastorno distímico|F41.1: Trastorno de ansiedad generalizada||||||||||||||||||||F22
|Z91.19: Incumplimiento del paciente con otro tratamiento y régimen médico|Z81.3: Historia familiar de abuso y dependencia a otras sustancias psicoactivas|Z88.6: Estado de alergia a analgésico||||||||||||||||||F20
L03.211: Celulitis de cara|S09.91XA: Traumatismo no especificado del oído, contacto inicial|X58.XXXA: Exposición a otros factores especificados, contacto inicial|||||||||||||||||||F20
N39.0: Infección de tracto urinario, localización no especificada|B96.20: Escherichia coli [E. coli] no especificado como causa de enfermedades clasificadas bajo otro concepto|F44.89: Otros tipos de trastornos disociativos y de conversión|F79: Discapacidad intelectual no especificada|Z60.9: Problema relacionado con el ambiente social, no especificado||F41.9: Trastorno de ansiedad, no especificado|||||||||||||||F29
|R45.6: Comportamiento violento|R78.81: Bacteriemia|B95.61: Infección por Staphylococcus aureus sensible a meticilina como causa de enfermedades clasificadas bajo otro concepto|R55: Síncope y colapso|I34.0: Insuficiencia (de la válvula) mitral no reumática||||||||||||||||F20
|T43.96XA: Infradosificación de fármacos psicótropos no especificado, contacto inicial|Z91.14: Otro incumplimiento del paciente de la prescripción médica|F71: Discapacidad intelectual moderada|I10: Hipertensión esencial (primaria)|E78.5: Hiperlipidemia, no especificada|R73.01: Glucemia basal alterada|Z80.0: Historia familiar de neoplasia maligna de órganos digestivos|Z82.3: Historia familiar de ictus|||||||||||||F20
|F71: Discapacidad intelectual moderada|Z04.6: Contacto para reconocimiento médico psiquiátrico general, solicitado por la autoridad|Z91.19: Incumplimiento del paciente con otro tratamiento y régimen médico|I10: Hipertensión esencial (primaria)|E78.9: Trastorno del metabolismo de las lipoproteínas, no especificado|Z82.3: Historia familiar de ictus|||||||||||||||F20
|E11.9: Diabetes mellitus tipo 2 sin complicaciones|I67.2: Aterosclerosis cerebral|||||||||||||||||||F20
|E11.9: Diabetes mellitus tipo 2 sin complicaciones|Z91.19: Incumplimiento del paciente con otro tratamiento y régimen médico|||||||||||||||||||F20
K20.9: Esofagitis, no especificada|K29.60: Otros tipos de gastritis sin hemorragia|T54.3X2A: Efecto tóxico de álcalis corrosivos y sustancias similares a álcalis, autolesión intencionada, contacto inicial|J69.0: Neumonitis debida a inhalación de alimentos y vómito|J96.00: Insuficiencia respiratoria aguda no especificada si con hipoxia o con hipercapnia||I10: Hipertensión esencial (primaria)|E03.9: Hipotiroidismo, no especificado|E66.9: Obesidad, no especificada|E78.5: Hiperlipidemia, no especificada||||||||||||F20
|E03.9: Hipotiroidismo, no especificado|N39.0: Infección de tracto urinario, localización no especificada|Z81.8: Historia familiar de otros trastornos mentales y del comportamiento|Z04.6: Contacto para reconocimiento médico psiquiátrico general, solicitado por la autoridad|||||||||||||||||F20
F25.9: Trastorno esquizoafectivo, no especificado|F12.10: Abuso de cannabis, sin complicaciones|Z56.0: Desempleo, no especificado|Z63.79: Otros acontecimientos de la vida que generan estrés en la familia y el hogar|Z91.19: Incumplimiento del paciente con otro tratamiento y régimen médico|||||||||||||||||F20
O99.341: Otros trastornos mentales que complican el embarazo, primer trimestre|F25.9: Trastorno esquizoafectivo, no especificado|F43.20: Trastorno adaptativo, no especificado|Z91.19: Incumplimiento del paciente con otro tratamiento y régimen médico||||||||||||||||||F20
T17.908A: Cuerpo extraño no especificado en vías respiratorias, parte no especificada, que produce otras lesiones, contacto inicial|J96.00: Insuficiencia respiratoria aguda no especificada si con hipoxia o con hipercapnia|E11.649: Diabetes mellitus tipo 2 con hipoglucemia sin coma|Z79.4: Uso prolongado (actual) de insulina|I10: Hipertensión esencial (primaria)|E78.5: Hiperlipidemia, no especificada|I70.209: Aterosclerosis no especificada de arterias nativas de las extremidades, extremidad no especificada|K40.90: Hernia inguinal unilateral, sin obstrucción ni gangrena, no especificada como recidivada|F10.20: Dependencia de alcohol, sin complicaciones|F32.9: Trastorno depresivo mayor, episodio único, no especificado||Z88.0: Estado de alergia a penicilina|Z59.3: Problemas relacionados con la vida en una institución residencial|Z85.828: Historia personal de otras neoplasias malignas de piel|Z85.828: Historia personal de otras neoplasias malignas de piel|Z86.11: Historia personal de tuberculosis|Z89.511: Ausencia adquirida de pierna derecha por debajo de la rodilla|||||F29
|F60.9: Trastorno de personalidad, no especificado|I10: Hipertensión esencial (primaria)|E78.1: Hipergliceridemia pura|Z81.8: Historia familiar de otros trastornos mentales y del comportamiento|Z60.2: Problemas relacionados con vivir solo||||||||||||||||F22
K85.9: Pancreatitis aguda, no especificada|N17.9: Fallo renal agudo, no especificado|K80.20: Cálculo de vesícula biliar sin colecistitis sin obstrucción|K44.9: Hernia diafragmática sin obstrucción ni gangrena|E11.9: Diabetes mellitus tipo 2 sin complicaciones||E78.4: Otros tipos de hiperlipidemia|||||||||||||||F20
|Z91.19: Incumplimiento del paciente con otro tratamiento y régimen médico|J45.909: Asma no especificada, sin complicaciones|Z60.2: Problemas relacionados con vivir solo||||||||||||||||||F29
I48.91: Fibrilación auricular no especificada|J98.8: Otros trastornos respiratorios especificados|J96.20: Insuficiencia respiratoria aguda y crónica no especificada si con hipoxia o con hipercapnia|I10: Hipertensión esencial (primaria)||G82.50: Tetraplejia, no especificada|S14.109S: Traumatismo no especificado a nivel no especificado de médula espinal cervical, secuela|N28.1: Quiste de riñón, adquirido|K76.0: Hígado graso (degeneración grasa) de hígado, no clasificado bajo otro concepto|K56.41: Impactación fecal|Z79.82: Uso prolongado (actual) de aspirina|Z59.3: Problemas relacionados con la vida en una institución residencial||||||||||F20
N39.0: Infección de tracto urinario, localización no especificada|B96.1: Klebsiella pneumoniae [K. pneumoniae] como causa de enfermedades clasificadas bajo otro concepto||G82.50: Tetraplejia, no especificada|I48.91: Fibrilación auricular no especificada|Z79.01: Uso prolongado (actual) de anticoagulantes|K44.9: Hernia diafragmática sin obstrucción ni gangrena|K76.0: Hígado graso (degeneración grasa) de hígado, no clasificado bajo otro concepto|E66.9: Obesidad, no especificada|Z59.3: Problemas relacionados con la vida en una institución residencial||||||||||||F20
|T42.1X1A: Envenenamiento por iminostilbenos, accidental (no intencionado), contacto inicial|G25.0: Temblor esencial|K92.0: Hematemesis|K20.9: Esofagitis, no especificada|K44.9: Hernia diafragmática sin obstrucción ni gangrena|Z04.6: Contacto para reconocimiento médico psiquiátrico general, solicitado por la autoridad|Z81.8: Historia familiar de otros trastornos mentales y del comportamiento||||||||||||||F20
S72.043A: Fractura desplazada de base del cuello de fémur no especificado, contacto inicial por fractura cerrada|||||||||||||||||||||F20
S72.043A: Fractura desplazada de base del cuello de fémur no especificado, contacto inicial por fractura cerrada|I10: Hipertensión esencial (primaria)|E11.9: Diabetes mellitus tipo 2 sin complicaciones|K74.0: Fibrosis hepática|I85.10: Varices esofágicas secundarias sin hemorragia||Z88.0: Estado de alergia a penicilina|||||||||||||||F20
K85.9: Pancreatitis aguda, no especificada|E11.69: Diabetes mellitus tipo 2 con otra complicación especificada|E11.618: Diabetes mellitus tipo 2 con otra artropatía diabética|N17.9: Fallo renal agudo, no especificado||F17.200: Dependencia de nicotina no especificada, sin complicaciones||||||||||||||||F20
K35.3: Apendicitis aguda con peritonitis localizada||I10: Hipertensión esencial (primaria)|||||||||||||||||||F20
F31.9: Trastorno bipolar, no especificado||F60.9: Trastorno de personalidad, no especificado|G82.20: Paraplejia, no especificada|N31.9: Disfunción neuromuscular de vejiga, no especificada|S34.109S: Traumatismo no especificado a nivel no especificado de médula espinal lumbar, secuela|Z89.202: Ausencia adquirida de extremidad superior izquierda, nivel no especificado|K50.90: Enfermedad de Crohn, no especificada, sin complicaciones|Z59.3: Problemas relacionados con la vida en una institución residencial|Z91.19: Incumplimiento del paciente con otro tratamiento y régimen médico||||||||||||F25
|F60.9: Trastorno de personalidad, no especificado|Z04.6: Contacto para reconocimiento médico psiquiátrico general, solicitado por la autoridad|Z91.19: Incumplimiento del paciente con otro tratamiento y régimen médico|Z59.3: Problemas relacionados con la vida en una institución residencial|G82.20: Paraplejia, no especificada|N31.9: Disfunción neuromuscular de vejiga, no especificada|S34.109S: Traumatismo no especificado a nivel no especificado de médula espinal lumbar, secuela|K50.90: Enfermedad de Crohn, no especificada, sin complicaciones|Z89.202: Ausencia adquirida de extremidad superior izquierda, nivel no especificado||||||||||||F25
A41.51: Sepsis por Escherichia coli [E. coli]|N39.0: Infección de tracto urinario, localización no especificada|B96.20: Escherichia coli [E. coli] no especificado como causa de enfermedades clasificadas bajo otro concepto|I12.9: Enfermedad renal crónica hipertensiva con enfermedad renal crónica en estadio 1 a 4 o con enfermedad renal crónica no especificada|N18.9: Enfermedad renal crónica, no especificada|E78.5: Hiperlipidemia, no especificada|G40.909: Epilepsia, no especificada, no intratable, sin estado de mal epiléptico|N47.1: Fimosis||F09: Trastorno mental no especificado debido a afección fisiológica conocida|G31.9: Enfermedad degenerativa del sistema nervioso, no especificada|Z59.3: Problemas relacionados con la vida en una institución residencial||||||||||F25
K56.2: Vólvulo|I10: Hipertensión esencial (primaria)|E78.5: Hiperlipidemia, no especificada||G31.9: Enfermedad degenerativa del sistema nervioso, no especificada|F09: Trastorno mental no especificado debido a afección fisiológica conocida|G40.909: Epilepsia, no especificada, no intratable, sin estado de mal epiléptico|||||||||||||||F25
|E11.9: Diabetes mellitus tipo 2 sin complicaciones|B18.2: Hepatitis vírica crónica tipo C|D18.03: Hemangioma de estructuras intraabdominales||||||||||||||||||F20
|F12.10: Abuso de cannabis, sin complicaciones|S43.006A: Luxación no especificada de articulación de hombro no especificado, contacto inicial|S06.0X0A: Conmoción sin pérdida de conciencia, contacto inicial|Z91.19: Incumplimiento del paciente con otro tratamiento y régimen médico|||||||||||||||||F20
|Z59.3: Problemas relacionados con la vida en una institución residencial|Z04.6: Contacto para reconocimiento médico psiquiátrico general, solicitado por la autoridad|||||||||||||||||||F20
J44.1: Enfermedad pulmonar obstructiva crónica con exacerbación (aguda)|J96.20: Insuficiencia respiratoria aguda y crónica no especificada si con hipoxia o con hipercapnia|J98.8: Otros trastornos respiratorios especificados|M48.50XA: Vértebra colapsada, no clasificada bajo otro concepto, localización no especificada, contacto inicial por fractura|G82.20: Paraplejia, no especificada|Z99.3: Dependencia a silla de ruedas||E11.9: Diabetes mellitus tipo 2 sin complicaciones|Z79.4: Uso prolongado (actual) de insulina|J86.9: Piotórax sin fístula|D50.9: Anemia ferropénica, no especificada|K57.30: Diverticulosis de colon sin perforación ni absceso, sin hemorragia|E78.0: Hipercolesterolemia pura|E66.9: Obesidad, no especificada|E66.9: Obesidad, no especificada|||||||F20
|J44.1: Enfermedad pulmonar obstructiva crónica con exacerbación (aguda)|J96.10: Insuficiencia respiratoria crónica no especificada si con hipoxia o con hipercapnia|Z99.0: Dependencia de aspirador|E11.9: Diabetes mellitus tipo 2 sin complicaciones|K57.30: Diverticulosis de colon sin perforación ni absceso, sin hemorragia|Z04.6: Contacto para reconocimiento médico psiquiátrico general, solicitado por la autoridad|Z59.3: Problemas relacionados con la vida en una institución residencial|F17.200: Dependencia de nicotina no especificada, sin complicaciones|F10.10: Abuso de alcohol, sin complicaciones|M48.50XA: Vértebra colapsada, no clasificada bajo otro concepto, localización no especificada, contacto inicial por fractura|G82.20: Paraplejia, no especificada|R68.89: Otros síntomas y signos generales|Z99.3: Dependencia a silla de ruedas|Z99.3: Dependencia a silla de ruedas|||||||F20
J44.1: Enfermedad pulmonar obstructiva crónica con exacerbación (aguda)|J96.20: Insuficiencia respiratoria aguda y crónica no especificada si con hipoxia o con hipercapnia|Z99.81: Dependencia de oxígeno suplementario|N18.3: Enfermedad renal crónica, estadio 3 (moderada)|D63.1: Anemia en enfermedad renal crónica|N13.9: Uropatía obstructiva y por reflujo, no especificada|E11.9: Diabetes mellitus tipo 2 sin complicaciones|Z79.4: Uso prolongado (actual) de insulina|J44.9: Enfermedad pulmonar obstructiva crónica, no especificada|I27.81: Cor pulmonale (crónico)|J86.9: Piotórax sin fístula|B90.9: Secuelas de tuberculosis respiratoria y de tuberculosis no especificada|G82.20: Paraplejia, no especificada|||||||||F20
N39.0: Infección de tracto urinario, localización no especificada|B96.20: Escherichia coli [E. coli] no especificado como causa de enfermedades clasificadas bajo otro concepto|B96.89: Otros agentes bacterianos como causa de enfermedades clasificadas bajo otro concepto|I12.9: Enfermedad renal crónica hipertensiva con enfermedad renal crónica en estadio 1 a 4 o con enfermedad renal crónica no especificada|N18.3: Enfermedad renal crónica, estadio 3 (moderada)|K59.00: Estreñimiento, no especificado||F30.2: Episodio maníaco, grave, con síntomas psicóticos|Z59.3: Problemas relacionados con la vida en una institución residencial|Z79.82: Uso prolongado (actual) de aspirina||||||||||||F22
K56.2: Vólvulo|I12.9: Enfermedad renal crónica hipertensiva con enfermedad renal crónica en estadio 1 a 4 o con enfermedad renal crónica no especificada|N18.9: Enfermedad renal crónica, no especificada|G30.9: Enfermedad de Alzheimer, no especificada|F02.80: Demencia en otras enfermedades clasificadas bajo otro concepto, gravedad no especificada, sin alteración del comportamiento, alteración psicótica, alteración del estado de ánimo ni ansiedad||F31.9: Trastorno bipolar, no especificado|Z59.3: Problemas relacionados con la vida en una institución residencial|Z74.1: Necesidad de asistencia con cuidado personal|Z90.49: Ausencia adquirida de otras partes especificadas del tracto digestivo|Z90.710: Ausencia adquirida de ambos, de cuello uterino y de útero|Z90.722: Ausencia adquirida de ovarios, bilateral|Z79.82: Uso prolongado (actual) de aspirina|||||||||F22
K56.2: Vólvulo|I12.9: Enfermedad renal crónica hipertensiva con enfermedad renal crónica en estadio 1 a 4 o con enfermedad renal crónica no especificada|N18.9: Enfermedad renal crónica, no especificada|G30.9: Enfermedad de Alzheimer, no especificada|F02.80: Demencia en otras enfermedades clasificadas bajo otro concepto, gravedad no especificada, sin alteración del comportamiento, alteración psicótica, alteración del estado de ánimo ni ansiedad||F31.9: Trastorno bipolar, no especificado|Z90.49: Ausencia adquirida de otras partes especificadas del tracto digestivo|Z90.710: Ausencia adquirida de ambos, de cuello uterino y de útero|Z90.722: Ausencia adquirida de ovarios, bilateral|Z79.82: Uso prolongado (actual) de aspirina|Z74.3: Necesidad de supervisión continua|Z59.3: Problemas relacionados con la vida en una institución residencial|||||||||F22
J98.8: Otros trastornos respiratorios especificados|N17.9: Fallo renal agudo, no especificado|I12.9: Enfermedad renal crónica hipertensiva con enfermedad renal crónica en estadio 1 a 4 o con enfermedad renal crónica no especificada|N18.4: Enfermedad renal crónica, estadio 4 (grave)|K59.00: Estreñimiento, no especificado|G20: Enfermedad de Parkinson||F31.9: Trastorno bipolar, no especificado|Z74.1: Necesidad de asistencia con cuidado personal|Z59.3: Problemas relacionados con la vida en una institución residencial|Z90.49: Ausencia adquirida de otras partes especificadas del tracto digestivo|Z90.710: Ausencia adquirida de ambos, de cuello uterino y de útero|Z90.722: Ausencia adquirida de ovarios, bilateral|Z90.79: Ausencia adquirida de otro (-s) órgano (-s) genital (-es)|Z90.79: Ausencia adquirida de otro (-s) órgano (-s) genital (-es)|Z79.82: Uso prolongado (actual) de aspirina||||||F22
K35.2: Apendicitis aguda con peritonitis generalizada|K76.0: Hígado graso (degeneración grasa) de hígado, no clasificado bajo otro concepto|F25.9: Trastorno esquizoafectivo, no especificado|||||||||||||||||||F20
F60.0: Trastorno de personalidad paranoide|F60.1: Trastorno esquizoide de personalidad||E11.9: Diabetes mellitus tipo 2 sin complicaciones|I48.0: Fibrilación paroxística auricular|F79: Discapacidad intelectual no especificada|Z91.5: Historia personal de autolesión|Z91.19: Incumplimiento del paciente con otro tratamiento y régimen médico||||||||||||||F21
|F70: Discapacidad intelectual leve|I88.9: Linfadenitis inespecífica no especificada|Z59.3: Problemas relacionados con la vida en una institución residencial||||||||||||||||||F20
|F70: Discapacidad intelectual leve|Z59.3: Problemas relacionados con la vida en una institución residencial|E78.9: Trastorno del metabolismo de las lipoproteínas, no especificado||||||||||||||||||F20
K02.9: Caries dental, no especificada|I88.9: Linfadenitis inespecífica no especificada||F79: Discapacidad intelectual no especificada||||||||||||||||||F20
J44.0: Enfermedad pulmonar obstructiva crónica con infección (aguda) de las vías respiratorias inferiores|J20.9: Bronquitis aguda, no especificada|F17.210: Dependencia de nicotina, cigarrillos, sin complicaciones|||||||||||||||||||F20
J20.9: Bronquitis aguda, no especificada|R78.81: Bacteriemia|B95.2: Enterococos como causa de enfermedades clasificadas bajo otro concepto||F79: Discapacidad intelectual no especificada|F10.20: Dependencia de alcohol, sin complicaciones|F17.200: Dependencia de nicotina no especificada, sin complicaciones|||||||||||||||F20
C7A.1: Tumores neuroendocrinos malignos mal diferenciados|C7B.01: Tumores carcinoides secundarios de ganglios linfáticos a distancia|J96.00: Insuficiencia respiratoria aguda no especificada si con hipoxia o con hipercapnia|E11.9: Diabetes mellitus tipo 2 sin complicaciones|I10: Hipertensión esencial (primaria)|S22.009A: Fractura no especificada de vértebra dorsal no especificada, contacto inicial por fractura cerrada|K80.20: Cálculo de vesícula biliar sin colecistitis sin obstrucción||F17.200: Dependencia de nicotina no especificada, sin complicaciones|Z60.2: Problemas relacionados con vivir solo||||||||||||F20
S82.191A: Otra fractura de extremo superior de tibia derecha, contacto inicial por fractura cerrada|S82.831A: Otra fractura de extremos superior e inferior de peroné derecho, contacto inicial por fractura cerrada|X58.XXXA: Exposición a otros factores especificados, contacto inicial|J44.9: Enfermedad pulmonar obstructiva crónica, no especificada||G40.909: Epilepsia, no especificada, no intratable, sin estado de mal epiléptico|I25.9: Enfermedad isquémica crónica cardiaca, no especificada|Z86.19: Historia personal de otras enfermedades infecciosas y parasitarias|M48.02: Estenosis vertebral, región cervical|G95.9: Enfermedades de la médula espinal, no especificadas|E78.5: Hiperlipidemia, no especificada|Z88.0: Estado de alergia a penicilina|Z79.82: Uso prolongado (actual) de aspirina|Z85.21: Historia personal de neoplasia maligna de laringe|Z85.21: Historia personal de neoplasia maligna de laringe|Z90.02: Ausencia adquirida de laringe||||||F22
G40.909: Epilepsia, no especificada, no intratable, sin estado de mal epiléptico|F17.210: Dependencia de nicotina, cigarrillos, sin complicaciones|F10.21: Dependencia de alcohol, en remisión|I25.2: Infarto de miocardio antiguo|J44.9: Enfermedad pulmonar obstructiva crónica, no especificada|F60.9: Trastorno de personalidad, no especificado||Z59.3: Problemas relacionados con la vida en una institución residencial|Z86.73: Historia personal de ataque isquémico transitorio (AIT) e infarto cerebral sin déficits residuales|Z79.82: Uso prolongado (actual) de aspirina|Z99.81: Dependencia de oxígeno suplementario|Z85.21: Historia personal de neoplasia maligna de laringe|Z85.89: Historia personal de neoplasia maligna de otros órganos y sistemas|||||||||F29
A41.51: Sepsis por Escherichia coli [E. coli]|R65.21: Sepsis grave con shock séptico|J43.9: Enfisema, no especificado|J96.10: Insuficiencia respiratoria crónica no especificada si con hipoxia o con hipercapnia|I10: Hipertensión esencial (primaria)|G40.909: Epilepsia, no especificada, no intratable, sin estado de mal epiléptico|M48.02: Estenosis vertebral, región cervical|I69.351: Hemiplejia y hemiparesia tras infarto cerebral con afectación de lado derecho dominante|I25.2: Infarto de miocardio antiguo||Z87.891: Historia personal de dependencia a nicotina|Z86.59: Historia personal de otros trastornos mentales y del comportamiento|Z99.81: Dependencia de oxígeno suplementario|Z79.82: Uso prolongado (actual) de aspirina|Z79.82: Uso prolongado (actual) de aspirina|Z59.3: Problemas relacionados con la vida en una institución residencial||||||F29
K56.3: Íleo por cálculo biliar|E11.9: Diabetes mellitus tipo 2 sin complicaciones|E87.6: Hipopotasemia|G20: Enfermedad de Parkinson|H91.90: Pérdida de audición no especificada, oído no especificado|||||||||||||||||F20
|F60.89: Otros tipos de trastornos específicos de personalidad|Z91.19: Incumplimiento del paciente con otro tratamiento y régimen médico|||||||||||||||||||F20
|L40.0: Psoriasis vulgar|H54.10: Ceguera, un ojo, baja visión en el otro ojo, ojo no especificado|Z04.6: Contacto para reconocimiento médico psiquiátrico general, solicitado por la autoridad||||||||||||||||||F20
|L40.0: Psoriasis vulgar|H54.10: Ceguera, un ojo, baja visión en el otro ojo, ojo no especificado|Z04.6: Contacto para reconocimiento médico psiquiátrico general, solicitado por la autoridad|Z91.19: Incumplimiento del paciente con otro tratamiento y régimen médico|||||||||||||||||F20
K80.12: Cálculo de vesícula biliar con colecistitis aguda y crónica sin obstrucción|I10: Hipertensión esencial (primaria)|E11.9: Diabetes mellitus tipo 2 sin complicaciones|F41.8: Otros trastornos de ansiedad especificados||Z86.718: Historia personal de otro tipo de trombosis y embolia venosas|Z90.49: Ausencia adquirida de otras partes especificadas del tracto digestivo|||||||||||||||F22
E04.2: Bocio multinodular no tóxico|I10: Hipertensión esencial (primaria)|E11.9: Diabetes mellitus tipo 2 sin complicaciones|F41.8: Otros trastornos de ansiedad especificados|Z86.718: Historia personal de otro tipo de trombosis y embolia venosas|Z90.49: Ausencia adquirida de otras partes especificadas del tracto digestivo||K44.9: Hernia diafragmática sin obstrucción ni gangrena|M51.26: Otros desplazamientos de disco intervertebral, región lumbar|||||||||||||F22
|F43.23: Trastorno adaptativo mixto, con ansiedad y depresión|I10: Hipertensión esencial (primaria)|Z81.8: Historia familiar de otros trastornos mentales y del comportamiento||||||||||||||||||F22
|L30.9: Dermatitis, no especificada||||||||||||||||||||F22
T46.5X5A: Efecto adverso de otros fármacos antihipertensivos, contacto inicial|R00.1: Bradicardia, no especificada|I10: Hipertensión esencial (primaria)|I48.0: Fibrilación paroxística auricular|E78.5: Hiperlipidemia, no especificada|E11.9: Diabetes mellitus tipo 2 sin complicaciones|Z79.4: Uso prolongado (actual) de insulina|N81.10: Cistocele, no especificado|R32: Incontinencia urinaria no especificada|G30.9: Enfermedad de Alzheimer, no especificada|F02.80: Demencia en otras enfermedades clasificadas bajo otro concepto, gravedad no especificada, sin alteración del comportamiento, alteración psicótica, alteración del estado de ánimo ni ansiedad|G25.0: Temblor esencial||Z59.3: Problemas relacionados con la vida en una institución residencial|Z59.3: Problemas relacionados con la vida en una institución residencial|Z88.0: Estado de alergia a penicilina|Z88.1: Estado de alergia a otros antibióticos|Z98.42: Estado de extracción de catarata, ojo izquierdo||||F25
|E11.9: Diabetes mellitus tipo 2 sin complicaciones|F17.200: Dependencia de nicotina no especificada, sin complicaciones|E78.0: Hipercolesterolemia pura|E66.9: Obesidad, no especificada|J44.9: Enfermedad pulmonar obstructiva crónica, no especificada||||||||||||||||F20
J98.8: Otros trastornos respiratorios especificados|J96.00: Insuficiencia respiratoria aguda no especificada si con hipoxia o con hipercapnia|G47.33: Apnea obstructiva del sueño (del adulto) (pediátrica)|I49.8: Otras arritmias cardiacas especificadas||I87.2: Insuficiencia venosa (crónica) (periférica)|F17.200: Dependencia de nicotina no especificada, sin complicaciones|||||||||||||||F20
|I10: Hipertensión esencial (primaria)||||||||||||||||||||F25
M17.9: Artrosis de rodilla no especificada|||||||||||||||||||||F20
|F32.9: Trastorno depresivo mayor, episodio único, no especificado||||||||||||||||||||F20
|Z91.19: Incumplimiento del paciente con otro tratamiento y régimen médico|Z60.2: Problemas relacionados con vivir solo|||||||||||||||||||F20
S72.099A: Otra fractura de cabeza y cuello de fémur no especificado, contacto inicial por fractura cerrada|I12.9: Enfermedad renal crónica hipertensiva con enfermedad renal crónica en estadio 1 a 4 o con enfermedad renal crónica no especificada|N18.9: Enfermedad renal crónica, no especificada|J45.909: Asma no especificada, sin complicaciones|Z86.718: Historia personal de otro tipo de trombosis y embolia venosas|R78.89: Hallazgo de otras sustancias especificadas, que no se encuentran normalmente en sangre||||||||||||||||F20
I26.99: Otra embolia pulmonar sin cor pulmonale agudo|L03.119: Celulitis de parte no especificada de las extremidades|N17.9: Fallo renal agudo, no especificado|I12.9: Enfermedad renal crónica hipertensiva con enfermedad renal crónica en estadio 1 a 4 o con enfermedad renal crónica no especificada|N18.9: Enfermedad renal crónica, no especificada|J45.909: Asma no especificada, sin complicaciones||R78.89: Hallazgo de otras sustancias especificadas, que no se encuentran normalmente en sangre|Z86.718: Historia personal de otro tipo de trombosis y embolia venosas|Z79.01: Uso prolongado (actual) de anticoagulantes|Z96.649: Presencia de articulación de cadera artificial, no especificada|Z89.129: Ausencia adquirida de muñeca no especificada|Z59.3: Problemas relacionados con la vida en una institución residencial|||||||||F20
|F60.89: Otros tipos de trastornos específicos de personalidad|F12.10: Abuso de cannabis, sin complicaciones|F14.10: Abuso de cocaína, sin complicaciones|F19.10: Abuso de otra sustancia psicoactiva, sin complicaciones|G40.909: Epilepsia, no especificada, no intratable, sin estado de mal epiléptico||||||||||||||||F29
|F12.10: Abuso de cannabis, sin complicaciones|F10.10: Abuso de alcohol, sin complicaciones|F14.10: Abuso de cocaína, sin complicaciones|G40.901: Epilepsia, no especificada, no intratable, con estado de mal epiléptico|||||||||||||||||F20
|E11.9: Diabetes mellitus tipo 2 sin complicaciones|I50.9: Insuficiencia cardiaca, no especificada|Z60.2: Problemas relacionados con vivir solo||||||||||||||||||F29
I62.03: Hemorragia subdural crónica no traumática|I10: Hipertensión esencial (primaria)|R32: Incontinencia urinaria no especificada|G20: Enfermedad de Parkinson|E03.9: Hipotiroidismo, no especificado|E11.9: Diabetes mellitus tipo 2 sin complicaciones||||||||||||||||F22
I44.2: Bloqueo auriculoventricular, completo|I50.9: Insuficiencia cardiaca, no especificada||||||||||||||||||||F20
|F10.20: Dependencia de alcohol, sin complicaciones||||||||||||||||||||F25
|F12.10: Abuso de cannabis, sin complicaciones|Z56.0: Desempleo, no especificado|||||||||||||||||||F23
F33.3: Trastorno depresivo mayor, recurrente grave con síntomas psicóticos||G31.84: Deterioro cognitivo leve de etiología incierta o desconocida|||||||||||||||||||F22
K26.4: Úlcera duodenal crónica o no especificada con hemorragia|R57.8: Otros tipos de shock|T82.7XXA: Infección y reacción inflamatoria por (debida a) otros dispositivos, implantes e injertos cardiacos y vasculares, contacto inicial|A49.02: Infección por Staphylococcus aureus resistente a meticilina, localización no especificada|R50.81: Fiebre asociada a afecciones clasificadas bajo otro concepto|I11.9: Enfermedad cardiaca hipertensiva sin insuficiencia cardiaca|E11.9: Diabetes mellitus tipo 2 sin complicaciones|||||||||||||||F20
